ffmpeg_write_finished_ms,ffmpeg_write_started_ms,frame_scheduled_ms,future_completed_ms,in_flight_at_ordered,in_flight_at_schedule,index,job_submitted_ms,ordered_output_ms,queue_put_finished_ms,queue_put_started_ms,result_observed_ms,shm_copy_finished_ms,shm_released_ms,shm_view_ready_ms,slot_acquired_ms,submit_started_ms,worker_clear_finished_ns,worker_clear_started_ns,worker_done_ms,worker_pid,worker_render_finished_ms,worker_render_started_ms,worker_started_ms,worker_zero_copy,writer_dequeued_ms,writer_queue_depth_after_get,writer_requested_bytes,writer_returned_bytes,writer_write_calls
2601.1537,2599.3526,753.7503,2599.173,8,0,0,1392.6957,2599.2388,2599.2603,2599.241,2599.1773,1586.3528,2601.1767,2599.248,753.7695,753.7741,,,1586.3528,2116,1583.2403,1393.2323,1393.2179,False,2599.3433,4,4206272,4206272,1
2707.5234,2601.2058,1392.7041,2599.2282,7,1,1,1964.5702,2599.264,2599.2735,2599.2663,2599.2295,1597.9375,2707.5387,2599.2699,1392.7266,1392.7335,,,1597.9375,2116,1594.1338,1586.7831,1586.7723,False,2601.2024,3,4206272,4206272,1
3158.877,2707.5615,1964.5758,2599.194,6,2,2,1964.6416,2599.2755,2599.2826,2599.2771,2599.1964,1975.4034,3158.8901,2599.2797,1964.5937,1964.5969,,,1975.4034,2116,1972.188,1965.0864,1965.0752,False,2707.5594,2,4206272,4206272,1
3160.9722,3158.9075,1964.6438,2599.2078,5,3,3,1964.6744,2599.2842,2599.2914,2599.2858,2599.2094,2150.0993,3160.9838,2599.2887,1964.6538,1964.6556,,,2150.0993,33504,2146.0454,1965.1784,1965.1638,False,3158.9053,1,4206272,4206272,1
3166.4979,3160.9968,1964.6759,2599.2184,4,4,4,2598.9228,2599.2928,2599.2994,2599.2942,2599.2197,1985.6965,3166.5121,2599.2967,1964.6811,1964.6827,,,1985.6965,2116,1982.9455,1975.652,1975.6446,False,3160.9948,0,4206272,4206272,1
3291.7993,3290.5917,2598.9323,3290.4997,8,5,5,2599.0226,3290.5232,3290.5379,3290.5244,3290.501,2612.0365,3291.8086,3290.528,2598.9586,2598.9638,,,2612.0365,2116,2609.2534,2599.847,2599.8318,False,3290.5874,3,4206272,4206272,1
3293.9624,3291.8176,2599.026,3290.5153,7,6,6,2599.0955,3290.5404,3290.5464,3290.5417,3290.5163,2618.1544,3293.9772,3290.5438,2599.0637,2599.0665,,,2618.1544,33504,2615.106,2599.9315,2599.9137,False,3291.8169,2,4206272,4206272,1
3296.771,3293.9924,2599.0978,3290.4874,6,7,7,2599.1419,3290.5477,3290.553,3290.5488,3290.4901,2836.8498,3296.7864,3290.5506,2599.1121,2599.1148,,,2836.8498,44060,2833.5507,2600.0019,2599.9845,False,3293.99,1,4206272,4206272,1
3298.3163,3296.8011,2599.3024,3290.5079,5,3,8,3290.2471,3290.5542,3290.5594,3290.5553,3290.5089,2625.0247,3298.3395,3290.5572,2601.2827,2601.2967,,,2625.0247,2116,2623.8259,2612.3981,2612.3906,False,3296.7994,0,4206272,4206272,1
3312.1189,3311.0082,3290.2569,3310.864,8,4,9,3290.3226,3310.889,3310.9169,3310.8914,3310.8673,3310.3763,3312.144,3310.9004,3290.2755,3290.2785,,,3310.3763,33504,3304.2732,3291.0492,3291.0367,False,3310.9978,1,4206272,4206272,1
3318.6325,3312.1675,3290.3266,3306.831,7,5,10,3290.3551,3310.9205,3310.928,3310.9223,3306.8348,3306.0849,3318.6714,3310.925,3290.3361,3290.3378,,,3306.0849,2116,3302.3423,3291.1247,3291.1107,False,3312.1656,0,4206272,4206272,1
3320.6669,3319.0983,3290.357,3318.9818,8,6,11,3290.406,3319.0095,3319.0343,3319.0115,3318.9876,3310.5048,3320.6816,3319.0187,3290.3645,3290.3658,,,3310.5048,44060,3305.0521,3291.1818,3291.1656,False,3319.093,0,4206272,4206272,1
3505.6053,3504.9434,3290.4104,3504.8291,8,7,12,3290.4562,3504.8444,3504.8581,3504.8455,3504.8317,3504.4243,3505.6152,3504.8489,3290.4246,3290.4275,,,3504.4243,6312,3501.2742,3291.2521,3291.2343,False,3504.939,7,4206272,4206272,1
3506.6595,3505.6263,3290.5615,3321.6155,7,4,13,3292.0335,3504.8624,3504.8675,3504.8636,3321.62,3320.6627,3506.6703,3504.8654,3291.8687,3291.886,,,3320.6627,2116,3317.005,3306.5825,3306.5639,False,3505.6253,6,4206272,4206272,1
3508.211,3506.6795,3292.0405,3325.5406,6,5,14,3294.2497,3504.8686,3504.8728,3504.8697,3325.5446,3324.8999,3508.2219,3504.8711,3294.0487,3294.0627,,,3324.8999,33504,3322.2303,3310.7538,3310.7415,False,3506.6781,5,4206272,4206272,1
3509.7848,3508.2309,3294.2616,3327.8032,5,6,15,3297.0429,3504.8736,3504.8777,3504.8748,3327.8057,3327.0616,3509.7948,3504.8761,3296.8733,3296.884,,,3327.0616,44060,3324.8606,3310.9544,3310.9415,False,3508.2297,4,4206272,4206272,1
3511.7213,3509.8039,3297.0551,3334.7466,4,7,16,3298.441,3504.8785,3504.8826,3504.8794,3334.7495,3334.0811,3511.7364,3504.8811,3298.3886,3298.3942,,,3334.0811,2116,3331.689,3321.4945,3321.4814,False,3509.803,3,4206272,4206272,1
3513.9499,3511.7508,3310.9314,3337.8821,3,6,17,3312.4461,3504.8834,3504.8874,3504.8843,3337.8847,3337.4219,3513.9625,3504.8857,3312.257,3312.2706,,,3337.4219,33504,3335.5178,3325.3561,3325.3439,False,3511.7489,2,4206272,4206272,1
3515.6542,3513.9728,3312.4507,3342.3627,2,7,18,3318.9176,3504.8882,3504.8932,3504.8896,3342.3656,3341.9547,3515.6697,3504.8916,3318.7857,3318.7973,,,3341.9547,44060,3339.1151,3327.6066,3327.5931,False,3513.9715,1,4206272,4206272,1
3517.6445,3515.6812,3319.0403,3343.8535,1,7,19,3320.7798,3504.894,3504.8981,3504.8951,3343.8555,3343.5112,3517.6649,3504.8965,3320.7273,3320.7317,,,3343.5112,2116,3341.1434,3334.5636,3334.552,False,3515.6797,0,4206272,4206272,1
3532.8925,3527.3721,3504.8995,3527.3004,8,0,20,3505.7144,3527.3115,3527.3291,3527.3127,3527.3022,3526.711,3532.9124,3527.3177,3505.6514,3505.655,,,3526.711,33504,3518.5278,3506.0077,3505.9915,False,3527.3673,0,4206272,4206272,1
3534.4462,3533.2014,3505.7215,3533.1159,8,1,21,3506.8926,3533.1317,3533.1493,3533.133,3533.1195,3527.2905,3534.4603,3533.1391,3506.7557,3506.7646,,,3527.2905,44060,3520.9766,3507.3016,3507.286,False,3533.198,1,4206272,4206272,1
3536.4686,3534.4729,3506.8975,3527.1146,7,2,22,3508.3829,3533.1527,3533.1594,3533.1544,3527.1182,3526.4079,3536.4794,3533.1572,3508.2684,3508.2712,,,3526.4079,2116,3520.2047,3508.6771,3508.656,False,3534.4715,0,4206272,4206272,1
3538.4326,3536.6543,3508.3888,3536.5931,8,3,23,3509.9646,3536.6086,3536.6217,3536.61,3536.5959,3534.6232,3538.4471,3536.6144,3509.8558,3509.864,,,3534.6232,6312,3528.5605,3510.3677,3510.3424,False,3536.6517,0,4206272,4206272,1
3543.7219,3542.792,3509.9715,3542.6161,8,4,24,3511.8318,3542.6745,3542.7169,3542.6776,3542.6267,3541.902,3543.7366,3542.6934,3511.7855,3511.7895,,,3541.902,2116,3537.7732,3526.9016,3526.887,False,3542.7833,0,4206272,4206272,1
3547.4531,3546.5072,3511.8354,3546.4176,8,5,25,3514.0544,3546.4308,3546.4488,3546.4325,3546.4206,3545.8033,3547.464,3546.4398,3514.004,3514.0078,,,3545.8033,33504,3540.6421,3527.1883,3527.176,False,3546.5008,1,4206272,4206272,1
3563.2191,3547.4734,3514.0576,3545.6056,7,6,26,3515.8556,3546.4527,3546.459,3546.4538,3545.6126,3545.0447,3563.2515,3546.4565,3515.7438,3515.7513,,,3545.0447,44060,3540.6131,3527.8139,3527.7874,False,3547.4724,0,4206272,4206272,1
3565.819,3563.6345,3515.862,3563.5551,8,7,27,3517.8951,3563.5637,3563.581,3563.5649,3563.5561,3557.8837,3565.8315,3563.5716,3517.7567,3517.7703,,,3557.8837,6312,3551.6067,3535.7533,3535.7416,False,3563.6297,1,4206272,4206272,1
3567.5041,3565.8436,3527.3337,3563.5391,7,7,28,3533.0806,3563.585,3563.5905,3563.5861,3563.5425,3560.2192,3567.5167,3563.5881,3532.9878,3532.9938,,,3560.2192,2116,3557.1544,3542.4587,3542.4425,False,3565.8423,0,4206272,4206272,1
3568.8096,3567.7707,3533.1612,3567.6896,8,6,29,3534.7139,3567.698,3567.7173,3567.6993,3567.6911,3563.4344,3568.8209,3567.7048,3534.5211,3534.5296,,,3563.4344,44060,3558.164,3545.5077,3545.4879,False,3567.7666,1,4206272,4206272,1
3570.3396,3568.8308,3534.7342,3567.673,7,7,30,3536.5605,3567.72,3567.7263,3567.7211,3567.6778,3564.995,3570.354,3567.7239,3536.5142,3536.5181,,,3564.995,33504,3559.6127,3546.5083,3546.4904,False,3568.8294,0,4206272,4206272,1
3579.5145,3578.0817,3536.6258,3578.0139,8,7,31,3538.5372,3578.0354,3578.0557,3578.037,3578.0182,3577.3522,3579.5493,3578.0434,3538.4835,3538.4868,,,3577.3522,6312,3572.6077,3558.493,3558.4702,False,3578.0766,0,4206272,4206272,1
3582.5408,3580.6152,3542.7245,3580.529,8,7,32,3543.8504,3580.5516,3580.5722,3580.5532,3580.5327,3579.6312,3582.5556,3580.5611,3543.7811,3543.7854,,,3579.6312,2116,3575.3444,3560.7415,3560.7194,False,3580.6114,0,4206272,4206272,1
3595.6634,3583.435,3546.4612,3583.3594,8,6,33,3547.5866,3583.3757,3583.3936,3583.377,3583.3628,3582.3618,3595.6807,3583.3844,3547.508,3547.5127,,,3582.3618,44060,3577.3226,3564.3524,3564.3166,False,3583.431,0,4206272,4206272,1
3598.1291,3596.0317,3547.5902,3595.9476,8,7,34,3563.5005,3595.9635,3595.9791,3595.9646,3595.9502,3585.3038,3598.1607,3595.969,3563.3915,3563.4041,,,3585.3038,33504,3578.4169,3565.758,3565.7399,False,3596.0258,0,4206272,4206272,1
3600.7376,3599.6749,3563.5924,3598.723,8,6,35,3565.9302,3599.0463,3599.4951,3599.0487,3599.0192,3595.9055,3600.7484,3599.0598,3565.8759,3565.8802,,,3595.9055,6312,3592.1867,3577.8132,3577.7983,False,3599.6663,0,4206272,4206272,1
3604.6983,3603.8721,3565.9341,3603.7822,8,7,36,3567.6347,3603.8041,3603.8273,3603.8058,3603.7861,3602.8881,3604.7205,3603.8129,3567.5827,3567.5866,,,3602.8881,2116,3598.5873,3580.3627,3580.336,False,3603.8671,0,4206272,4206272,1
3606.5356,3604.9629,3567.7283,3604.8731,8,6,37,3568.9081,3604.8884,3604.9077,3604.8898,3604.8761,3603.8383,3606.5456,3604.8958,3568.862,3568.866,,,3603.8383,44060,3599.1047,3582.887,3582.8737,False,3604.9538,0,4206272,4206272,1
3609.3558,3608.4322,3568.911,3608.3463,8,7,38,3570.4363,3608.3617,3608.3785,3608.363,3608.3491,3607.8914,3609.3644,3608.3684,3570.3904,3570.3929,,,3607.8914,33504,3602.847,3585.7388,3585.7252,False,3608.4286,0,4206272,4206272,1
3623.4225,3621.9286,3578.0593,3621.7377,8,7,39,3579.7674,3621.7728,3621.8135,3621.7751,3621.7427,3620.7656,3623.4461,3621.7888,3579.6674,3579.6752,,,3620.7656,6312,3615.117,3596.6344,3596.5987,False,3621.912,0,4206272,4206272,1
3636.5357,3624.2257,3580.578,3624.1506,8,7,40,3582.6475,3624.1642,3624.1799,3624.1654,3624.1531,3622.7815,3636.564,3624.1714,3582.5962,3582.6015,,,3622.7815,2116,3617.7842,3603.6456,3603.619,False,3624.2218,1,4206272,4206272,1
3642.129,3636.5903,3583.3978,3623.685,7,7,41,3595.9171,3624.1835,3624.1894,3624.1846,3623.6903,3622.4411,3642.1759,3624.1868,3595.7693,3595.7794,,,3622.4411,44060,3617.1194,3604.5225,3604.4981,False,3636.5864,0,4206272,4206272,1
3648.5129,3642.4439,3595.9857,3642.3576,8,7,42,3598.4993,3642.365,3642.378,3642.3659,3642.3584,3626.529,3648.5421,3642.3704,3598.2447,3598.2513,,,3626.529,33504,3622.1523,3608.2602,3608.2489,False,3642.4345,0,4206272,4206272,1
3652.5888,3648.9815,3599.5054,3648.828,8,7,43,3600.8423,3648.8735,3648.8989,3648.8758,3648.8357,3644.0591,3652.6113,3648.8844,3600.791,3600.7949,,,3644.0591,6312,3637.0078,3621.5423,3621.5091,False,3648.9769,3,4206272,4206272,1
3654.4817,3652.6311,3603.8332,3642.3504,7,7,44,3604.8457,3648.9061,3648.9148,3648.9091,3642.3516,3639.2582,3654.5118,3648.9119,3604.7915,3604.7961,,,3639.2582,44060,3633.4052,3623.3131,3623.2435,False,3652.6286,2,4206272,4206272,1
3656.4351,3654.5725,3604.9128,3642.3376,6,7,45,3606.6095,3648.9167,3648.9235,3648.9189,3642.3405,3640.0545,3656.464,3648.9217,3606.5731,3606.576,,,3640.0545,2116,3636.9499,3623.6035,3623.5698,False,3654.5668,1,4206272,4206272,1
3657.9808,3656.4882,3608.3832,3648.8582,5,7,46,3609.4472,3648.9246,3648.9295,3648.9255,3648.8601,3644.1119,3657.9918,3648.9273,3609.3967,3609.4009,,,3644.1119,33504,3639.1688,3626.9249,3626.9112,False,3656.4863,0,4206272,4206272,1
3659.7428,3659.0572,3621.8208,3658.9648,8,7,47,3623.6406,3658.9827,3659.0012,3658.9842,3658.9683,3658.3903,3659.753,3658.9901,3623.5628,3623.5689,,,3658.3903,44060,3653.5245,3640.0192,3639.9844,False,3659.0526,1,4206272,4206272,1
3662.5198,3659.7624,3624.1914,3658.1962,7,6,48,3636.7446,3659.005,3659.0122,3659.0066,3658.1998,3656.6203,3662.5375,3659.0092,3636.6425,3636.6499,,,3656.6203,2116,3651.5336,3640.4891,3640.4702,False,3659.7616,0,4206272,4206272,1
3669.3234,3668.4434,3636.7511,3668.3119,8,7,49,3642.3086,3668.3338,3668.359,3668.3352,3668.3166,3667.1907,3669.3326,3668.3441,3642.2422,3642.2472,,,3667.1907,6312,3659.8985,3644.6185,3644.6078,False,3668.4366,1,4206272,4206272,1
3672.2593,3669.3444,3642.3824,3667.8986,7,7,50,3648.746,3668.3859,3668.3943,3668.3886,3667.9017,3667.2968,3672.2735,3668.3915,3648.6379,3648.6475,,,3667.2968,33504,3664.001,3649.5923,3649.5707,False,3669.3431,0,4206272,4206272,1
3684.8966,3674.8528,3648.9317,3674.7627,8,4,51,3652.9248,3674.7802,3674.7969,3674.7814,3674.7663,3674.2093,3684.9281,3674.788,3652.7115,3652.726,,,3674.2093,2116,3670.6544,3657.541,3657.5214,False,3674.8468,0,4206272,4206272,1
3687.2392,3685.2307,3652.9398,3685.1373,8,5,52,3655.0589,3685.1525,3685.172,3685.1536,3685.1407,3675.3533,3687.2514,3685.1609,3654.7637,3654.7853,,,3675.3533,44060,3671.5031,3658.9434,3658.9236,False,3685.2242,0,4206272,4206272,1
3689.1188,3687.4678,3655.0751,3687.3801,8,6,53,3656.5685,3687.393,3687.4062,3687.3943,3687.3826,3685.1,3689.1284,3687.3988,3656.5221,3656.5261,,,3685.1,33504,3680.3367,3667.7754,3667.7619,False,3687.4596,0,4206272,4206272,1
3691.4154,3690.5706,3656.5716,3690.4493,8,7,54,3658.1453,3690.4745,3690.5082,3690.4766,3690.454,3689.6747,3691.4231,3690.4857,3658.0502,3658.0567,,,3689.6747,6312,3682.2832,3667.8281,3667.8137,False,3690.565,0,4206272,4206272,1
3693.9684,3693.1303,3659.0144,3693.0574,8,6,55,3660.0571,3693.0721,3693.0867,3693.0733,3693.0603,3692.5519,3693.9837,3693.0775,3659.8264,3659.8345,,,3692.5519,2116,3686.1289,3674.6329,3674.6147,False,3693.1247,0,4206272,4206272,1
3697.0992,3694.5455,3660.0817,3694.3225,8,7,56,3662.6514,3694.3356,3694.3502,3694.3368,3694.3248,3693.7101,3697.1213,3694.341,3662.5946,3662.5995,,,3693.7101,44060,3689.1061,3676.113,3676.0744,False,3694.5408,0,4206272,4206272,1
3704.1539,3703.1314,3668.3973,3702.9415,8,6,57,3669.7044,3703.0014,3703.0463,3703.0038,3702.9523,3701.96,3704.1666,3703.0187,3669.4556,3669.4752,,,3701.96,33504,3699.72,3686.1381,3686.1113,False,3703.1245,0,4206272,4206272,1
3717.9123,3710.611,3669.7228,3710.4538,8,7,58,3672.3956,3710.4742,3710.5302,3710.4764,3710.4567,3709.7909,3717.9392,3710.4909,3672.3103,3672.3157,,,3709.7909,6312,3704.1011,3690.2212,3690.1989,False,3710.6055,1,4206272,4206272,1
3720.0615,3717.964,3674.8011,3709.7147,7,7,59,3685.0985,3710.5383,3710.5493,3710.5403,3709.7181,3708.8182,3720.0793,3710.5458,3685.0133,3685.0191,,,3708.8182,2116,3704.849,3692.9513,3692.9399,False,3717.9603,0,4206272,4206272,1
3722.4319,3720.2976,3685.1764,3720.2175,8,7,60,3687.3502,3720.2251,3720.2413,3720.2264,3720.2185,3710.9417,3722.4463,3720.2317,3687.299,3687.3039,,,3710.9417,44060,3706.9305,3694.1576,3694.1443,False,3720.2915,1,4206272,4206272,1
3724.6333,3722.4608,3687.4097,3720.2055,7,7,61,3689.1979,3720.2444,3720.2509,3720.2461,3720.2077,3718.3703,3724.652,3720.2485,3689.158,3689.1601,,,3718.3703,33504,3715.6222,3702.7036,3702.6914,False,3722.4592,0,4206272,4206272,1
3726.9199,3725.9077,3690.5148,3725.7415,8,7,62,3691.4803,3725.7596,3725.7783,3725.7614,3725.7444,3725.1709,3726.9486,3725.7674,3691.4467,3691.4487,,,3725.1709,2116,3720.2925,3709.4746,3709.4481,False,3725.8943,0,4206272,4206272,1
3736.5885,3735.8749,3693.09,3735.5686,8,7,63,3694.0652,3735.6752,3735.78,3735.6832,3735.584,3734.5818,3736.6012,3735.72,3694.0266,3694.0299,,,3734.5818,6312,3724.9752,3710.4961,3710.4751,False,3735.8698,1,4206272,4206272,1
3739.5045,3736.6146,3694.3528,3730.665,7,7,64,3697.2478,3735.7908,3735.809,3735.7952,3730.669,3729.9007,3739.559,3735.8026,3697.1713,3697.1802,,,3729.9007,44060,3725.5114,3711.994,3711.9701,False,3736.6137,0,4206272,4206272,1
3741.3391,3739.7635,3703.0553,3739.7027,8,7,65,3704.3222,3739.7149,3739.728,3739.716,3739.7053,3735.8276,3741.3543,3739.7198,3704.2293,3704.2374,,,3735.8276,33504,3733.4183,3719.497,3719.4795,False,3739.7605,0,4206272,4206272,1
3748.6393,3746.8473,3710.5528,3746.7375,8,6,66,3718.3881,3746.7618,3746.7889,3746.7641,3746.7418,3745.3884,3748.6612,3746.7726,3718.1464,3718.1676,,,3745.3884,2116,3741.9372,3725.6982,3725.6737,False,3746.8413,0,4206272,4206272,1
3761.5076,3753.5897,3718.3952,3753.5109,8,7,67,3720.1727,3753.5361,3753.5629,3753.5378,3753.5152,3752.8853,3761.5802,3753.5476,3720.1239,3720.1281,,,3752.8853,44060,3748.6869,3730.4787,3730.4617,False,3753.5841,0,4206272,4206272,1
3765.1342,3762.6512,3720.2526,3762.4842,8,6,68,3722.5827,3762.5013,3762.5194,3762.5026,3762.4876,3761.8509,3765.159,3762.5083,3722.5085,3722.5165,,,3761.8509,6312,3756.6306,3735.6393,3735.5692,False,3762.6314,0,4206272,4206272,1
3767.3491,3766.0591,3722.5874,3765.9821,8,7,69,3724.775,3765.9981,3766.0153,3765.9994,3765.9849,3764.7944,3767.3616,3766.0055,3724.7081,3724.7153,,,3764.7944,33504,3758.7159,3736.2111,3736.1944,False,3766.0554,1,4206272,4206272,1
3769.2971,3767.3769,3725.7845,3765.6773,7,7,70,3727.1764,3766.0183,3766.024,3766.0196,3765.681,3764.7266,3769.3151,3766.0216,3727.0953,3727.1027,,,3764.7266,2116,3758.4252,3746.3575,3746.3285,False,3767.3754,0,4206272,4206272,1
3772.6997,3771.7499,3735.8143,3771.6557,8,6,71,3736.8774,3771.6803,3771.7009,3771.6816,3771.661,3770.9786,3772.7143,3771.6878,3736.7121,3736.7248,,,3770.9786,44060,3766.5932,3753.4352,3753.4132,False,3771.7444,0,4206272,4206272,1
3784.9604,3784.1652,3736.8832,3783.8298,8,7,72,3739.6792,3783.9517,3784.0645,3783.9586,3783.8505,3782.7687,3784.9772,3783.9982,3739.6392,3739.6433,,,3782.7687,6312,3776.4903,3762.4062,3762.3905,False,3784.1591,0,4206272,4206272,1
3791.8105,3790.6145,3739.7311,3790.5118,8,7,73,3741.4234,3790.5253,3790.5457,3790.5267,3790.514,3789.1713,3791.8279,3790.5336,3741.3845,3741.3878,,,3789.1713,2116,3780.0191,3765.3544,3765.3384,False,3790.6076,2,4206272,4206272,1
3794.5342,3791.8436,3746.7942,3785.3085,7,7,74,3748.9431,3790.5488,3790.5553,3790.5506,3785.3119,3784.0786,3794.5466,3790.5527,3748.7424,3748.7563,,,3784.0786,33504,3780.2938,3765.428,3765.4132,False,3791.8418,1,4206272,4206272,1
3796.5753,3794.5597,3753.5673,3789.4685,6,7,75,3761.8432,3790.5571,3790.5635,3790.5583,3789.471,3788.4254,3796.5924,3790.5614,3761.7123,3761.7215,,,3788.4254,44060,3784.4082,3771.683,3771.665,False,3794.5584,0,4206272,4206272,1
3803.7271,3802.3976,3762.524,3802.287,8,7,76,3765.2751,3802.3124,3802.3384,3802.3136,3802.2922,3801.3316,3803.7461,3802.3239,3765.2205,3765.2286,,,3801.3316,6312,3796.9184,3783.9412,3783.8654,False,3802.3922,0,4206272,4206272,1
3808.1068,3806.3642,3766.0259,3805.9113,8,6,77,3767.6612,3806.2106,3806.2436,3806.2132,3805.9208,3805.2221,3808.1337,3806.2236,3767.4538,3767.4652,,,3805.2221,33504,3797.7618,3784.9535,3784.917,False,3806.3572,0,4206272,4206272,1
3813.5898,3808.9963,3767.6726,3808.7132,8,7,78,3769.4026,3808.7337,3808.7607,3808.7355,3808.7188,3807.4281,3813.6115,3808.7451,3769.3579,3769.3609,,,3807.4281,44060,3801.3963,3789.1109,3789.0866,False,3808.9885,0,4206272,4206272,1
3816.5538,3815.8655,3771.7057,3815.7887,8,7,79,3772.8441,3815.8054,3815.8223,3815.8067,3815.7916,3815.2644,3816.5645,3815.8126,3772.7639,3772.7688,,,3815.2644,2116,3810.8127,3790.5257,3790.5084,False,3815.8612,0,4206272,4206272,1
3824.0173,3823.2976,3784.0779,3823.1765,8,7,80,3785.2712,3823.1932,3823.2273,3823.1946,3823.1796,3822.302,3824.0294,3823.2065,3785.1551,3785.1609,,,3822.302,6312,3816.788,3802.1663,3802.1461,False,3823.2907,1,4206272,4206272,1
3826.763,3824.0416,3790.5654,3822.9056,7,5,81,3792.1405,3823.2321,3823.239,3823.2332,3822.91,3822.2355,3826.7782,3823.2365,3791.9219,3791.9349,,,3822.2355,33504,3818.0831,3805.6942,3805.6804,False,3824.0406,0,4206272,4206272,1
3830.6589,3829.2435,3792.1458,3829.0841,8,6,82,3794.7496,3829.1057,3829.1296,3829.1072,3829.089,3828.5447,3830.6678,3829.1143,3794.6182,3794.6282,,,3828.5447,44060,3824.4739,3808.4486,3808.4285,False,3829.2358,0,4206272,4206272,1
3838.9261,3837.7661,3794.7567,3837.5342,7,7,83,3796.7063,3837.566,3837.6715,3837.6289,3837.5399,3836.7566,3838.9319,3837.6444,3796.6508,3796.6547,,,3836.7566,2116,3832.9675,3815.6468,3815.6373,False,3837.7571,0,4206272,4206272,1
3841.1428,3839.7599,3802.3438,3839.6344,6,7,84,3803.8479,3839.6582,3839.6903,3839.6603,3839.6386,3839.1086,3841.1528,3839.67,3803.7962,3803.8,,,3839.1086,33504,3835.8733,3822.6557,3822.6431,False,3839.7552,0,4206272,4206272,1
3853.8341,3853.2537,3806.2535,3853.1375,5,7,85,3808.3144,3853.1536,3853.1713,3853.1549,3853.1403,3852.5685,3853.841,3853.1607,3808.2137,3808.2248,,,3852.5685,6312,3846.473,3822.7008,3822.6854,False,3853.2488,2,4206272,4206272,1
3855.7141,3853.8559,3808.7792,3846.4063,4,7,86,3813.7151,3853.1743,3853.1799,3853.1757,3846.416,3845.6759,3855.7258,3853.1776,3813.6617,3813.6659,,,3845.6759,44060,3842.6485,3829.0252,3829.005,False,3853.8551,1,4206272,4206272,1
3857.2609,3855.7573,3815.8266,3851.9703,3,7,87,3816.7311,3853.1812,3853.1859,3853.1825,3851.9738,3851.4231,3857.2739,3853.1841,3816.6163,3816.6225,,,3851.4231,2116,3849.219,3837.3267,3837.2976,False,3855.7536,1,4206272,4206272,1
3858.9696,3857.2908,3823.2414,3855.6339,2,6,88,3824.2271,3855.6515,3855.6652,3855.6529,3855.6375,3854.9945,3858.982,3855.6601,3824.1102,3824.1181,,,3854.9945,33504,3851.2146,3839.5292,3839.5178,False,3857.2891,0,4206272,4206272,1
3867.6385,3860.3032,3824.2337,3860.2032,1,7,89,3826.8613,3860.2194,3860.2349,3860.2213,3860.2069,3859.5712,3867.6538,3860.2252,3826.8106,3826.8137,,,3859.5712,44060,3856.2875,3846.2418,3846.2267,False,3860.3001,0,4206272,4206272,1
