ffmpeg_write_finished_ms,ffmpeg_write_started_ms,frame_scheduled_ms,future_completed_ms,in_flight_at_ordered,in_flight_at_schedule,index,job_submitted_ms,ordered_output_ms,queue_put_finished_ms,queue_put_started_ms,result_observed_ms,shm_copy_finished_ms,shm_released_ms,shm_view_ready_ms,slot_acquired_ms,submit_started_ms,worker_clear_finished_ms,worker_clear_started_ms,worker_done_ms,worker_pid,worker_render_finished_ms,worker_render_started_ms,worker_started_ms,worker_zero_copy,writer_dequeued_ms,writer_queue_depth_after_get,writer_requested_bytes,writer_returned_bytes,writer_write_calls
3097.953,3096.989,1498.0783,3096.8744,8,0,0,2054.0623,3096.9186,3096.9353,3096.9199,3096.8785,2092.996,3097.9634,3096.9255,1498.0973,1498.1015,2055.9171,2054.8194,2092.996,44372,2092.996,2055.9409,2054.7751,True,3096.9838,4,3094080,3094080,1
3225.5407,3097.9774,2054.0682,3096.8888,7,1,1,2577.7481,3096.9377,3096.9441,3096.9391,3096.8913,2100.9185,3225.5555,3096.9415,2054.0856,2054.0909,2094.2417,2093.1945,2100.9185,44372,2100.9185,2094.2521,2093.1581,True,3097.9758,3,3094080,3094080,1
3650.628,3225.5766,2577.7573,3096.9117,6,2,2,2577.8442,3096.9456,3096.9502,3096.9467,3096.9125,2585.3114,3650.6425,3096.9483,2577.7831,2577.7878,2579.5001,2578.4716,2585.3114,44372,2585.3114,2579.5148,2578.4155,True,3225.5746,2,3094080,3094080,1
3652.3057,3650.6575,2577.846,3096.8987,5,3,3,2577.9018,3096.9512,3096.9554,3096.9521,3096.8998,2610.8917,3652.316,3096.9537,2577.8765,2577.8789,2579.5154,2578.486,2610.8917,2932,2610.8917,2579.5392,2578.4435,True,3650.6557,1,3094080,3094080,1
3653.7147,3652.3287,2577.9034,3096.9055,4,4,4,3096.7277,3096.9562,3096.9603,3096.9571,3096.9066,2593.7515,3653.7219,3096.9586,2577.9113,2577.9131,2586.6376,2585.4722,2593.7515,44372,2593.7515,2586.6454,2585.4308,True,3652.3272,0,3094080,3094080,1
3783.7351,3782.4399,3096.7339,3782.3515,8,5,5,3096.7958,3782.3703,3782.3826,3782.3712,3782.3525,3106.2813,3783.7475,3782.3748,3096.7509,3096.7544,3098.8508,3097.5048,3106.2813,44372,3106.2813,3098.8683,3097.447,True,3782.4344,3,3094080,3094080,1
3785.839,3783.7611,3096.7978,3782.3639,7,6,6,3096.8272,3782.3847,3782.3895,3782.3856,3782.3647,3109.7889,3785.8513,3782.3872,3096.8071,3096.8088,3098.7674,3097.5515,3109.7889,2932,3109.7889,3098.7867,3097.5001,True,3783.7595,2,3094080,3094080,1
3787.209,3785.8647,3096.8288,3782.3408,6,7,7,3096.8518,3782.3904,3782.3946,3782.3914,3782.3434,3132.8811,3787.222,3782.3928,3096.8356,3096.8371,3098.9481,3097.5956,3132.8811,34636,3132.8811,3098.974,3097.5454,True,3785.8628,1,3094080,3094080,1
3788.1161,3787.2327,3096.9623,3782.358,5,3,8,3782.114,3782.3954,3782.3994,3782.3962,3782.3589,3115.7473,3788.1255,3782.3978,3098.0182,3098.0243,3106.5661,3106.4423,3115.7473,44372,3115.7473,3106.5725,3106.4062,True,3787.2315,0,3094080,3094080,1
3793.2583,3792.6826,3782.1242,3792.5814,8,4,9,3782.1924,3792.5939,3792.6133,3792.5951,3792.5836,3791.9354,3793.2779,3792.6028,3782.1429,3782.1459,3784.4286,3783.0297,3791.9354,2932,3791.9354,3784.4587,3782.9718,True,3792.6719,1,3094080,3094080,1
3794.5556,3793.2932,3782.1964,3792.2687,7,5,10,3782.2289,3792.6166,3792.6218,3792.6177,3792.2833,3791.7487,3794.5689,3792.6197,3782.207,3782.2087,3783.2249,3783.0858,3791.7487,44372,3791.7487,3783.2392,3783.0312,True,3793.2917,0,3094080,3094080,1
3796.0283,3794.775,3782.2306,3794.6531,8,6,11,3782.256,3794.665,3794.6801,3794.6667,3794.6548,3792.3477,3796.0425,3794.6703,3782.2375,3782.2391,3784.4555,3783.2277,3792.3477,34636,3792.3477,3784.4873,3783.1198,True,3794.7699,0,3094080,3094080,1
3830.8537,3830.5226,3782.2575,3830.3606,8,7,12,3782.3106,3830.38,3830.4025,3830.382,3830.3637,3830.0739,3830.8667,3830.3879,3782.2887,3782.2908,3784.5397,3783.2784,3830.0739,21104,3830.0739,3784.5638,3783.2291,True,3830.5175,7,3094080,3094080,1
3831.9451,3830.8781,3782.4011,3800.6829,7,4,13,3783.8819,3830.4067,3830.4149,3830.4085,3800.6865,3800.254,3831.9547,3830.4114,3783.8146,3783.8219,3792.095,3791.9641,3800.254,44372,3800.254,3792.1042,3791.9136,True,3830.8773,6,3094080,3094080,1
3833.1634,3831.9631,3783.8881,3802.4727,6,5,14,3785.9573,3830.4178,3830.4267,3830.4196,3802.4787,3802.0819,3833.1785,3830.4235,3785.9013,3785.9063,3792.3691,3792.1816,3802.0819,2932,3802.0819,3792.377,3792.1363,True,3831.9622,5,3094080,3094080,1
3834.2105,3833.1926,3785.9614,3801.837,5,6,15,3787.3867,3830.4286,3830.4364,3830.4304,3801.8401,3801.4995,3834.2226,3830.4332,3787.29,3787.2972,3792.7912,3792.5985,3801.4995,34636,3801.4995,3792.831,3792.5357,True,3833.1915,4,3094080,3094080,1
3835.041,3834.2347,3787.3901,3809.315,4,7,16,3788.19,3830.4379,3830.4453,3830.4397,3809.3179,3808.7846,3835.0484,3830.4425,3788.1475,3788.1514,3800.6535,3800.4944,3808.7846,44372,3808.7846,3800.6645,3800.4293,True,3834.2333,3,3094080,3094080,1
3836.1365,3835.0579,3792.6235,3812.8115,3,6,17,3793.4838,3830.4469,3830.4545,3830.4485,3812.8145,3812.5039,3836.1481,3830.4516,3793.3576,3793.3674,3802.9228,3801.7434,3812.5039,34636,3812.5039,3802.9415,3801.6909,True,3835.0561,2,3094080,3094080,1
3837.3865,3836.1594,3793.4891,3814.0672,2,7,18,3794.6376,3830.4559,3830.4629,3830.4576,3814.0706,3813.6421,3837.4033,3830.4603,3794.6022,3794.6049,3803.4037,3802.2469,3813.6421,2932,3813.6421,3803.4192,3802.2017,True,3836.1582,1,3094080,3094080,1
3838.2887,3837.4165,3794.6842,3818.1027,1,7,19,3796.1591,3830.4643,3830.4722,3830.466,3818.106,3817.8036,3838.3007,3830.4694,3796.0983,3796.1056,3810.3166,3809.0548,3817.8036,44372,3817.8036,3810.3257,3809.0011,True,3837.415,0,3094080,3094080,1
3846.1207,3845.4983,3830.4749,3845.4211,8,0,20,3831.0357,3845.4328,3845.4522,3845.434,3845.4231,3845.1761,3846.1298,3845.4399,3830.9353,3830.9431,3833.0341,3831.5388,3845.1761,34636,3845.1761,3833.0713,3831.4396,True,3845.4932,1,3094080,3094080,1
3852.3967,3846.1421,3831.0431,3845.0783,7,1,21,3832.092,3845.4553,3845.4606,3845.4563,3845.0827,3844.5743,3852.4194,3845.4583,3832.0189,3832.0265,3834.1166,3832.6947,3844.5743,2932,3844.5743,3834.1388,3832.5787,True,3846.1398,0,3094080,3094080,1
3853.9771,3852.8494,3832.0946,3852.6576,8,2,22,3833.3661,3852.7213,3852.7534,3852.7237,3852.6686,3846.721,3853.9916,3852.7337,3833.2742,3833.286,3835.2303,3833.9179,3846.721,44372,3846.721,3835.2613,3833.8301,True,3852.8427,1,3094080,3094080,1
3854.7571,3854.0066,3833.3697,3852.7019,7,3,23,3834.435,3852.7609,3852.7718,3852.7631,3852.7048,3847.3941,3854.7691,3852.7677,3834.3208,3834.3339,3836.6298,3834.8877,3847.3941,21104,3847.3941,3836.6581,3834.8071,True,3854.005,0,3094080,3094080,1
3858.7698,3858.1733,3834.4392,3858.0855,8,4,24,3835.1394,3858.1046,3858.1251,3858.1065,3858.0882,3857.7844,3858.7855,3858.1119,3835.0905,3835.0953,3846.274,3844.8211,3857.7844,2932,3857.7844,3846.2879,3844.7714,True,3858.17,0,3094080,3094080,1
3860.4569,3859.032,3835.1432,3858.9051,8,5,25,3836.3041,3858.9232,3858.9553,3858.925,3858.9076,3857.9202,3860.4686,3858.9341,3836.2007,3836.2068,3845.5249,3845.3746,3857.9202,34636,3857.9202,3845.535,3845.322,True,3859.0271,1,3094080,3094080,1
3861.4385,3860.4808,3836.3099,3856.9258,7,6,26,3837.5601,3858.9612,3858.9717,3858.9646,3856.9293,3856.5428,3861.4509,3858.9686,3837.4821,3837.4945,3847.193,3847.0305,3856.5428,44372,3856.5428,3847.2033,3846.9805,True,3860.479,0,3094080,3094080,1
3862.4927,3861.6522,3837.5644,3861.5741,8,7,27,3838.381,3861.5901,3861.6075,3861.5917,3861.5768,3859.8467,3862.5062,3861.5964,3838.3375,3838.3419,3848.8433,3847.6343,3859.8467,21104,3859.8467,3848.8527,3847.5789,True,3861.6483,0,3094080,3094080,1
3871.3493,3870.6377,3845.4624,3870.5561,8,6,28,3846.2554,3870.5691,3870.5899,3870.5703,3870.5589,3870.0906,3871.3661,3870.5768,3846.1831,3846.1886,3856.9448,3856.739,3870.0906,44372,3870.0906,3856.9545,3856.7008,True,3870.6325,1,3094080,3094080,1
3878.9058,3871.3818,3846.2608,3869.8559,7,7,29,3852.5611,3870.5937,3870.5995,3870.5949,3869.8612,3869.2639,3878.9409,3870.5973,3852.4819,3852.4871,3858.0811,3857.9331,3869.2639,2932,3869.2639,3858.0882,3857.8958,True,3871.3806,0,3094080,3094080,1
3880.1342,3879.4211,3852.7774,3879.3211,8,6,30,3854.1983,3879.3347,3879.3541,3879.3362,3879.3225,3871.6786,3880.1443,3879.3423,3854.1136,3854.1256,3859.5233,3858.1146,3871.6786,34636,3871.6786,3859.5333,3858.0652,True,3879.4127,1,3094080,3094080,1
3881.521,3880.156,3854.2049,3879.3018,7,7,31,3854.8508,3879.358,3879.3651,3879.3596,3879.3063,3871.6086,3881.5313,3879.3622,3854.8026,3854.8057,3860.4659,3860.1615,3871.6086,21104,3871.6086,3860.4751,3860.0573,True,3880.155,0,3094080,3094080,1
3883.9769,3882.2558,3858.1296,3882.1114,8,7,32,3858.8795,3882.1302,3882.1514,3882.1321,3882.1145,3881.474,3883.9956,3882.1397,3858.8273,3858.8321,3869.7716,3869.5727,3881.474,2932,3881.474,3869.7843,3869.5029,True,3882.2411,1,3094080,3094080,1
3887.143,3884.0173,3858.975,3881.6334,7,6,33,3860.6438,3882.1555,3882.165,3882.1575,3881.637,3880.7483,3887.1648,3882.1609,3860.55,3860.5639,3870.526,3870.3527,3880.7483,44372,3880.7483,3870.5374,3870.2715,True,3884.0142,0,3094080,3094080,1
3889.6266,3887.6808,3860.648,3887.5226,8,7,34,3861.5471,3887.5634,3887.5905,3887.5654,3887.5286,3885.7372,3889.6532,3887.5735,3861.4978,3861.5036,3873.2222,3871.9602,3885.7372,21104,3885.7372,3873.2325,3871.8871,True,3887.6733,1,3094080,3094080,1
3891.8249,3889.6754,3861.6112,3887.5479,7,7,35,3862.6397,3887.5952,3887.6049,3887.597,3887.5502,3883.2231,3891.841,3887.6014,3862.5497,3862.556,3872.1784,3872.0014,3883.2231,34636,3883.2231,3872.1876,3871.9332,True,3889.673,0,3094080,3094080,1
3900.8249,3900.2806,3870.6013,3900.1843,8,6,36,3871.5995,3900.1976,3900.2262,3900.2003,3900.1864,3899.765,3900.8519,3900.2108,3871.4421,3871.4521,3881.1406,3880.986,3899.765,44372,3899.765,3881.1499,3880.9327,True,3900.2733,0,3094080,3094080,1
3904.2671,3901.797,3871.6061,3901.6947,8,7,37,3879.2491,3901.7096,3901.73,3901.7111,3901.697,3901.3587,3904.2881,3901.7171,3879.045,3879.0641,3881.9189,3881.7338,3901.3587,2932,3901.3587,3881.9311,3881.671,True,3901.7928,1,3094080,3094080,1
3905.5039,3904.3116,3879.3674,3899.8964,7,6,38,3880.3906,3901.7332,3901.7421,3901.7353,3899.9058,3899.3662,3905.5202,3901.7388,3880.2793,3880.3011,3883.8409,3883.5782,3899.3662,34636,3899.3662,3883.8577,3883.4885,True,3904.3098,0,3094080,3094080,1
3907.8828,3906.9799,3880.395,3906.9017,8,7,39,3881.6004,3906.9201,3906.939,3906.9221,3906.9051,3906.5888,3907.8947,3906.9278,3881.5598,3881.5637,3886.4646,3886.1898,3906.5888,21104,3906.5888,3886.4809,3886.112,True,3906.977,0,3094080,3094080,1
3913.4267,3912.4354,3882.1674,3912.3082,8,6,40,3884.1425,3912.3271,3912.36,3912.3298,3912.3114,3911.9982,3913.4581,3912.3402,3884.0612,3884.0704,3901.0971,3899.6549,3911.9982,34636,3911.9982,3901.1094,3899.5798,True,3912.4281,1,3094080,3094080,1
3915.3924,3913.4896,3884.149,3911.8304,7,7,41,3887.3447,3912.366,3912.3764,3912.3681,3911.836,3911.3731,3915.4155,3912.3721,3887.2478,3887.2563,3900.2395,3900.0292,3911.3731,44372,3911.3731,3900.2496,3899.9693,True,3913.4871,0,3094080,3094080,1
3916.8012,3915.6478,3887.6121,3915.5584,8,6,42,3889.8421,3915.5759,3915.5949,3915.5779,3915.5617,3914.4347,3916.8175,3915.5822,3889.7526,3889.7627,3901.7785,3901.5877,3914.4347,2932,3914.4347,3901.7878,3901.5249,True,3915.6423,0,3094080,3094080,1
3923.1056,3922.0777,3889.849,3921.8141,8,7,43,3891.9384,3921.9092,3921.9814,3921.9108,3921.8498,3921.2899,3923.1227,3921.9184,3891.8861,3891.8902,3906.9211,3906.7578,3921.2899,21104,3921.2899,3906.9309,3906.7117,True,3922.0701,1,3094080,3094080,1
3927.1419,3923.14,3900.2322,3921.8964,7,7,44,3901.0009,3921.9867,3921.9955,3921.9884,3921.8986,3921.097,3927.1595,3921.9922,3900.9237,3900.9288,3911.8509,3911.6108,3921.097,44372,3921.097,3911.8632,3911.5501,True,3923.1387,0,3094080,3094080,1
3928.9528,3928.3191,3901.7472,3928.2304,8,6,45,3904.5204,3928.2468,3928.2646,3928.2481,3928.2329,3926.895,3928.9647,3928.2533,3904.4044,3904.4193,3914.6816,3912.2643,3926.895,34636,3926.895,3914.7052,3912.1971,True,3928.3148,1,3094080,3094080,1
3930.5918,3928.9766,3904.5257,3927.9459,7,7,46,3905.6139,3928.2676,3928.2733,3928.2689,3927.9499,3926.9036,3930.6031,3928.2709,3905.5615,3905.5675,3915.0838,3914.8339,3926.9036,2932,3926.9036,3915.0978,3914.7537,True,3928.9755,0,3094080,3094080,1
3937.9616,3937.1354,3906.9438,3936.9821,8,7,47,3908.0061,3937.0053,3937.0329,3937.0074,3936.9855,3936.381,3937.9769,3937.0156,3907.9324,3907.9359,3923.047,3921.359,3936.381,44372,3936.381,3923.0629,3921.3009,True,3937.1268,2,3094080,3094080,1
3939.4286,3937.9943,3912.38,3934.7053,7,6,48,3913.8127,3937.0358,3937.0432,3937.0377,3934.7087,3934.1597,3939.4435,3937.0407,3913.5521,3913.5657,3923.2903,3921.519,3934.1597,21104,3934.1597,3923.3411,3921.4484,True,3937.9934,1,3094080,3094080,1
3940.5843,3939.4583,3913.8193,3936.3006,6,7,49,3915.5284,3937.0442,3937.0497,3937.0455,3936.3036,3936.0415,3940.5962,3937.0478,3915.4672,3915.4742,3927.3843,3927.1906,3936.0415,2932,3936.0415,3927.3956,3927.1292,True,3939.4566,0,3094080,3094080,1
3956.8464,3940.7419,3915.5996,3940.6905,8,7,50,3916.9369,3940.7026,3940.7141,3940.7036,3940.693,3938.9486,3956.8634,3940.7069,3916.8665,3916.8716,3928.7286,3927.3476,3938.9486,34636,3938.9486,3928.7506,3927.1898,True,3940.7397,0,3094080,3094080,1
3957.6314,3957.2573,3921.9988,3957.1253,8,6,51,3923.4607,3957.1579,3957.1753,3957.1595,3957.1267,3943.3096,3957.6393,3957.1653,3923.2287,3923.2441,3934.6129,3934.4339,3943.3096,21104,3943.3096,3934.6198,3934.3565,True,3957.2527,6,3094080,3094080,1
3960.1213,3957.6473,3923.478,3957.1029,7,7,52,3927.4571,3957.1795,3957.1873,3957.1813,3957.1052,3947.8353,3960.131,3957.1851,3927.2845,3927.2975,3937.6171,3936.1991,3947.8353,2932,3947.8353,3937.6343,3936.1576,True,3957.6464,5,3094080,3094080,1
3960.8352,3960.1419,3928.2754,3957.0586,6,6,53,3929.2669,3957.1885,3957.1934,3957.1895,3957.0686,3948.8389,3960.842,3957.1914,3929.1934,3929.1998,3937.3474,3936.9252,3948.8389,44372,3948.8389,3937.3575,3936.8557,True,3960.1409,4,3094080,3094080,1
3961.5972,3960.8485,3929.2759,3957.1467,5,7,54,3930.672,3957.1942,3957.1981,3957.1951,3957.1481,3948.4246,3961.6057,3957.1966,3930.6322,3930.6352,3939.4575,3939.1465,3948.4246,34636,3948.4246,3939.4673,3939.1012,True,3960.8478,3,3094080,3094080,1
3976.5662,3961.6159,3937.0774,3957.1365,4,5,55,3938.1257,3957.199,3957.203,3957.1999,3957.1377,3950.5575,3976.5795,3957.2015,3938.0523,3938.0598,3943.6775,3943.4941,3950.5575,21104,3950.5575,3943.6842,3943.4512,True,3961.6149,2,3094080,3094080,1
3979.665,3976.5921,3938.132,3957.1151,3,6,56,3939.5683,3957.2038,3957.2076,3957.2047,3957.1163,3955.1048,3979.691,3957.2061,3939.5031,3939.5088,3948.18,3948.0221,3955.1048,2932,3955.1048,3948.1894,3947.9809,True,3976.5906,1,3094080,3094080,1
3980.6464,3979.7151,3939.573,3957.0899,2,7,57,3940.6679,3957.2086,3957.2129,3957.2094,3957.0914,3954.758,3980.6583,3957.2113,3940.6313,3940.6344,3948.7158,3948.581,3954.758,34636,3954.758,3948.7255,3948.5407,True,3979.7122,0,3094080,3094080,1
3992.6138,3980.8636,3940.7168,3980.7572,8,7,58,3956.9717,3980.7971,3980.8076,3980.798,3980.7596,3966.208,3992.6427,3980.801,3956.9179,3956.9224,3958.5317,3958.278,3966.208,44372,3966.208,3958.5702,3957.9648,True,3980.8607,4,3094080,3094080,1
3993.608,3992.6706,3957.2143,3980.7771,7,1,59,3957.7785,3980.8095,3980.8144,3980.8104,3980.7779,3966.1274,3993.6446,3980.8126,3957.6922,3957.7025,3958.6684,3958.4208,3966.1274,21104,3966.1274,3958.6804,3958.2722,True,3992.6656,3,3094080,3094080,1
3994.6623,3993.6679,3957.7834,3980.7904,6,2,60,3960.281,3980.8153,3980.8201,3980.8161,3980.7913,3967.1224,3994.6703,3980.8183,3960.1916,3960.1989,3960.8062,3960.6279,3967.1224,34636,3967.1224,3960.8239,3960.5589,True,3993.6652,2,3094080,3094080,1
3995.4704,3994.6772,3960.2843,3980.7834,5,3,61,3960.9737,3980.8212,3980.8252,3980.822,3980.7844,3967.8231,3995.4765,3980.8235,3960.8851,3960.8916,3961.5137,3961.3173,3967.8231,2932,3967.8231,3961.5334,3961.232,True,3994.6764,1,3094080,3094080,1
3996.7764,3995.4823,3960.9762,3980.7703,4,4,62,3961.7301,3980.826,3980.8299,3980.8268,3980.7714,3974.6236,3996.787,3980.8283,3961.6546,3961.6608,3967.2543,3966.3276,3974.6236,21104,3974.6236,3967.2628,3966.2883,True,3995.4816,0,3094080,3094080,1
4000.2521,3996.9457,3961.7353,3996.8864,8,5,63,3976.721,3996.9055,3996.9176,3996.9064,3996.8886,3985.4721,4000.2727,3996.9104,3976.6542,3976.6608,3977.2933,3977.1061,3985.4721,44372,3985.4721,3977.3085,3977.038,True,3996.9414,0,3094080,3094080,1
4009.5016,4000.6073,3976.7251,4000.4868,8,6,64,3979.8918,4000.5096,4000.5339,4000.5111,4000.4916,3997.3349,4009.5213,4000.5176,3979.7842,3979.8,3980.5774,3980.3852,3997.3349,34636,3997.3349,3980.6085,3980.2826,True,4000.6032,1,3094080,3094080,1
4011.1535,4009.5829,3979.8971,3996.8969,7,7,65,3980.727,4000.5426,4000.5549,4000.5457,3996.8979,3990.115,4011.1686,4000.5501,3980.6917,3980.6943,3981.5305,3981.3275,3990.115,2932,3990.115,3981.5463,3981.2585,True,4009.5784,0,3094080,3094080,1
4012.8573,4011.3617,3980.8313,4011.2894,8,3,66,3992.8172,4011.3062,4011.3197,4011.3072,4011.2907,4005.7893,4012.8688,4011.3118,3992.7353,3992.7425,3993.6719,3993.4948,4005.7893,21104,4005.7893,3993.6911,3993.4222,True,4011.3584,2,3094080,3094080,1
4013.8857,4012.8788,3992.8219,4011.2991,7,4,67,3993.8302,4011.322,4011.3268,4011.323,4011.2999,4007.6314,4013.9005,4011.3248,3993.7191,3993.729,3994.488,3994.2736,4007.6314,44372,4007.6314,3994.5115,3994.1763,True,4012.8777,1,3094080,3094080,1
4016.6402,4013.9127,3993.8336,4011.2765,6,5,68,3994.8082,4011.3278,4011.3319,4011.3287,4011.2789,4007.1214,4016.6524,4011.3303,3994.7183,3994.7257,3995.2981,3995.1553,4007.1214,2932,4007.1214,3995.3131,3995.0954,True,4013.9119,0,3094080,3094080,1
4029.237,4023.2778,3994.8137,4023.1321,8,6,69,3995.5941,4023.1439,4023.168,4023.1451,4023.1345,4022.6103,4029.2526,4023.1546,3995.5127,3995.518,3998.0725,3997.7184,4022.6103,34636,4022.6103,3998.1127,3997.6617,True,4023.2734,4,3094080,3094080,1
4030.0481,4029.2666,3995.5971,4017.1332,7,7,70,3996.8578,4023.1713,4023.1778,4023.1729,4017.1384,4013.4697,4030.0597,4023.1754,3996.8208,3996.8236,4006.1696,4006.0119,4013.4697,21104,4013.4697,4006.1767,4005.9619,True,4029.265,3,3094080,3094080,1
4031.2838,4030.0696,3996.9206,4017.3424,6,7,71,4000.4344,4023.1791,4023.2237,4023.1805,4017.3459,4016.4523,4031.2978,4023.1825,4000.3412,4000.3476,4008.3385,4007.2957,4016.4523,2932,4016.4523,4008.349,4007.254,True,4030.0686,2,3094080,3094080,1
4032.1615,4031.3084,4000.5579,4020.5773,5,6,72,4009.8119,4023.2256,4023.2327,4023.2268,4020.5821,4020.1899,4032.171,4023.2302,4009.6539,4009.6591,4010.4412,4010.2804,4020.1899,44372,4020.1899,4010.4646,4010.2183,True,4031.3074,1,3094080,3094080,1
4033.8047,4032.1793,4009.8178,4022.9276,4,7,73,4011.2483,4023.2337,4023.2395,4023.2348,4022.9303,4022.4822,4033.8186,4023.2375,4011.2107,4011.2143,4015.0047,4013.6673,4022.4822,21104,4022.4822,4015.0232,4013.6201,True,4032.1785,0,3094080,3094080,1
4036.7694,4034.1434,4011.3338,4034.0512,8,5,74,4013.0582,4034.0643,4034.0821,4034.0658,4034.0524,4025.478,4036.791,4034.0723,4012.9602,4012.9707,4017.1415,4016.7078,4025.478,2932,4025.478,4017.15,4016.6596,True,4034.1407,2,3094080,3094080,1
4045.2735,4036.8096,4013.0624,4034.023,7,6,75,4014.1005,4034.0853,4034.0944,4034.0868,4034.0272,4027.7929,4045.354,4034.0912,4013.9954,4014.0036,4020.74,4020.4396,4027.7929,44372,4027.7929,4020.7495,4020.3896,True,4036.8082,1,3094080,3094080,1
4046.5662,4045.3999,4014.1037,4034.0408,6,7,76,4017.0882,4034.0961,4034.1044,4034.0976,4034.0424,4030.117,4046.5759,4034.1013,4016.7032,4016.7082,4022.8968,4022.773,4030.117,21104,4030.117,4022.9042,4022.7203,True,4045.3953,0,3094080,3094080,1
4047.7436,4046.7806,4023.2411,4046.6952,8,3,77,4029.4301,4046.7159,4046.7277,4046.7169,4046.6963,4040.8662,4047.7708,4046.7205,4029.3335,4029.3436,4030.0321,4029.8736,4040.8662,34636,4040.8662,4030.0466,4029.7825,True,4046.7759,3,3094080,3094080,1
4096.7459,4047.7989,4029.4338,4046.6827,7,4,78,4030.2267,4046.7295,4046.7341,4046.7305,4046.6857,4039.4954,4096.7726,4046.7321,4030.1291,4030.1378,4030.9328,4030.7365,4039.4954,2932,4039.4954,4030.9603,4030.6405,True,4047.7951,2,3094080,3094080,1
4097.3851,4096.7914,4030.2294,4046.7022,6,5,79,4031.3935,4046.7356,4046.7396,4046.7365,4046.7031,4040.3305,4097.4142,4046.738,4031.3488,4031.3531,4032.0347,4031.8472,4040.3305,44372,4040.3305,4032.0542,4031.7823,True,4096.7888,1,3094080,3094080,1
4101.3668,4097.4414,4031.3966,4046.7093,5,6,80,4032.3372,4046.7405,4046.7446,4046.7413,4046.7101,4040.7003,4101.3878,4046.743,4032.2279,4032.2365,4032.8404,4032.7007,4040.7003,21104,4040.7003,4032.8538,4032.6423,True,4097.4386,0,3094080,3094080,1
4104.2588,4101.7523,4032.3411,4101.6269,8,7,81,4033.9742,4101.659,4101.6771,4101.6607,4101.6282,4047.3966,4104.272,4101.6673,4033.884,4033.89,4039.956,4039.7793,4047.3966,2932,4047.3966,4039.9645,4039.7364,True,4101.7501,4,3094080,3094080,1
4105.2188,4104.2873,4034.1079,4101.5882,7,5,82,4036.9039,4101.6807,4101.6887,4101.6824,4101.5928,4048.2052,4105.2326,4101.6854,4036.8494,4036.8543,4040.631,4040.4919,4048.2052,44372,4048.2052,4040.6395,4040.4535,True,4104.2848,3,3094080,3094080,1
4107.5974,4105.2499,4036.9078,4101.6118,6,6,83,4045.6113,4101.6905,4101.6984,4101.692,4101.6138,4054.4622,4107.6081,4101.6953,4045.4747,4045.4833,4046.3984,4046.1736,4054.4622,21104,4054.4622,4046.4147,4046.1022,True,4105.2478,2,3094080,3094080,1
4120.1776,4107.6271,4045.6161,4101.6482,5,7,84,4046.6494,4101.6997,4101.7102,4101.7011,4101.6496,4056.4662,4120.1876,4101.7056,4046.6079,4046.6111,4047.4133,4047.2626,4056.4662,34636,4056.4662,4047.4314,4047.196,True,4107.6248,3,3094080,3094080,1
4121.3235,4120.207,4046.7476,4101.6361,4,4,85,4047.9927,4101.7116,4101.7182,4101.713,4101.6376,4056.6465,4121.3422,4101.7155,4047.9207,4047.9323,4048.6235,4048.3598,4056.6465,2932,4056.6465,4048.6348,4048.3052,True,4120.2045,4,3094080,3094080,1
4122.4504,4121.3609,4047.9972,4106.0217,4,5,86,4096.9124,4106.0366,4106.0451,4106.0377,4106.024,4105.6752,4122.4632,4106.0417,4096.8447,4096.8512,4097.5272,4097.3698,4105.6752,44372,4105.6752,4097.5561,4097.3089,True,4121.3583,3,3094080,3094080,1
4123.516,4122.4823,4096.9183,4106.7203,3,6,87,4097.6276,4106.7338,4106.7409,4106.7349,4106.7246,4106.4893,4123.5332,4106.7374,4097.5478,4097.5565,4098.1222,4097.9734,4106.4893,21104,4106.4893,4098.1382,4097.9212,True,4122.4808,2,3094080,3094080,1
4134.5355,4123.5559,4097.6307,4115.1703,2,7,88,4101.495,4115.1823,4115.1927,4115.1835,4115.1722,4114.8658,4134.566,4115.1881,4101.4399,4101.4437,4102.5887,4102.3746,4114.8658,34636,4114.8658,4102.6047,4102.2994,True,4123.5524,1,3094080,3094080,1
4135.8037,4134.5956,4101.7205,4114.6706,1,3,89,4104.5232,4115.1957,4115.2029,4115.1969,4114.6741,4114.0688,4135.8185,4115.2009,4104.3731,4104.3846,4105.2753,4105.0599,4114.0688,2932,4114.0688,4105.3094,4104.9465,True,4134.5923,0,3094080,3094080,1
