frame,surf_acquire,vp_total,vp_create_view,vp_blt,vp_range_pass,vp_chart_blend,vp_gauge_blend,vp_map_blend,vp_hud_compute,vp_release_view,amf_create_surface,amf_submit_input,amf_query,amf_packet_write,process_frame_total,pool_index,amf_submitted,amf_received,submit_result,query_result,decoder_copy
0,0.0831,20.5951,0.0047,13.3033,0.0351,6.4834,0.1585,0.5649,0.0146,0.012,0.0405,3.338,0.0116,0,24.0727,0,1,0,0,24,0
1,0.0548,1.5533,0.0024,0.2565,0.0289,0.2288,0.1153,0.1958,0.005,0.0191,0.0382,25.9909,0.5581,0.5118,29.0648,1,2,1,0,0,0
2,0.0381,1.7856,0.0021,0.3215,0.0443,0.2272,0.1917,0.201,0.0026,0.0071,0.0169,0.5631,0.0053,0,2.4115,2,3,1,0,24,0
3,0.0384,1.5107,0.0024,0.2307,0.024,0.1608,0.1027,0.3166,0.0024,0.0048,0.0136,23.5718,0.1188,0.2118,25.5315,3,4,2,0,0,0
4,0.0726,2.1667,0.0028,0.373,0.0433,0.192,0.0846,0.1457,0.0032,0.0094,0.0319,0.6811,0.0054,0,2.9608,0,5,2,0,24,0
5,0.0493,2.0096,0.0029,0.3765,0.0257,0.2132,0.1705,0.2399,0.0063,0.022,0.0365,1.0695,0.2502,0.5117,4.1121,1,6,3,0,0,0
6,0.0445,1.1786,0.0021,0.1596,0.0075,0.1413,0.091,0.1399,0.0037,0.0209,0.0354,1.0427,0.0073,0,2.3126,2,7,3,0,24,0
7,0.0442,1.2258,0.0023,0.1479,0.0074,0.0998,0.0493,0.1923,0.0037,0.0136,0.035,0.6049,0.1986,0.3376,2.5518,3,8,4,0,0,0
8,0.0376,1.3593,0.0026,0.2512,0.0195,0.2062,0.1055,0.1382,0.0031,0.0164,0.028,0.3539,0.1251,0.1508,2.1689,0,9,5,0,0,0
9,0.0392,1.3547,0.0026,0.1909,0.0121,0.1797,0.1208,0.1583,0.0049,0.0152,0.0203,0.3864,0.2492,0.7371,2.9708,1,10,6,0,0,0
10,0.0426,1.1774,0.0024,0.1683,0.0084,0.094,0.1067,0.1444,0.0029,0.0228,0.0268,0.6079,0.7761,0.7479,3.7225,2,11,7,0,0,0
11,0.0393,1.5315,0.0023,0.1431,0.0073,0.4884,0.1054,0.1507,0.0041,0.0132,0.0207,0.3889,0.1585,0.2008,2.4251,3,12,8,0,0,0
12,0.0489,1.308,0.0024,0.1565,0.0078,0.1442,0.0822,0.2053,0.0044,0.022,0.0326,0.2795,0.1493,0.2792,2.1915,0,13,9,0,0,0
13,0.1236,2.7342,0.0177,0.3827,0.0206,0.3681,0.1904,0.3685,0.0168,0.0242,0.0332,0.7042,0.2975,0.4222,4.5334,1,14,10,0,0,0
14,0.0492,1.2673,0.0033,0.2095,0.0101,0.0989,0.0399,0.1154,0.0022,0.0219,0.0389,0.3313,0.1351,0.2665,2.1651,2,15,11,0,0,0
15,0.0505,1.4751,0.0034,0.1883,0.011,0.1653,0.1095,0.1973,0.0036,0.0168,0.0218,0.5121,0.3314,0.3502,2.9264,3,16,12,0,0,0
16,0.0492,1.0749,0.0036,0.1602,0.0107,0.0876,0.0435,0.1043,0.0024,0.0246,0.0363,0.4468,0.2594,0.2644,2.2739,0,17,13,0,0,0
17,0.1068,3.1907,0.0121,0.4271,0.0217,0.5942,0.183,0.3449,0.0114,0.0233,0.0323,0.5908,0.3054,0.2895,4.6811,1,18,14,0,0,0
18,0.0574,1.5037,0.004,0.2214,0.0119,0.1973,0.0975,0.1624,0.0055,0.0128,0.0191,0.3546,0.2904,0.3075,2.6991,2,19,15,0,0,0
19,0.0472,1.3797,0.0031,0.2176,0.0109,0.1428,0.136,0.1465,0.0031,0.0132,0.0178,0.2935,0.1621,0.1949,2.1969,3,20,16,0,0,0
20,0.0867,1.784,0.0035,0.203,0.0272,0.148,0.1184,0.156,0.0033,0.0201,0.0363,0.4033,0.3141,0.3154,3.099,0,21,17,0,0,0
21,0.0795,3.9902,0.0048,1.0151,0.0444,0.816,0.4208,0.5184,0.0171,0.0511,0.066,1.2818,0.7322,0.8503,7.3724,1,22,18,0,0,0
22,0.0796,2.2211,0.0084,0.3724,0.0252,0.2452,0.1508,0.2549,0.006,0.0217,0.0273,0.5611,0.2995,0.2556,3.588,2,23,19,0,0,0
23,0.0459,1.1206,0.0028,0.1896,0.0181,0.0959,0.0339,0.1096,0.0022,0.0088,0.0143,0.2035,0.1037,0.1248,1.6765,3,24,20,0,0,0
24,0.133,4.0605,0.0048,0.4018,0.1275,0.7827,0.3378,1.1071,0.0202,0.0529,0.08,1.5933,0.7917,0.9139,8.1109,0,25,21,0,0,0
25,0.0475,1.1316,0.0028,0.182,0.0082,0.0687,0.0275,0.1096,0.0018,0.013,0.0327,0.3114,0.1418,0.2487,2.0145,1,26,22,0,0,0
26,0.0381,0.976,0.0023,0.1412,0.0083,0.0703,0.0437,0.1006,0.0017,0.016,0.032,0.2644,0.1365,0.1628,1.6942,2,27,23,0,0,0
27,0.0464,1.4786,0.0025,0.2386,0.0111,0.1834,0.1295,0.2004,0.0055,0.0114,0.0184,0.3979,0.2104,0.222,2.5032,3,28,24,0,0,0
28,0.1623,5.2932,0.0186,0.9635,0.0382,0.5499,0.1971,0.2815,0.0078,0.0242,0.0382,0.8126,0.3557,0.4383,7.2913,0,29,25,0,0,0
29,0.04,1.3209,0.0022,0.1684,0.0095,0.0999,0.0628,0.2557,0.0138,0.0164,0.0201,0.3036,0.1807,0.2893,2.2764,1,30,26,0,0,0
30,0.0694,1.4754,0.0029,0.2204,0.0287,0.2376,0.1319,0.1382,0.0027,0.0066,0.0224,0.347,0.2359,0.5602,2.8684,2,31,27,0,0,0
