frame,surf_acquire,vp_total,vp_setup,vp_create_view,vp_blt,vp_submit_window,vp_range_pass,vp_chart_blend,vp_gauge_blend,vp_map_blend,vp_hud_compute,vp_release_view,amf_create_surface,amf_submit_input,amf_query,amf_packet_write,process_frame_total,pool_index,amf_submitted,amf_received,submit_result,query_result,decoder_copy
0,0.0706,10.5618,0.0001,0.0026,4.3396,10.5336,0.0192,5.5293,0.1077,0.5168,0.0202,0.0157,0.1011,3.1533,0.0161,0,13.9086,0,1,0,0,24,0
1,0.0494,1.2345,0.0003,0.0023,0.1971,0.6304,0.026,0.172,0.0452,0.1848,0.0047,0.0156,0.042,17.6592,0.2438,0.4974,19.9443,1,2,1,0,0,0
2,0.047,1.54,0.001,0.0025,0.2514,0.7801,0.0285,0.1578,0.1318,0.2067,0.0029,0.0078,0.0164,0.5397,0.0051,0,2.15,2,3,1,0,24,0
3,0.0513,1.7045,0.0009,0.0022,0.3094,0.7896,0.038,0.2049,0.0899,0.1429,0.0032,0.0136,0.0285,8.882,0.1394,0.2363,11.1289,3,4,2,0,0,0
4,0.0446,1.0333,0.0002,0.0027,0.1368,0.4189,0.0154,0.0827,0.0455,0.1365,0.0015,0.0035,0.0166,0.5764,0.0052,0,1.6776,0,5,2,0,24,0
5,0.045,1.7656,0.0007,0.0023,0.2301,0.9557,0.0136,0.1156,0.1152,0.4741,0.0061,0.0124,0.0184,0.7649,0.1414,0.2633,3.1318,1,6,3,0,0,0
6,0.075,1.7695,0.0003,0.004,0.2902,0.7608,0.0346,0.2459,0.0649,0.1222,0.0025,0.0064,0.0226,0.8306,0.0059,0,2.7059,2,7,3,0,24,0
7,0.0508,1.3271,0.0002,0.0019,0.1867,0.529,0.0194,0.1186,0.0511,0.1518,0.0011,0.003,0.0202,0.5872,0.1853,0.2474,2.51,3,8,4,0,0,0
8,0.0493,1.1842,0.0008,0.0025,0.2181,0.5113,0.0109,0.0847,0.0614,0.1331,0.0024,0.0109,0.016,0.2372,0.2061,0.2119,2.0418,0,9,5,0,0,0
9,0.0461,1.365,0.0008,0.0029,0.2355,0.6647,0.0106,0.1313,0.0709,0.2096,0.0058,0.0246,0.0419,2.0248,0.0071,0,3.4888,1,10,5,0,24,0
10,0.0383,1.084,0.0006,0.0022,0.1766,0.3988,0.0075,0.0727,0.04,0.0955,0.0057,0.0108,0.0171,0.6471,0.1152,0.1374,2.1102,2,11,6,0,0,0
11,0.0459,3.0184,0.0007,0.0024,0.6752,2.3145,0.0085,0.5753,0.2802,0.765,0.0095,0.0143,0.0182,0.6168,0.122,0.1462,4.0429,3,12,7,0,0,0
12,0.0382,2.8904,0.0008,0.0021,0.9024,2.2156,0.0194,0.3429,0.2664,0.68,0.004,0.0094,0.0138,1.2572,0.0052,0,4.2065,0,13,7,0,24,0
13,0.0392,23.0707,0.001,0.002,0.3167,0.7793,0.0117,0.1286,0.1261,0.1916,0.0035,0.0106,0.0448,0.7784,0.2259,0.2325,24.5379,1,14,8,0,0,0
14,0.0394,12.2336,0.0009,0.002,0.2215,0.5745,0.0099,0.1089,0.0491,0.179,0.0052,0.011,0.0179,0.2885,0.1844,0.2101,13.0707,2,15,9,0,0,0
15,0.0496,12.5927,0.001,0.0026,0.2558,0.5828,0.0279,0.1303,0.044,0.1214,0.0025,0.0062,0.0185,0.3046,0.1284,0.1671,13.335,3,16,10,0,0,0
16,0.0396,22.6111,0.0013,0.0023,0.3683,1.029,0.015,0.2124,0.0791,0.3457,0.0072,0.0149,0.0239,0.5492,0.2387,0.4034,23.9972,0,17,11,0,0,0
17,0.089,6.652,0.0009,0.0052,0.3156,0.854,0.0128,0.1958,0.0939,0.2235,0.0111,0.0153,0.0204,0.4277,0.1537,0.2541,7.6792,1,18,12,0,0,0
18,0.1058,13.7022,0.0008,0.0082,0.313,0.7548,0.0156,0.1443,0.0749,0.2011,0.0052,0.0174,0.0224,0.5501,0.1797,0.1361,14.7768,2,19,13,0,0,0
19,0.1759,3.7917,0.0024,0.0257,0.6662,1.696,0.023,0.4289,0.1798,0.3837,0.0121,0.0224,0.0318,0.5881,0.3081,0.3204,5.4298,3,20,14,0,0,0
20,0.0592,2.9654,0.0008,0.0026,0.2942,2.2073,0.0142,0.7495,0.3813,0.7377,0.0272,0.0514,0.0687,1.601,0.8849,0.8321,6.9009,0,21,15,0,0,0
21,0.1729,12.4227,0.0008,0.0267,0.4053,1.1863,0.0161,0.2742,0.1006,0.3814,0.0077,0.0207,0.0274,1.0452,0.3292,0.2187,14.3816,1,22,16,0,0,0
22,0.056,1.2177,0.0003,0.0035,0.2007,0.5112,0.0097,0.1316,0.0668,0.0995,0.0023,0.0128,0.0178,0.26,0.1438,0.1827,1.9648,2,23,17,0,0,0
23,0.0717,6.3761,0.0011,0.0061,0.3119,0.7195,0.0126,0.1399,0.0615,0.1884,0.0044,0.0138,0.0203,0.3911,0.2031,0.2168,7.4117,3,24,18,0,0,0
24,0.0649,12.0989,0.0022,0.0046,0.672,1.8374,0.0189,0.3797,0.1835,0.5706,0.0105,0.0222,0.0285,0.5672,0.3593,0.2757,13.5784,0,25,19,0,0,0
25,0.111,6.1009,0.0008,0.0062,0.2624,0.6305,0.0188,0.1486,0.0462,0.1373,0.0161,0.0236,0.0311,0.4901,0.2184,0.3146,7.453,1,26,20,0,0,0
26,0.0757,8.7653,0.0011,0.006,0.3026,0.6564,0.0123,0.1022,0.0537,0.181,0.0036,0.0139,0.0231,0.3356,0.2176,0.2163,9.7497,2,27,21,0,0,0
27,0.0501,28.4973,0.0011,0.0023,0.2121,0.6376,0.0131,0.145,0.1229,0.1417,0.0019,0.0132,0.0191,0.3857,0.1622,0.2022,29.4152,3,28,22,0,0,0
28,0.077,33.0882,0.0009,0.0028,0.212,0.4983,0.0129,0.1105,0.0487,0.1112,0.0024,0.0117,0.0175,0.2926,0.1603,0.1579,33.9078,0,29,23,0,0,0
29,0.0683,43.9561,0.0013,0.0038,0.314,0.7547,0.0123,0.1691,0.0767,0.1755,0.0061,0.0126,0.0206,0.3617,0.2055,0.2495,44.9806,1,30,24,0,0,0
30,0.0459,44.7559,0.0008,0.0032,0.1868,0.5131,0.0097,0.1085,0.0429,0.1612,0.0032,0.011,0.0188,0.3876,0.1644,0.1672,45.6218,2,31,25,0,0,0
31,0.0412,35.3863,0.0012,0.0022,0.3058,0.8293,0.0142,0.1791,0.1106,0.2142,0.0045,0.0163,0.0203,0.494,0.222,0.2327,36.5053,3,32,26,0,0,0
32,0.039,36.5691,0.001,0.0023,0.2118,0.7546,0.0272,0.207,0.0447,0.2593,0.004,0.0161,0.0253,0.4513,0.2885,0.191,37.6983,0,33,27,0,0,0
33,0.0397,32.2244,0.0007,0.0031,0.1929,0.4747,0.0094,0.108,0.0429,0.1183,0.0026,0.0089,0.0159,0.2776,0.1477,0.2609,33.0495,1,34,28,0,0,0
34,0.0392,30.2323,0.0012,0.0024,0.2901,0.927,0.012,0.3393,0.1034,0.1756,0.0058,0.0152,0.0221,0.3484,0.1383,0.156,31.0152,2,35,29,0,0,0
35,0.0405,29.3304,0.0012,0.0027,0.2691,0.6862,0.0122,0.1462,0.0763,0.1783,0.0029,0.0141,0.0213,0.3171,0.1369,0.1824,30.1115,3,36,30,0,0,0
36,0.0403,27.4604,0.0011,0.0024,0.2014,0.5743,0.0105,0.1163,0.107,0.1349,0.0038,0.0141,0.019,0.3522,0.2794,0.311,28.6026,0,37,31,0,0,0
37,0.0421,26.8613,0.001,0.0022,0.2952,0.6686,0.0107,0.1336,0.0769,0.1454,0.0058,0.0111,0.0174,0.3712,0.1253,0.1486,27.6403,1,38,32,0,0,0
38,0.0909,7.7236,0.0012,0.0044,0.2322,0.5483,0.0105,0.1467,0.0602,0.0943,0.0037,0.0078,0.0144,0.2414,0.1381,0.1889,8.4819,2,39,33,0,0,0
39,0.0525,21.088,0.0008,0.0024,0.2864,0.6725,0.0102,0.1394,0.0698,0.1622,0.0038,0.0109,0.0183,0.3222,0.1296,0.1351,21.8112,3,40,34,0,0,0
40,0.0388,23.6274,0.0009,0.0024,0.2081,0.4957,0.0104,0.1133,0.0588,0.1013,0.0035,0.0099,0.0157,0.277,0.13,0.17,24.3347,0,41,35,0,0,0
41,0.0403,20.809,0.001,0.0022,0.2691,0.6928,0.0289,0.1375,0.0969,0.157,0.0025,0.0073,0.0294,0.2111,0.1157,0.1456,21.4185,1,42,36,0,0,0
42,0.047,18.8969,0.0011,0.0022,0.2593,0.6744,0.0305,0.1443,0.0783,0.1573,0.0037,0.0076,0.0193,0.301,0.1119,0.125,19.5655,2,43,37,0,0,0
43,0.0388,15.9973,0.0009,0.0023,0.255,0.5917,0.021,0.1043,0.0652,0.1429,0.0026,0.0059,0.0167,0.2868,0.1186,0.2024,16.7263,3,44,38,0,0,0
44,0.0388,16.966,0.0015,0.0025,0.3016,0.9079,0.0136,0.1871,0.144,0.255,0.0055,0.0114,0.0219,0.3321,0.1929,0.1889,17.8471,0,45,39,0,0,0
45,0.0401,20.4758,0.0007,0.0024,0.2295,0.606,0.0108,0.1654,0.0707,0.1252,0.0035,0.0108,0.0176,0.2671,0.1111,0.1485,21.1276,1,46,40,0,0,0
46,0.0475,5.2939,0.0013,0.0027,0.2644,0.7524,0.032,0.1996,0.0572,0.1919,0.0062,0.0234,0.0478,0.586,0.2034,0.1733,6.4576,2,47,41,0,0,0
47,0.1473,9.5694,0.0013,0.0175,0.3317,0.7491,0.0302,0.1934,0.068,0.1182,0.0067,0.0085,0.0194,0.327,0.1999,0.2315,10.6033,3,48,42,0,0,0
48,0.1591,18.9152,0.0009,0.0164,0.2832,0.7609,0.0115,0.1487,0.081,0.2306,0.0049,0.0164,0.0244,0.3176,0.1393,0.1636,19.8408,0,49,43,0,0,0
49,0.0397,14.011,0.001,0.0027,0.1873,0.5184,0.0094,0.1034,0.0662,0.1489,0.0025,0.0074,0.0147,0.2233,0.1195,0.1424,14.6214,1,50,44,0,0,0
50,0.0415,20.2647,0.001,0.0022,0.3062,0.6748,0.0133,0.1453,0.0506,0.1531,0.0054,0.0161,0.021,0.3423,0.1385,0.2601,21.1718,2,51,45,0,0,0
51,0.0382,21.2066,0.0008,0.0026,0.1999,0.5347,0.0075,0.1314,0.068,0.1244,0.0028,0.0087,0.0138,0.2961,0.1492,0.1654,21.9543,3,52,46,0,0,0
52,0.0391,21.0139,0.0006,0.0024,0.1967,0.5031,0.0099,0.1034,0.0454,0.1445,0.0026,0.0133,0.0283,0.2896,0.1235,0.3101,21.9004,0,53,47,0,0,0
53,0.0511,20.0733,0.0008,0.0023,0.1942,0.4525,0.0081,0.1111,0.0532,0.0838,0.0015,0.0085,0.0135,0.24,0.2046,0.3239,21.0246,1,54,48,0,0,0
54,0.1226,4.0726,0.0015,0.0094,0.3967,0.9223,0.0156,0.1954,0.0925,0.2152,0.0057,0.0188,0.0276,0.4875,0.265,0.2767,5.4187,2,55,49,0,0,0
55,0.0629,10.6245,0.0014,0.0055,0.2859,0.5814,0.0119,0.0944,0.0573,0.1142,0.005,0.0154,0.0203,0.2627,0.1501,0.1747,11.3772,3,56,50,0,0,0
56,0.0411,15.974,0.0011,0.0026,0.3151,0.5712,0.0124,0.1102,0.0559,0.0743,0.0024,0.0116,0.0179,0.2703,0.1674,0.1712,16.7216,0,57,51,0,0,0
57,0.0421,18.0658,0.0009,0.0025,0.2566,0.568,0.0263,0.1297,0.0437,0.1049,0.0055,0.0083,0.0181,0.3059,0.2079,0.2162,18.9724,1,58,52,0,0,0
58,0.0383,19.5152,0.001,0.0022,0.4868,0.8965,0.0116,0.1384,0.0763,0.1791,0.0035,0.0096,0.0136,0.2784,0.1389,0.1496,20.2116,2,59,53,0,0,0
59,0.0673,16.7475,0.0012,0.004,0.4374,0.9676,0.0294,0.2036,0.1346,0.1599,0.0016,0.005,0.0161,0.2245,0.1408,0.1597,17.4316,3,60,54,0,0,0
60,0.0826,14.8567,0.0012,0.0033,0.2748,0.715,0.0127,0.1461,0.0725,0.2052,0.0028,0.0139,0.031,0.3354,0.2284,0.2835,15.9294,0,61,55,0,0,0
61,0.0415,14.8753,0.0013,0.0023,0.3302,0.7858,0.0126,0.2073,0.1171,0.1152,0.0026,0.0112,0.0165,0.3583,0.1492,0.199,15.7287,1,62,56,0,0,0
62,0.0638,22.9794,0.001,0.0024,0.3072,0.6939,0.0122,0.1614,0.0816,0.1262,0.0042,0.0109,0.0177,0.2985,0.1652,0.1612,23.7697,2,63,57,0,0,0
63,0.1313,4.2821,0.0021,0.0132,0.4571,1.1876,0.016,0.2248,0.1408,0.3324,0.015,0.03,0.0331,0.5332,0.2267,0.2201,5.554,3,64,58,0,0,0
64,0.0603,19.9669,0.0019,0.0027,0.4251,1.0346,0.0174,0.2028,0.1079,0.2704,0.0094,0.0152,0.0232,0.4495,0.2625,0.3383,21.2796,0,65,59,0,0,0
65,0.0535,8.7454,0.0009,0.0025,0.2888,0.6221,0.0281,0.1342,0.0442,0.1169,0.0091,0.0095,0.0203,0.3265,0.1791,0.1484,9.549,1,66,60,0,0,0
66,0.0398,13.1716,0.0009,0.002,0.2458,0.4432,0.0107,0.0844,0.0349,0.0642,0.0024,0.011,0.0149,0.2576,0.2547,0.3375,14.3791,2,67,61,0,0,0
67,0.0564,13.3835,0.0013,0.0025,0.2755,0.7886,0.043,0.187,0.1385,0.1411,0.0025,0.007,0.014,0.2833,0.136,0.2256,14.191,3,68,62,0,0,0
68,0.0389,19.0865,0.0012,0.0023,0.203,0.6791,0.0206,0.2171,0.0822,0.1526,0.0027,0.0061,0.0152,0.2866,0.195,0.1457,19.8715,0,69,63,0,0,0
69,0.0505,26.8729,0.002,0.0023,0.3066,0.8908,0.0137,0.1856,0.1467,0.2318,0.0055,0.0118,0.014,0.2582,0.1474,0.2169,27.641,1,70,64,0,0,0
70,0.037,26.6247,0.0011,0.0027,0.2342,0.6279,0.0088,0.0995,0.0631,0.2156,0.0055,0.0154,0.0195,0.3187,0.2037,0.2164,27.5331,2,71,65,0,0,0
71,0.0492,22.3678,0.0009,0.0023,0.2642,0.6931,0.0234,0.1302,0.0678,0.2015,0.0052,0.0115,0.0177,0.3081,0.1752,0.2132,23.2358,3,72,66,0,0,0
72,0.0401,14.5541,0.0012,0.0022,0.3114,0.801,0.0137,0.1924,0.1398,0.1394,0.0032,0.0109,0.0167,0.2774,0.1212,0.1735,15.2569,0,73,67,0,0,0
73,0.0389,23.4735,0.001,0.0023,0.2696,0.6445,0.0121,0.1988,0.0519,0.1094,0.0018,0.0114,0.0164,0.3079,0.1433,0.2442,24.3329,1,74,68,0,0,0
74,0.0456,8.2104,0.0012,0.0021,0.4549,0.9289,0.0176,0.175,0.0692,0.2031,0.008,0.0145,0.0182,0.322,0.1645,0.143,8.9849,2,75,69,0,0,0
75,0.0642,7.1552,0.0013,0.0023,0.3142,0.8501,0.0304,0.2257,0.0997,0.1749,0.0041,0.0111,0.0169,0.2068,0.1238,0.1524,7.7975,3,76,70,0,0,0
76,0.0377,33.7994,0.0011,0.0021,0.271,0.6082,0.0134,0.141,0.0591,0.1167,0.0057,0.0131,0.0215,0.3043,0.134,0.1636,34.5377,0,77,71,0,0,0
77,0.0565,28.1303,0.001,0.0022,0.2793,0.9025,0.0135,0.1865,0.1369,0.2798,0.0056,0.0127,0.0224,0.3565,0.1952,0.3076,29.1827,1,78,72,0,0,0
78,0.0415,29.1965,0.0011,0.0022,0.3157,0.8142,0.0134,0.1991,0.1166,0.1648,0.0034,0.0154,0.0214,0.4468,0.1882,0.1702,30.168,2,79,73,0,0,0
79,0.0437,30.0056,0.0013,0.0027,0.4804,1.0259,0.0138,0.1901,0.0798,0.2556,0.0052,0.0124,0.0207,0.4011,0.1858,0.2341,31.0065,3,80,74,0,0,0
80,0.0383,28.2713,0.0022,0.0023,0.5043,1.531,0.0187,0.3374,0.2068,0.444,0.0178,0.0285,0.0393,0.7357,0.2948,0.2904,29.8279,0,81,75,0,0,0
81,0.0398,31.2091,0.001,0.0024,0.2432,0.5943,0.0111,0.1342,0.0714,0.132,0.0018,0.0121,0.0176,0.3066,0.162,0.1958,32.0307,1,82,76,0,0,0
82,0.038,35.4456,0.0009,0.0023,0.2606,0.8077,0.0116,0.1884,0.0742,0.2666,0.0055,0.0146,0.0206,0.3418,0.163,0.1784,36.2878,2,83,77,0,0,0
83,0.0529,33.8026,0.0011,0.0023,0.2848,0.8763,0.0127,0.19,0.1193,0.2629,0.0057,0.015,0.0244,0.4568,0.2239,0.2767,34.9725,3,84,78,0,0,0
84,0.0418,33.7305,0.0009,0.0021,0.2408,0.7362,0.0108,0.1596,0.1642,0.1565,0.0035,0.0151,0.0211,0.3346,0.1436,0.1812,34.5524,0,85,79,0,0,0
85,0.0426,14.0329,0.0007,0.0033,0.2911,0.6369,0.0108,0.1118,0.0532,0.1648,0.0047,0.0173,0.0226,0.2857,0.1421,0.1431,14.761,1,86,80,0,0,0
86,0.0499,17.8586,0.001,0.0034,0.203,0.5867,0.0104,0.1548,0.0746,0.1412,0.0018,0.0099,0.0166,0.2376,0.1359,0.2684,18.672,2,87,81,0,0,0
87,0.0409,23.2902,0.0011,0.0025,0.2917,0.6214,0.0134,0.1156,0.0857,0.1103,0.0037,0.013,0.0212,0.3441,0.2384,0.2532,24.3626,3,88,82,0,0,0
88,0.0396,25.2356,0.001,0.0022,0.2007,0.4823,0.0096,0.1099,0.059,0.1007,0.0017,0.0113,0.0175,0.2571,0.1405,0.1898,25.9705,0,89,83,0,0,0
89,0.0405,35.3944,0.0009,0.0026,0.41,0.9283,0.0147,0.1863,0.1137,0.199,0.0033,0.0165,0.0205,0.3649,0.1706,0.1681,36.2562,1,90,84,0,0,0
90,0.0728,20.3912,0.0011,0.0022,0.3393,0.8014,0.0288,0.2052,0.0784,0.1461,0.0026,0.0094,0.0223,0.3711,0.2304,0.2557,21.4783,2,91,85,0,0,0
91,0.0726,24.8379,0.0011,0.0036,0.2497,0.5825,0.0112,0.1308,0.0738,0.1151,0.0014,0.0097,0.0139,0.2551,0.1285,0.1729,25.574,3,92,86,0,0,0
92,0.0408,23.7975,0.0013,0.0024,0.2995,1.0223,0.0128,0.2042,0.1196,0.3784,0.0068,0.0114,0.0183,0.4543,0.2017,0.2329,24.8751,0,93,87,0,0,0
93,0.0489,22.2131,0.0006,0.0021,0.3632,0.7426,0.0129,0.155,0.096,0.1111,0.0036,0.0154,0.0272,0.3355,0.2243,0.1852,23.1606,1,94,88,0,0,0
94,0.0665,4.667,0.0014,0.0035,0.3258,0.8321,0.0146,0.1694,0.1193,0.1966,0.0054,0.0177,0.0241,0.37,0.1638,0.149,5.5445,2,95,89,0,0,0
95,0.0514,12.1409,0.0007,0.0029,0.2375,0.4919,0.0108,0.1167,0.0498,0.0751,0.0012,0.0095,0.0135,0.3024,0.1655,0.1502,12.9118,3,96,90,0,0,0
96,0.0484,13.7172,0.002,0.0027,0.4985,1.1036,0.0213,0.2589,0.1348,0.1843,0.0043,0.0179,0.0246,0.7549,0.3959,0.7695,15.9624,0,97,91,0,0,0
97,0.0943,11.4905,0.0009,0.011,0.2119,0.3924,0.0087,0.0825,0.0313,0.056,0.0015,0.0096,0.014,0.2027,0.125,0.1384,12.1414,1,98,92,0,0,0
98,0.0465,25.4515,0.0008,0.0026,0.2176,0.6558,0.01,0.1913,0.0957,0.1339,0.0065,0.0152,0.0214,0.3325,0.1368,0.1491,26.2256,2,99,93,0,0,0
99,0.0599,11.5431,0.0011,0.0028,0.3012,0.7229,0.0123,0.202,0.0781,0.1244,0.0039,0.0143,0.0195,0.3104,0.1798,0.1762,12.4127,3,100,94,0,0,0
100,0.0448,58.1409,0.001,0.0025,0.2609,0.5458,0.0077,0.1307,0.064,0.0794,0.0024,0.0104,0.0141,0.2123,0.128,0.2611,58.9186,0,101,95,0,0,0
101,0.0426,59.5175,0.0015,0.0026,0.3426,0.6716,0.0157,0.1658,0.0614,0.0826,0.0032,0.0159,0.0233,0.4026,0.281,0.1755,60.576,1,102,96,0,0,0
102,0.0605,60.0519,0.0007,0.0031,0.2281,0.4306,0.012,0.0975,0.0314,0.0593,0.0015,0.0105,0.0185,0.2362,0.2146,0.2999,61.0107,2,103,97,0,0,0
103,0.0498,61.621,0.0012,0.0031,0.4609,0.7388,0.0121,0.1369,0.0473,0.0785,0.0025,0.0166,0.0188,0.3254,0.1563,0.2115,62.487,3,104,98,0,0,0
104,0.0446,67.4604,0.0008,0.0039,0.2671,0.7084,0.0104,0.1739,0.1132,0.1405,0.0027,0.0159,0.0245,0.398,0.3437,0.2353,68.6664,0,105,99,0,0,0
105,0.0584,62.3335,0.001,0.0031,0.2204,0.5225,0.0088,0.1087,0.053,0.1282,0.0028,0.0117,0.0168,0.3074,0.1394,0.1753,63.1251,1,106,100,0,0,0
106,0.0759,71.6905,0.001,0.0052,0.2844,0.8036,0.0127,0.1916,0.1125,0.1957,0.0057,0.0132,0.0201,0.3456,0.1275,0.1507,72.494,2,107,101,0,0,0
107,0.0394,84.954,0.0009,0.0024,0.2203,0.487,0.0114,0.1148,0.0524,0.0847,0.0028,0.0114,0.016,0.2751,0.1425,0.193,85.762,3,108,102,0,0,0
108,0.0524,68.4787,0.0013,0.0027,0.3232,0.6744,0.0141,0.1484,0.0722,0.1126,0.0032,0.0136,0.0195,0.3136,0.1627,0.2304,69.3706,0,109,103,0,0,0
109,0.0414,70.3473,0.0011,0.0022,0.3153,0.7952,0.0138,0.1642,0.1327,0.1644,0.0038,0.0168,0.0267,0.3238,0.1481,0.1743,71.1523,1,110,104,0,0,0
110,0.0441,64.5558,0.0014,0.0025,0.2844,0.6678,0.0138,0.1264,0.0435,0.1928,0.0061,0.0136,0.0204,0.3606,0.2177,0.2311,65.5506,2,111,105,0,0,0
111,0.0419,25.8432,0.0015,0.0021,0.3253,0.6904,0.0134,0.1248,0.0919,0.1322,0.0017,0.0109,0.0201,0.2632,0.1488,0.1836,26.6038,3,112,106,0,0,0
112,0.0389,27.3366,0.0011,0.0019,0.283,0.7883,0.0133,0.1955,0.1472,0.1436,0.0049,0.016,0.0211,0.4475,0.2011,0.1971,28.3689,0,113,107,0,0,0
113,0.0538,28.0901,0.0017,0.0028,0.3053,0.7218,0.0119,0.2,0.079,0.1212,0.0036,0.0134,0.0186,0.2948,0.1615,0.2085,28.94,1,114,108,0,0,0
114,0.0399,38.2743,0.0014,0.0023,0.3586,0.9839,0.0143,0.2065,0.155,0.2452,0.0032,0.0164,0.0226,0.4914,0.2071,0.2273,39.3899,2,115,109,0,0,0
115,0.039,13.4825,0.0013,0.0023,0.3227,0.8598,0.0131,0.1842,0.1135,0.2224,0.003,0.0167,0.023,0.3968,0.1325,0.1508,14.3041,3,116,110,0,0,0
116,0.0388,28.0758,0.001,0.0021,0.2304,0.7069,0.0226,0.1375,0.095,0.2172,0.0034,0.0065,0.0155,0.298,0.1449,0.1922,28.8631,0,117,111,0,0,0
117,0.0483,12.948,0.0015,0.0028,0.3105,0.7508,0.0352,0.1965,0.0734,0.1291,0.005,0.0114,0.0228,0.4077,0.1462,0.1884,13.8561,1,118,112,0,0,0
118,0.0391,16.2003,0.0012,0.0023,0.303,0.9196,0.0132,0.1884,0.136,0.2721,0.0055,0.0116,0.02,0.3429,0.2007,0.2551,17.1931,2,119,113,0,0,0
119,0.0544,17.4706,0.0011,0.003,0.2569,0.5915,0.0101,0.1044,0.0713,0.1431,0.0052,0.0251,0.018,0.3066,0.1886,0.2265,18.3802,3,120,114,0,0,0
120,0.0887,15.1919,0.0018,0.0024,0.4135,1.3146,0.0165,0.2719,0.1959,0.4082,0.0074,0.0191,0.0242,0.5227,0.2248,0.2655,16.4646,0,121,115,0,0,0
121,0.1005,8.6429,0.0011,0.0036,0.3185,0.7122,0.0143,0.1684,0.0413,0.1663,0.0026,0.0091,0.017,0.2568,0.1271,0.1488,9.3755,1,122,116,0,0,0
122,0.0659,36.616,0.0012,0.003,0.2835,0.7072,0.0114,0.1408,0.0799,0.1875,0.0029,0.013,0.0183,0.3636,0.1986,0.3581,37.7654,2,123,117,0,0,0
123,0.051,18.0256,0.0009,0.0026,0.4842,0.8243,0.0128,0.1507,0.0735,0.0998,0.0027,0.01,0.0141,0.2556,0.1189,0.1457,18.6912,3,124,118,0,0,0
124,0.04,22.6783,0.0023,0.0024,0.329,0.9546,0.0134,0.1881,0.1268,0.2406,0.0553,0.0201,0.0297,0.6687,0.3428,0.2787,24.2123,0,125,119,0,0,0
125,0.1057,7.9416,0.001,0.0025,0.2384,0.7009,0.0304,0.2081,0.0826,0.1376,0.0031,0.0105,0.0237,0.3322,0.1414,0.1812,8.8255,1,126,120,0,0,0
126,0.1039,17.6098,0.0007,0.0025,0.2444,0.4615,0.0122,0.1003,0.0294,0.0718,0.003,0.0123,0.0237,0.2934,0.2422,0.3971,18.846,2,127,121,0,0,0
127,0.0404,54.2616,0.0011,0.0024,0.3099,0.8753,0.0287,0.1906,0.1372,0.2018,0.006,0.0143,0.0218,0.3747,0.1275,0.1373,55.0598,3,128,122,0,0,0
128,0.0421,54.1847,0.0009,0.0022,0.2842,0.9167,0.014,0.1932,0.1514,0.2674,0.0055,0.0132,0.0226,0.4858,0.1563,0.193,55.1679,0,129,123,0,0,0
129,0.0412,56.4965,0.0011,0.0026,0.3068,0.7803,0.013,0.1848,0.136,0.1352,0.0034,0.0132,0.0185,0.2847,0.1345,0.2719,57.3404,1,130,124,0,0,0
130,0.0405,57.2822,0.0011,0.0024,0.2599,0.6315,0.0125,0.1382,0.0691,0.1456,0.0052,0.0127,0.0203,0.358,0.2019,0.1558,58.1514,2,131,125,0,0,0
131,0.0422,52.407,0.0012,0.0021,0.3101,0.7986,0.0128,0.181,0.1593,0.1309,0.0036,0.0128,0.0206,0.2889,0.1367,0.1666,53.1538,3,132,126,0,0,0
132,0.0374,44.5877,0.0009,0.002,0.2616,0.6839,0.0284,0.1462,0.0666,0.1749,0.0051,0.0093,0.0194,0.298,0.1404,0.1309,45.2915,0,133,127,0,0,0
133,0.0397,43.4828,0.0018,0.0021,0.3012,0.698,0.029,0.1461,0.0697,0.1458,0.0053,0.0096,0.0178,0.2997,0.1295,0.1747,44.2359,1,134,128,0,0,0
134,0.0429,31.8561,0.0015,0.0027,0.2379,0.6342,0.0109,0.1658,0.0709,0.1419,0.0059,0.0124,0.0265,0.3451,0.1588,0.2682,32.8016,2,135,129,0,0,0
135,0.0392,33.8999,0.001,0.002,0.2781,0.6464,0.0102,0.1279,0.0863,0.1396,0.0036,0.0129,0.0174,0.3486,0.2323,0.2741,34.9635,3,136,130,0,0,0
136,0.0394,24.1663,0.0015,0.0021,0.2836,0.7121,0.0125,0.1557,0.0793,0.1741,0.0059,0.0138,0.022,0.3887,0.1727,0.1609,25.0345,0,137,131,0,0,0
137,0.0382,24.8767,0.0009,0.0023,0.2077,0.5002,0.0119,0.1198,0.079,0.0796,0.0018,0.0119,0.0191,0.3009,0.1446,0.1717,25.6484,1,138,132,0,0,0
138,0.041,33.9475,0.0012,0.0025,0.3367,0.8635,0.0134,0.2284,0.0794,0.1974,0.007,0.0138,0.0197,0.5678,0.2372,0.2465,35.2343,2,139,133,0,0,0
139,0.0378,23.8953,0.0014,0.0021,0.2552,0.7291,0.0108,0.1447,0.0881,0.2225,0.0069,0.0136,0.0206,0.3915,0.1596,0.2022,24.8105,3,140,134,0,0,0
140,0.041,14.618,0.0011,0.0025,0.232,0.6349,0.0085,0.1642,0.0759,0.1497,0.004,0.0129,0.0189,0.3142,0.1423,0.2001,15.4359,0,141,135,0,0,0
141,0.0394,26.7618,0.0009,0.0021,0.3054,0.8242,0.0128,0.1603,0.1071,0.2252,0.0125,0.0208,0.0259,0.4324,0.1664,0.1403,27.6589,1,142,136,0,0,0
142,0.0412,26.9413,0.001,0.0025,0.2762,0.6835,0.0129,0.1831,0.0844,0.1225,0.0035,0.0116,0.0191,0.3651,0.1837,0.1849,27.8507,2,143,137,0,0,0
143,0.0425,26.7276,0.0013,0.0022,0.2886,0.9138,0.013,0.2196,0.1196,0.266,0.0058,0.0132,0.0216,0.383,0.1481,0.1471,27.5592,3,144,138,0,0,0
144,0.0413,15.4659,0.0009,0.002,0.2154,0.536,0.0093,0.1129,0.0761,0.1187,0.003,0.0096,0.017,0.2602,0.1403,0.1778,16.1983,0,145,139,0,0,0
145,0.0456,15.1537,0.001,0.0022,0.3062,0.6168,0.0128,0.1503,0.0435,0.1006,0.0027,0.0102,0.0164,0.265,0.123,0.1341,15.8277,1,146,140,0,0,0
146,0.0396,19.8962,0.001,0.0023,0.2533,0.7692,0.0116,0.1844,0.1378,0.1795,0.0016,0.0094,0.014,0.301,0.1292,0.15,20.6213,2,147,141,0,0,0
147,0.0362,24.5846,0.0009,0.0021,0.2834,0.8979,0.0113,0.1893,0.1398,0.2674,0.0056,0.0123,0.0187,0.4518,0.1884,0.1513,25.5476,3,148,142,0,0,0
148,0.0403,11.981,0.001,0.0022,0.2876,0.9083,0.0124,0.2298,0.1185,0.2534,0.0056,0.0144,0.0217,0.2545,0.1094,0.1886,12.6716,0,149,143,0,0,0
149,0.0414,23.6425,0.0012,0.0033,0.264,0.7539,0.0125,0.161,0.0964,0.215,0.0039,0.0132,0.0204,0.4584,0.1591,0.1417,24.5563,1,150,144,0,0,0
150,0.1061,6.4494,0.0012,0.0058,0.4277,0.8251,0.0111,0.1442,0.1124,0.1255,0.0034,0.0114,0.0157,0.2594,0.1194,0.138,7.2088,2,151,145,0,0,0
151,0.0528,23.3907,0.0009,0.0024,0.2362,0.5533,0.0094,0.1324,0.065,0.1076,0.0021,0.009,0.0163,0.3568,0.1249,0.138,24.1799,3,152,146,0,0,0
152,0.0471,21.2981,0.0012,0.0027,0.3035,0.8437,0.0136,0.1864,0.1379,0.1957,0.0057,0.0131,0.0235,0.4585,0.1102,0.1358,22.1913,0,153,147,0,0,0
153,0.0392,12.551,0.0011,0.0023,0.2958,0.8031,0.0115,0.2058,0.0874,0.1958,0.0057,0.0116,0.0173,0.438,0.185,0.1342,13.4589,1,154,148,0,0,0
154,0.037,11.7913,0.0013,0.0021,0.2861,0.5692,0.0093,0.1067,0.0457,0.1179,0.0026,0.0112,0.0159,0.2759,0.1363,0.1963,12.5306,2,155,149,0,0,0
155,0.036,12.1842,0.0011,0.0023,0.2535,0.6043,0.0113,0.1884,0.0847,0.0644,0.0012,0.0096,0.0129,0.2312,0.1093,0.1217,12.7725,3,156,150,0,0,0
156,0.0366,13.0697,0.001,0.0022,0.2433,0.4979,0.0085,0.1098,0.0647,0.0695,0.0014,0.0101,0.0144,0.2886,0.1732,0.2509,13.9652,0,157,151,0,0,0
157,0.0388,22.5722,0.0007,0.0024,0.2768,0.8205,0.0087,0.1371,0.1344,0.2577,0.0049,0.0104,0.0188,0.3578,0.1688,0.1624,23.4144,1,158,152,0,0,0
158,0.16,16.6311,0.001,0.0176,0.2497,0.6871,0.0116,0.1505,0.0716,0.1971,0.0057,0.0157,0.0176,0.4372,0.1823,0.1817,17.741,2,159,153,0,0,0
159,0.0394,23.0319,0.0012,0.0022,0.29,0.9263,0.013,0.1964,0.1527,0.2673,0.0055,0.012,0.02,0.4427,0.1773,0.2152,24.0512,3,160,154,0,0,0
160,0.0451,11.346,0.0012,0.0021,0.2894,0.8632,0.0139,0.1733,0.1334,0.2459,0.0063,0.0148,0.0183,0.2921,0.1121,0.1788,12.079,0,161,155,0,0,0
161,0.0373,13.3765,0.0012,0.0026,0.2805,0.8502,0.0131,0.1872,0.1384,0.2271,0.0028,0.0127,0.0197,0.3152,0.1087,0.1254,14.0639,1,162,156,0,0,0
162,0.0376,11.8929,0.0008,0.002,0.1805,0.5115,0.0077,0.1101,0.0488,0.1576,0.0057,0.0114,0.0175,0.3333,0.181,0.1388,12.6842,2,163,157,0,0,0
163,0.0648,11.6887,0.0011,0.0028,0.25,0.5999,0.0107,0.1353,0.0708,0.1283,0.0036,0.0115,0.0184,0.2857,0.1119,0.1275,12.3733,3,164,158,0,0,0
164,0.0391,24.1521,0.0011,0.0024,0.2817,0.8321,0.0117,0.1833,0.1404,0.2122,0.0019,0.0111,0.0146,0.306,0.1333,0.1451,24.8825,0,165,159,0,0,0
165,0.0531,12.805,0.0009,0.0024,0.2533,0.8929,0.0121,0.1894,0.162,0.2703,0.0048,0.0145,0.0191,0.2897,0.1174,0.1234,13.4872,1,166,160,0,0,0
166,0.0375,13.0661,0.0011,0.0028,0.2538,0.5864,0.0096,0.1546,0.0659,0.0992,0.0027,0.0136,0.0194,0.3242,0.16,0.1419,13.8574,2,167,161,0,0,0
167,0.0401,25.0968,0.0012,0.0024,0.2654,0.7749,0.0118,0.1721,0.1128,0.2063,0.0055,0.0115,0.02,0.4389,0.1767,0.1511,26.0334,3,168,162,0,0,0
168,0.106,10.0443,0.001,0.0044,0.2796,0.5722,0.0236,0.1073,0.0576,0.101,0.0024,0.0057,0.0141,0.2377,0.1116,0.1346,10.7266,0,169,163,0,0,0
169,0.0399,13.4085,0.001,0.0023,0.2532,0.776,0.0259,0.1853,0.1583,0.1509,0.0015,0.0055,0.014,0.2444,0.117,0.1238,14.0304,1,170,164,0,0,0
170,0.0918,20.1694,0.0012,0.0036,0.3045,1.2012,0.0132,0.1911,0.3508,0.3333,0.007,0.0141,0.0438,0.5295,0.1813,0.3299,21.4733,2,171,165,0,0,0
171,0.1014,12.6581,0.0011,0.0038,0.5445,1.0643,0.0134,0.1914,0.1111,0.1984,0.0043,0.0176,0.0237,0.4906,0.2178,0.2239,13.8494,3,172,166,0,0,0
172,0.0666,6.4085,0.0012,0.0036,0.2969,0.8264,0.0116,0.1911,0.1167,0.2061,0.0031,0.0144,0.0209,0.388,0.1198,0.1526,7.244,0,173,167,0,0,0
173,0.0386,23.6631,0.0012,0.0024,0.2873,0.6513,0.0131,0.155,0.0481,0.1427,0.0041,0.0151,0.0208,0.3892,0.2146,0.225,24.686,1,174,168,0,0,0
174,0.039,22.4672,0.0013,0.002,0.2983,0.686,0.0109,0.1391,0.0867,0.147,0.0032,0.0088,0.0151,0.2956,0.1289,0.1488,23.1885,2,175,169,0,0,0
175,0.0418,23.4436,0.0009,0.0022,0.2263,0.5729,0.0083,0.1085,0.0726,0.1521,0.0043,0.0112,0.0164,0.3063,0.1281,0.1387,24.1713,3,176,170,0,0,0
176,0.0373,11.4895,0.0009,0.002,0.2352,0.8046,0.011,0.1726,0.1377,0.2417,0.0054,0.0155,0.0173,0.4193,0.1824,0.274,12.5429,0,177,171,0,0,0
177,0.0485,19.2325,0.0012,0.002,0.3875,1.1008,0.0149,0.2257,0.1927,0.2758,0.0033,0.0153,0.0212,0.467,0.2041,0.2329,20.3392,1,178,172,0,0,0
178,0.0981,6.0863,0.0012,0.0036,0.2706,0.6577,0.0124,0.1453,0.0743,0.1515,0.0029,0.0105,0.0167,0.3181,0.2077,0.1789,7.0201,2,179,173,0,0,0
179,0.0533,10.474,0.001,0.0024,0.2815,0.5661,0.0108,0.0972,0.0445,0.129,0.0026,0.0082,0.0135,0.2466,0.1218,0.1359,11.1302,3,180,174,0,0,0
180,0.1588,13.7051,0.0012,0.0186,0.2605,0.8049,0.0094,0.1889,0.128,0.2111,0.0056,0.0127,0.0189,0.3774,0.1446,0.1552,14.6636,0,181,175,0,0,0
181,0.0391,24.9172,0.0009,0.0022,0.2598,0.6632,0.0111,0.1329,0.0842,0.1709,0.0035,0.009,0.0153,0.2997,0.1354,0.2073,25.7188,1,182,176,0,0,0
182,0.0385,22.4416,0.0009,0.0025,0.2822,0.749,0.0126,0.163,0.0874,0.1986,0.0043,0.0137,0.019,0.3526,0.1521,0.1636,23.2715,2,183,177,0,0,0
183,0.0713,18.9067,0.0017,0.0028,0.4733,1.251,0.016,0.2697,0.1712,0.3105,0.009,0.0161,0.0247,0.5372,0.2331,0.357,20.2824,3,184,178,0,0,0
184,0.0638,7.9072,0.0012,0.0025,0.2631,0.6247,0.0089,0.1312,0.0431,0.1749,0.0029,0.0091,0.0156,0.2716,0.1124,0.1322,8.5854,0,185,179,0,0,0
185,0.0383,26.1143,0.0009,0.0022,0.2557,0.8366,0.0115,0.1855,0.1378,0.2376,0.0075,0.0127,0.0204,0.4582,0.1923,0.1895,27.1358,1,186,180,0,0,0
186,0.0396,21.2252,0.0013,0.0021,0.2695,0.7773,0.0117,0.1585,0.0761,0.2546,0.0059,0.0263,0.0203,0.4227,0.2278,0.369,22.4741,2,187,181,0,0,0
187,0.0376,22.0848,0.0012,0.0024,0.2819,0.7858,0.0131,0.172,0.0825,0.2258,0.009,0.0138,0.0205,0.3717,0.1306,0.1538,22.8953,3,188,182,0,0,0
188,0.0372,24.668,0.0015,0.0022,0.325,0.8909,0.0132,0.2006,0.0873,0.2583,0.0056,0.0117,0.0199,0.3235,0.1292,0.151,25.4186,0,189,183,0,0,0
189,0.0379,11.6434,0.0009,0.0022,0.2635,0.5959,0.0124,0.1345,0.0634,0.1189,0.0026,0.0086,0.0136,0.2444,0.1203,0.124,12.2663,1,190,184,0,0,0
190,0.0402,14.7385,0.0009,0.0022,0.2567,0.7671,0.0117,0.1811,0.1314,0.1771,0.0081,0.0179,0.0268,0.3398,0.1377,0.1749,15.5678,2,191,185,0,0,0
191,0.0373,27.9102,0.0009,0.0021,0.3558,0.7085,0.0102,0.1488,0.0677,0.1222,0.0029,0.0114,0.0158,0.3043,0.1506,0.2293,28.7459,3,192,186,0,0,0
192,0.0761,1.9736,0.0009,0.0034,0.2656,0.5699,0.0101,0.1506,0.04,0.1017,0.0014,0.0076,0.0128,0.2292,0.1104,0.1315,2.6157,0,193,187,0,0,0
193,0.0391,24.1958,0.001,0.0018,0.2569,0.7812,0.0117,0.1725,0.0756,0.2575,0.006,0.014,0.0186,0.4614,0.1542,0.1616,25.1347,1,194,188,0,0,0
194,0.0613,10.4832,0.0011,0.003,0.2507,0.7735,0.0105,0.1865,0.124,0.195,0.0057,0.0163,0.0209,0.295,0.139,0.184,11.288,2,195,189,0,0,0
195,0.041,15.3185,0.0012,0.0025,0.2482,0.6586,0.0111,0.1399,0.079,0.1736,0.0057,0.0122,0.0178,0.3269,0.1116,0.1256,16.0233,3,196,190,0,0,0
196,0.038,23.389,0.0009,0.0021,0.3014,0.921,0.0115,0.2172,0.145,0.2383,0.0067,0.0149,0.0216,0.4483,0.1738,0.168,24.3546,0,197,191,0,0,0
197,0.0392,10.8555,0.0009,0.0021,0.2737,0.7886,0.012,0.1735,0.1191,0.2062,0.0031,0.0096,0.0162,0.2657,0.1237,0.1407,11.5316,1,198,192,0,0,0
198,0.0388,15.2683,0.0011,0.0022,0.2513,0.5839,0.0112,0.1525,0.0686,0.097,0.0026,0.0079,0.0139,0.2385,0.1157,0.131,15.8897,2,199,193,0,0,0
199,0.0403,17.6762,0.0035,0.0023,0.8941,3.4197,0.0371,1.1135,0.5735,0.7899,0.008,0.0318,0.0503,1.0353,0.3825,0.3633,19.7876,3,200,194,0,0,0
200,0.0426,3.8504,0.001,0.0027,0.2838,0.6566,0.0111,0.1527,0.0688,0.1367,0.0028,0.0112,0.0138,0.4173,0.1726,0.1434,4.7427,0,201,195,0,0,0
201,0.0388,24.4099,0.001,0.0022,0.2646,0.7125,0.0111,0.1685,0.0815,0.1838,0.002,0.0094,0.0187,0.3202,0.1474,0.1621,25.1981,1,202,196,0,0,0
202,0.1009,9.5913,0.0011,0.0056,0.2874,0.8264,0.0111,0.1869,0.1718,0.1656,0.0024,0.0116,0.0171,0.3042,0.1728,0.1627,10.4633,2,203,197,0,0,0
203,0.0377,13.3403,0.0009,0.0019,0.2919,0.6668,0.0097,0.1472,0.0744,0.14,0.0027,0.0098,0.0149,0.248,0.1162,0.2022,14.0429,3,204,198,0,0,0
204,0.0412,12.2521,0.0007,0.0026,0.1918,0.5073,0.0081,0.0898,0.0569,0.1574,0.0027,0.0127,0.0189,0.2892,0.119,0.1238,12.928,0,205,199,0,0,0
205,0.0385,24.873,0.0011,0.0023,0.2564,0.8476,0.011,0.1857,0.1359,0.2519,0.0056,0.0118,0.021,0.274,0.1419,0.1493,25.6085,1,206,200,0,0,0
206,0.0393,12.3522,0.0011,0.0027,0.2617,0.6895,0.0112,0.1624,0.0649,0.183,0.0053,0.0128,0.0174,0.3091,0.1951,0.3115,13.3523,2,207,201,0,0,0
207,0.0398,22.5756,0.0011,0.0026,0.2519,0.7029,0.0113,0.1524,0.0645,0.2186,0.0032,0.0123,0.0144,0.2414,0.125,0.1407,23.2239,3,208,202,0,0,0
208,0.0379,13.845,0.0009,0.0025,0.293,0.7497,0.0134,0.1894,0.0984,0.1504,0.0042,0.0122,0.0188,0.3729,0.1657,0.1696,14.7335,0,209,203,0,0,0
209,0.0382,24.8915,0.001,0.002,0.2577,0.6559,0.011,0.1393,0.076,0.1654,0.0057,0.0118,0.0172,0.3566,0.161,0.1559,25.7127,1,210,204,0,0,0
210,0.1051,17.2408,0.0012,0.003,0.3459,1.0976,0.0147,0.2433,0.146,0.339,0.0072,0.0141,0.0237,0.5396,0.2084,0.2292,18.4891,2,211,205,0,0,0
211,0.0976,10.4467,0.0011,0.0041,0.3178,0.6519,0.0139,0.1147,0.0647,0.1369,0.003,0.0141,0.0191,0.3178,0.1698,0.2106,11.3729,3,212,206,0,0,0
212,0.0386,26.5836,0.0011,0.002,0.29,0.7106,0.0133,0.1698,0.0725,0.1578,0.0064,0.0128,0.0218,0.3794,0.1597,0.1663,27.4456,0,213,207,0,0,0
213,0.0406,12.529,0.0011,0.002,0.2587,0.5553,0.0117,0.1469,0.042,0.0942,0.0013,0.0094,0.0144,0.2222,0.1168,0.1292,13.139,1,214,208,0,0,0
214,0.0393,26.7804,0.0009,0.0024,0.2854,0.6639,0.0097,0.1422,0.0619,0.1593,0.0045,0.0099,0.0168,0.3363,0.1388,0.1538,27.5676,2,215,209,0,0,0
215,0.0544,12.1925,0.001,0.0035,0.3513,0.7451,0.013,0.1578,0.0835,0.1324,0.0061,0.0142,0.0212,0.3868,0.1366,0.2003,13.0822,3,216,210,0,0,0
216,0.0391,12.4178,0.0006,0.0023,0.1661,0.423,0.0074,0.0978,0.0408,0.109,0.0014,0.0096,0.0131,0.248,0.1656,0.2974,13.3732,0,217,211,0,0,0
217,0.0509,25.0162,0.0013,0.0023,0.2529,0.6724,0.0107,0.1425,0.0781,0.1816,0.0057,0.0117,0.0188,0.3526,0.1198,0.1281,25.7661,1,218,212,0,0,0
218,0.0393,12.6207,0.0011,0.0026,0.2821,0.6098,0.0113,0.1375,0.0659,0.1084,0.0037,0.0126,0.0174,0.2562,0.1139,0.1339,13.3433,2,219,213,0,0,0
219,0.038,13.1392,0.0009,0.0021,0.2618,0.8292,0.0113,0.151,0.1354,0.2632,0.0055,0.0117,0.0195,0.3507,0.1207,0.1347,13.8909,3,220,214,0,0,0
220,0.0361,19.4936,0.0014,0.0023,0.3783,1.0651,0.0146,0.2267,0.0932,0.3439,0.0073,0.0171,0.0221,0.5522,0.2005,0.2163,20.6751,0,221,215,0,0,0
221,0.0645,7.6134,0.001,0.0029,0.2549,0.8291,0.0109,0.1861,0.1399,0.2317,0.0045,0.0082,0.0137,0.2439,0.1111,0.1388,8.2672,1,222,216,0,0,0
222,0.0427,24.0754,0.0011,0.0026,0.3136,0.8935,0.0106,0.1881,0.1431,0.2312,0.0057,0.0117,0.0193,0.465,0.1878,0.1912,25.1293,2,223,217,0,0,0
223,0.0394,24.952,0.0011,0.002,0.2922,0.8295,0.0136,0.1816,0.1037,0.2325,0.005,0.01,0.0166,0.3234,0.1406,0.1464,25.7184,3,224,218,0,0,0
224,0.039,14.987,0.001,0.0021,0.3413,0.8476,0.0138,0.1708,0.1114,0.2035,0.0058,0.0156,0.0197,0.3519,0.117,0.131,15.7323,0,225,219,0,0,0
225,0.0376,13.811,0.0011,0.0024,0.2881,0.603,0.0128,0.1479,0.0563,0.0946,0.0028,0.011,0.0169,0.2458,0.131,0.1487,14.4889,1,226,220,0,0,0
226,0.0383,13.865,0.0008,0.0026,0.2789,0.5925,0.011,0.1678,0.0408,0.0901,0.003,0.0094,0.015,0.2942,0.1386,0.1846,14.7141,2,227,221,0,0,0
227,0.0524,14.4674,0.0008,0.0021,0.2573,0.7442,0.0122,0.166,0.0749,0.227,0.006,0.0137,0.0197,0.3727,0.1519,0.186,15.3604,3,228,222,0,0,0
228,0.0384,11.9389,0.0007,0.002,0.1791,0.4401,0.0098,0.1005,0.0518,0.0951,0.0028,0.0089,0.0171,0.2602,0.1211,0.2146,12.694,0,229,223,0,0,0
229,0.0372,13.8898,0.001,0.002,0.255,0.8731,0.0116,0.1939,0.1403,0.2656,0.0056,0.0131,0.0186,0.262,0.1181,0.1371,14.5509,1,230,224,0,0,0
230,0.0383,13.6207,0.0009,0.0023,0.21,0.5489,0.0097,0.1687,0.0796,0.0783,0.0019,0.0093,0.0142,0.297,0.1514,0.2381,14.4747,2,231,225,0,0,0
231,0.0389,23.4609,0.001,0.0021,0.1948,0.6081,0.0099,0.1353,0.0853,0.1785,0.0036,0.0101,0.0154,0.314,0.1426,0.1628,24.2354,3,232,226,0,0,0
232,0.0451,20.3368,0.0012,0.0025,0.305,0.8642,0.013,0.1913,0.0857,0.2648,0.0032,0.0157,0.022,0.477,0.255,0.2094,21.4849,0,233,227,0,0,0
233,0.0658,11.3059,0.0015,0.0024,0.2897,0.9246,0.0132,0.2119,0.1397,0.2635,0.0056,0.0119,0.0198,0.2885,0.1207,0.1362,12.0249,1,234,228,0,0,0
234,0.0436,13.4997,0.0012,0.0019,0.3066,0.5669,0.0103,0.1053,0.053,0.0891,0.002,0.0098,0.0189,0.2604,0.1445,0.1365,14.1901,2,235,229,0,0,0
235,0.0386,14.4448,0.0014,0.0025,0.2533,0.579,0.012,0.1558,0.0656,0.0889,0.0029,0.0158,0.0165,0.2753,0.1222,0.1463,15.136,3,236,230,0,0,0
236,0.0407,13.2833,0.0011,0.0023,0.2543,0.8644,0.0113,0.1861,0.136,0.2701,0.0055,0.0119,0.0199,0.3109,0.1157,0.1396,13.9957,0,237,231,0,0,0
237,0.038,12.5385,0.0007,0.002,0.18,0.4379,0.0202,0.1271,0.043,0.0656,0.0017,0.0067,0.0157,0.3645,0.216,0.2202,13.5414,1,238,232,0,0,0
238,0.0503,12.7363,0.0009,0.004,0.2792,0.7984,0.0247,0.1633,0.1491,0.1776,0.0037,0.0096,0.0155,0.2907,0.1206,0.1423,13.4438,2,239,233,0,0,0
239,0.047,10.7584,0.001,0.0022,0.2578,0.7011,0.0126,0.1364,0.0557,0.232,0.0055,0.0139,0.0213,0.3675,0.1544,0.1942,11.6546,3,240,234,0,0,0
240,0.1013,21.2083,0.0009,0.0033,0.1984,0.5712,0.0088,0.1275,0.0783,0.1538,0.0037,0.0106,0.0169,0.3104,0.1397,0.154,22.0285,0,241,235,0,0,0
241,0.0359,25.7331,0.001,0.0026,0.2561,0.691,0.011,0.2133,0.094,0.1141,0.0016,0.0098,0.0157,0.2313,0.1206,0.1425,26.3682,1,242,236,0,0,0
242,0.0371,11.9297,0.0012,0.0022,0.2844,0.6456,0.0128,0.1937,0.0807,0.0721,0.0014,0.0096,0.0166,0.2887,0.1661,0.2202,12.7596,2,243,237,0,0,0
243,0.0387,13.5681,0.0011,0.0021,0.2655,0.6027,0.0117,0.1327,0.0589,0.1286,0.0048,0.0084,0.0144,0.2482,0.1184,0.1313,14.2116,3,244,238,0,0,0
244,0.0388,15.6986,0.0008,0.0026,0.2294,0.6501,0.0083,0.155,0.0874,0.1644,0.0046,0.0122,0.0184,0.3824,0.1277,0.1528,16.5131,0,245,239,0,0,0
245,0.0385,24.2935,0.0011,0.0024,0.2944,0.7127,0.011,0.1446,0.0815,0.174,0.006,0.0126,0.0188,0.3655,0.1216,0.2129,25.1412,1,246,240,0,0,0
246,0.0412,20.7735,0.0014,0.002,0.3091,0.93,0.0137,0.1875,0.0903,0.3219,0.0062,0.0126,0.0208,0.4879,0.2816,0.4047,22.3314,2,247,241,0,0,0
247,0.0592,4.4341,0.0011,0.0038,0.294,0.61,0.0142,0.1126,0.0668,0.1191,0.0026,0.0094,0.0168,0.2522,0.1305,0.1243,5.1187,3,248,242,0,0,0
248,0.0381,16.0539,0.0011,0.0022,0.3088,0.7136,0.0104,0.132,0.0755,0.1722,0.0139,0.0192,0.0245,0.4256,0.1415,0.1175,16.8898,0,249,243,0,0,0
249,0.0385,23.5544,0.0013,0.0026,0.2837,0.5708,0.0093,0.1212,0.0768,0.0775,0.0017,0.0099,0.0141,0.2793,0.1366,0.1351,24.2452,1,250,244,0,0,0
250,0.0396,13.6689,0.0008,0.0021,0.2229,0.7309,0.0087,0.1796,0.0958,0.2185,0.0046,0.0102,0.0176,0.2631,0.1187,0.1174,14.3129,2,251,245,0,0,0
251,0.0373,24.1399,0.001,0.0021,0.2565,0.8039,0.0113,0.1868,0.1263,0.2191,0.0028,0.0145,0.0197,0.3594,0.1333,0.1233,24.9074,3,252,246,0,0,0
252,0.073,9.0657,0.0012,0.0034,0.322,0.7767,0.0121,0.1805,0.0924,0.1636,0.0052,0.0134,0.0215,0.3324,0.1023,0.111,9.7984,0,253,247,0,0,0
253,0.0383,13.4359,0.001,0.0027,0.2762,0.5245,0.0083,0.0969,0.0532,0.0874,0.0019,0.0085,0.0163,0.2645,0.1241,0.1385,14.1028,1,254,248,0,0,0
254,0.0392,20.7162,0.0013,0.0024,0.326,1.12,0.013,0.191,0.178,0.4037,0.0072,0.0143,0.0235,0.4962,0.2068,0.2886,21.9058,2,255,249,0,0,0
255,0.0684,8.1816,0.0011,0.0033,0.2565,0.8731,0.0113,0.1824,0.1767,0.2396,0.0055,0.012,0.0208,0.3464,0.1073,0.1101,8.9127,3,256,250,0,0,0
256,0.0392,21.8571,0.0011,0.002,0.2597,0.874,0.0109,0.1948,0.1387,0.2631,0.0055,0.0115,0.0203,0.4108,0.1565,0.1491,22.7354,0,257,251,0,0,0
257,0.0375,11.9225,0.0013,0.0021,0.2715,0.6123,0.0101,0.1243,0.0498,0.1523,0.0034,0.0108,0.0179,0.3316,0.1582,0.1209,12.6781,1,258,252,0,0,0
258,0.0386,24.5206,0.001,0.0019,0.2571,0.6023,0.0096,0.1265,0.0779,0.1267,0.0038,0.0121,0.0152,0.3235,0.1314,0.1268,25.2478,2,259,253,0,0,0
259,0.0385,11.6456,0.0009,0.002,0.205,0.5125,0.0268,0.1247,0.0465,0.1063,0.0026,0.0072,0.0163,0.2515,0.1229,0.1643,12.3351,3,260,254,0,0,0
260,0.0401,12.6789,0.0008,0.002,0.2582,0.6506,0.0248,0.1655,0.0657,0.1318,0.0039,0.0111,0.0169,0.3281,0.1171,0.1177,13.3762,0,261,255,0,0,0
261,0.0372,21.0738,0.0017,0.0025,0.4521,1.3443,0.0366,0.3122,0.1583,0.3784,0.0049,0.0157,0.0311,0.602,0.2489,0.2028,22.351,1,262,256,0,0,0
262,0.0732,6.9549,0.001,0.0028,0.2592,0.5535,0.0106,0.1043,0.0544,0.1214,0.0028,0.0086,0.0142,0.2394,0.1178,0.1193,7.6009,2,263,257,0,0,0
263,0.0398,21.1618,0.0013,0.0021,0.2759,0.9016,0.0118,0.2087,0.1292,0.2695,0.0056,0.0115,0.0204,0.4337,0.1782,0.1638,22.1138,3,264,258,0,0,0
264,0.0451,21.625,0.001,0.0025,0.2681,0.7842,0.0115,0.1869,0.1255,0.1849,0.0064,0.0138,0.0183,0.4056,0.1677,0.1507,22.5262,0,265,259,0,0,0
265,0.1569,17.5186,0.0011,0.0195,0.318,0.6259,0.0101,0.1235,0.063,0.1073,0.003,0.0114,0.0184,0.2662,0.1329,0.1303,18.3266,1,266,260,0,0,0
266,0.0387,21.2483,0.0014,0.0025,0.4477,1.3276,0.0146,0.2671,0.1999,0.3886,0.0082,0.0154,0.0277,0.5603,0.2137,0.2324,22.4568,2,267,261,0,0,0
267,0.0649,13.7521,0.0023,0.0033,0.4789,1.3776,0.0198,0.3084,0.1111,0.4475,0.0101,0.0169,0.0284,0.6727,0.2444,0.2211,15.1397,3,268,262,0,0,0
268,0.0454,12.9433,0.0015,0.0026,0.368,1.0622,0.014,0.2151,0.1551,0.3025,0.0063,0.0155,0.0356,0.4802,0.1738,0.1694,13.9633,0,269,263,0,0,0
269,0.1082,19.0852,0.0012,0.0043,0.3811,0.9901,0.0129,0.1867,0.1338,0.2689,0.0055,0.0118,0.0201,0.416,0.1634,0.238,20.1433,1,270,264,0,0,0
270,0.0828,7.3625,0.0012,0.0052,0.2963,0.8539,0.0124,0.2123,0.1073,0.2207,0.0039,0.0112,0.0156,0.2867,0.1213,0.12,8.0813,2,271,265,0,0,0
271,0.0386,25.6147,0.0011,0.0023,0.2611,0.5825,0.0105,0.1426,0.0534,0.1105,0.0034,0.0116,0.0177,0.3188,0.1298,0.1792,26.3985,3,272,266,0,0,0
272,0.0393,12.1361,0.0008,0.0027,0.2484,0.7409,0.0117,0.2041,0.1139,0.157,0.0048,0.0098,0.0182,0.3496,0.1754,0.2364,13.073,0,273,267,0,0,0
273,0.0398,19.0188,0.0015,0.0021,0.3919,1.2309,0.0164,0.2896,0.207,0.3194,0.0049,0.0189,0.0262,0.5347,0.2059,0.1847,20.1478,1,274,268,0,0,0
274,0.076,6.5444,0.001,0.0045,0.2961,0.8733,0.0126,0.1746,0.0744,0.3085,0.0059,0.0127,0.0145,0.3194,0.1332,0.1298,7.3115,2,275,269,0,0,0
275,0.0445,12.2536,0.0008,0.0023,0.2717,0.663,0.01,0.1257,0.0729,0.1759,0.0059,0.0114,0.0166,0.3106,0.1595,0.1502,13.0407,3,276,270,0,0,0
276,0.0394,12.6753,0.0014,0.0028,0.26,0.5798,0.0109,0.1221,0.0927,0.0893,0.0039,0.0111,0.0133,0.2563,0.1492,0.2203,13.4742,0,277,271,0,0,0
277,0.0387,22.2472,0.001,0.0022,0.2592,0.6419,0.0125,0.1375,0.0907,0.1395,0.0017,0.011,0.0151,0.2874,0.1205,0.1176,22.911,1,278,272,0,0,0
278,0.0396,11.6017,0.0012,0.0022,0.2569,0.8187,0.011,0.1949,0.1382,0.2144,0.0025,0.0082,0.0135,0.2376,0.1036,0.1019,12.1766,2,279,273,0,0,0
279,0.0384,13.9454,0.0014,0.0026,0.2855,0.5683,0.0113,0.1422,0.0324,0.0934,0.0026,0.0077,0.0146,0.2542,0.1037,0.1049,14.5385,3,280,274,0,0,0
280,0.0412,12.7243,0.0009,0.0023,0.2579,0.7048,0.0113,0.1661,0.0842,0.1821,0.0026,0.0078,0.0135,0.2245,0.1027,0.1567,13.3432,0,281,275,0,0,0
281,0.0391,12.3965,0.001,0.002,0.2601,0.7411,0.0111,0.1768,0.1372,0.1526,0.0027,0.0088,0.0131,0.2438,0.1067,0.1064,12.9869,1,282,276,0,0,0
282,0.0394,12.7755,0.001,0.002,0.2498,0.5542,0.0083,0.1115,0.0645,0.1165,0.0032,0.0121,0.0163,0.2672,0.1229,0.1253,13.44,2,283,277,0,0,0
283,0.0541,11.2206,0.0014,0.0032,0.2778,0.6874,0.0108,0.1698,0.0736,0.1489,0.0056,0.0113,0.018,0.2613,0.1047,0.1036,11.8422,3,284,278,0,0,0
284,0.0383,13.7986,0.001,0.0022,0.2619,0.688,0.0119,0.1695,0.0606,0.1805,0.0027,0.0134,0.0174,0.3031,0.1221,0.118,14.4896,0,285,279,0,0,0
285,0.0379,24.4098,0.0009,0.0025,0.2663,0.7051,0.0119,0.157,0.087,0.1785,0.0037,0.0097,0.0157,0.3206,0.1306,0.1233,25.1303,1,286,280,0,0,0
286,0.044,5.1486,0.0012,0.0031,0.2244,0.5296,0.0097,0.1369,0.0519,0.1031,0.0026,0.0094,0.0148,0.2526,0.1062,0.1092,5.7526,2,287,281,0,0,0
287,0.0478,21.4459,0.0011,0.0026,0.3749,1.0862,0.0158,0.2387,0.1501,0.299,0.0062,0.0136,0.0221,0.501,0.1772,0.1686,22.4807,3,288,282,0,0,0
288,0.1666,6.7894,0.0015,0.0046,0.278,0.8684,0.0106,0.207,0.1689,0.1908,0.0122,0.0205,0.0292,0.4251,0.1753,0.1633,7.895,0,289,283,0,0,0
289,0.0479,13.6548,0.0012,0.0025,0.2878,0.7219,0.0129,0.2041,0.0767,0.1341,0.0052,0.017,0.0221,0.3919,0.1056,0.1888,14.495,1,290,284,0,0,0
290,0.1569,14.0949,0.0012,0.0164,0.3319,0.9814,0.0158,0.2643,0.1326,0.2331,0.0028,0.0145,0.0208,0.437,0.1778,0.1535,15.1538,2,291,285,0,0,0
291,0.0978,12.8459,0.0013,0.0083,0.2665,0.6184,0.0111,0.1525,0.0836,0.1025,0.0016,0.0117,0.0209,0.3005,0.1384,0.1414,13.6492,3,292,286,0,0,0
292,0.1075,7.7485,0.0015,0.0027,0.432,0.8838,0.0216,0.2168,0.0875,0.1233,0.002,0.0162,0.0279,0.3766,0.123,0.1264,8.6175,0,293,287,0,0,0
293,0.0833,8.3415,0.0014,0.0033,0.2845,0.5438,0.0128,0.1069,0.0279,0.108,0.0029,0.01,0.0144,0.1906,0.0984,0.133,8.9685,1,294,288,0,0,0
294,0.0434,23.3492,0.0014,0.0028,0.3107,0.7644,0.0151,0.1852,0.0777,0.1717,0.0029,0.0152,0.022,0.3274,0.1327,0.1356,24.1095,2,295,289,0,0,0
295,0.067,31.8133,0.001,0.0031,0.3749,0.9003,0.0118,0.1795,0.1354,0.1952,0.0025,0.011,0.0168,0.2573,0.0987,0.1515,32.4805,3,296,290,0,0,0
296,0.0405,23.438,0.0018,0.0021,0.3951,1.2776,0.0165,0.2714,0.2011,0.3817,0.0102,0.0157,0.0248,0.4348,0.2148,0.2088,24.5001,0,297,291,0,0,0
297,0.0942,12.7493,0.001,0.0094,0.2448,0.6709,0.0113,0.1987,0.0721,0.139,0.0042,0.0096,0.0172,0.3252,0.1302,0.1111,13.5197,1,298,292,0,0,0
298,0.0393,26.2564,0.001,0.0023,0.289,0.8997,0.0115,0.1855,0.1365,0.2709,0.0055,0.0117,0.0213,0.2691,0.1129,0.1085,26.8907,2,299,293,0,0,0
299,0.0406,11.8402,0.0012,0.0025,0.2787,0.582,0.0232,0.1105,0.0568,0.1097,0.0025,0.0059,0.018,0.266,0.1169,0.1008,12.4818,3,300,294,0,0,0
300,0.0368,22.3108,0.001,0.0021,0.2882,0.9311,0.0128,0.2088,0.1823,0.2323,0.0056,0.0138,0.0206,0.4208,0.1601,0.1476,23.2084,0,301,295,0,0,0
301,0.0441,23.2174,0.0011,0.0025,0.2936,0.6027,0.0131,0.1371,0.0627,0.0924,0.003,0.0102,0.0171,0.2863,0.1176,0.1181,23.8912,1,302,296,0,0,0
302,0.0598,11.0992,0.0011,0.0028,0.3005,0.9245,0.0139,0.1847,0.1495,0.2695,0.0055,0.0119,0.0206,0.3034,0.0962,0.1516,11.801,2,303,297,0,0,0
303,0.0477,22.7479,0.0009,0.0022,0.3392,0.5931,0.0076,0.0971,0.0466,0.1001,0.0021,0.0114,0.0147,0.2742,0.2671,0.1259,23.5588,3,304,298,0,0,0
304,0.0425,24.1887,0.0008,0.0024,0.229,0.5933,0.0097,0.157,0.0732,0.1209,0.0031,0.0081,0.0133,0.2378,0.1086,0.0893,24.7552,0,305,299,0,0,0
305,0.0877,12.6546,0.0008,0.0064,0.2537,0.6797,0.0176,0.1384,0.073,0.1921,0.0039,0.0112,0.0175,0.321,0.1884,0.143,13.5158,1,306,300,0,0,0
306,0.0446,10.7577,0.0008,0.0022,0.2566,0.6929,0.0109,0.1746,0.0869,0.1608,0.0023,0.0093,0.0135,0.204,0.1342,0.1666,11.4228,2,307,301,0,0,0
307,0.0383,21.242,0.0013,0.002,0.4382,1.2516,0.0342,0.2454,0.1804,0.3451,0.0072,0.0109,0.0269,0.5109,0.1967,0.1259,22.285,3,308,302,0,0,0
308,0.1114,9.9049,0.0011,0.0036,0.3273,0.6205,0.0129,0.1205,0.0545,0.1018,0.0028,0.0123,0.0159,0.2782,0.1126,0.0926,10.6138,0,309,303,0,0,0
309,0.0357,20.8708,0.0014,0.0021,0.3595,1.1488,0.0154,0.273,0.2008,0.2952,0.0036,0.0155,0.024,0.5213,0.1928,0.1425,21.9014,1,310,304,0,0,0
310,0.0512,3.4239,0.001,0.0027,0.2833,0.756,0.0122,0.1823,0.1044,0.1673,0.0055,0.0131,0.0204,0.4217,0.1378,0.1054,4.2363,2,311,305,0,0,0
311,0.0376,12.7964,0.001,0.002,0.263,0.5059,0.0117,0.1001,0.044,0.0847,0.0015,0.0087,0.0138,0.2431,0.1006,0.0872,13.3505,3,312,306,0,0,0
312,0.0399,10.7387,0.0009,0.0024,0.2672,0.5479,0.0091,0.1067,0.0592,0.1024,0.0027,0.0083,0.0129,0.2811,0.0979,0.0913,11.3333,0,313,307,0,0,0
313,0.0419,13.3357,0.001,0.0025,0.2612,0.6542,0.0095,0.1104,0.0754,0.1935,0.0034,0.0085,0.0153,0.2611,0.111,0.0877,13.9382,1,314,308,0,0,0
314,0.0359,21.8853,0.0011,0.0018,0.2721,0.6668,0.0109,0.1379,0.0684,0.1737,0.003,0.0082,0.015,0.2788,0.1108,0.0872,22.488,2,315,309,0,0,0
315,0.0383,12.4093,0.0011,0.0021,0.2621,0.724,0.0108,0.1712,0.0942,0.1815,0.0032,0.0102,0.0135,0.2403,0.0987,0.1625,13.0414,3,316,310,0,0,0
316,0.0391,22.3957,0.0013,0.0022,0.3149,0.7181,0.0117,0.1486,0.0956,0.141,0.0054,0.0163,0.0175,0.3521,0.1304,0.108,23.1381,0,317,311,0,0,0
317,0.0466,12.6978,0.0015,0.0022,0.3016,0.6047,0.0135,0.108,0.0583,0.1199,0.0025,0.0112,0.0162,0.2502,0.1093,0.1763,13.3803,1,318,312,0,0,0
318,0.0388,13.426,0.0011,0.0022,0.2634,0.6365,0.0112,0.1524,0.0703,0.1357,0.0027,0.011,0.0152,0.3024,0.1694,0.086,14.1335,2,319,313,0,0,0
319,0.0562,11.6171,0.0009,0.0029,0.2448,0.5152,0.0104,0.1074,0.057,0.0923,0.0027,0.0092,0.0132,0.2447,0.0985,0.0871,12.1856,3,320,314,0,0,0
320,0.0453,20.3454,0.0013,0.0021,0.3548,1.027,0.0141,0.2367,0.1731,0.244,0.0031,0.0148,0.0214,0.4543,0.174,0.1441,21.2869,0,321,315,0,0,0
321,0.0873,7.3555,0.0022,0.0039,0.3131,0.8979,0.0116,0.2201,0.0941,0.2511,0.0069,0.0117,0.02,0.4312,0.1561,0.0835,8.2176,1,322,316,0,0,0
322,0.0424,11.8223,0.0009,0.0021,0.2663,0.6419,0.0119,0.1697,0.0928,0.0988,0.0014,0.0091,0.0142,0.2333,0.0888,0.0989,12.3671,2,323,317,0,0,0
323,0.0401,11.2803,0.0007,0.0022,0.208,0.5305,0.0087,0.0958,0.0808,0.1332,0.0033,0.0122,0.016,0.2763,0.0986,0.0845,11.874,3,324,318,0,0,0
324,0.038,13.1768,0.001,0.0022,0.2501,0.6685,0.0103,0.1324,0.0712,0.1989,0.0049,0.0107,0.0145,0.2781,0.0951,0.0842,13.759,0,325,319,0,0,0
325,0.0394,11.3343,0.0007,0.0022,0.2413,0.6746,0.0868,0.1451,0.0767,0.122,0.0019,0.0112,0.0147,0.2778,0.102,0.0942,11.9396,1,326,320,0,0,0
326,0.039,13.2065,0.0012,0.0028,0.2649,0.7353,0.0112,0.189,0.1296,0.138,0.0016,0.0105,0.0143,0.3289,0.1701,0.1185,13.9835,2,327,321,0,0,0
327,0.0403,24.1271,0.0011,0.0023,0.2681,0.6224,0.0114,0.1659,0.0643,0.1084,0.0034,0.0113,0.0145,0.319,0.1039,0.1371,24.8157,3,328,322,0,0,0
328,0.0502,11.2428,0.0008,0.0027,0.271,0.5461,0.0085,0.1061,0.0584,0.0996,0.0017,0.0091,0.0155,0.2484,0.105,0.0886,11.8252,0,329,323,0,0,0
329,0.0407,11.3356,0.001,0.0022,0.2616,0.8391,0.0115,0.1861,0.1691,0.2074,0.0026,0.0085,0.014,0.2557,0.0938,0.0814,11.8894,1,330,324,0,0,0
330,0.0686,14.9813,0.0024,0.0026,0.6068,1.6635,0.0193,0.3111,0.1455,0.5689,0.01,0.0188,0.0294,0.7226,0.2314,0.1893,16.3507,2,331,325,0,0,0
331,0.0504,4.0693,0.0011,0.0033,0.2367,0.6368,0.0091,0.1203,0.0779,0.188,0.0039,0.0107,0.0167,0.2896,0.1164,0.0889,4.7026,3,332,326,0,0,0
332,0.0371,23.8271,0.0009,0.0023,0.286,0.7745,0.0114,0.1505,0.0624,0.2579,0.0055,0.0114,0.0189,0.4397,0.1087,0.1447,24.651,0,333,327,0,0,0
333,0.0378,11.1444,0.0013,0.0025,0.2749,0.5336,0.0082,0.0931,0.0411,0.1131,0.0026,0.0082,0.0147,0.2725,0.0924,0.0932,11.7409,1,334,328,0,0,0
334,0.0398,27.8407,0.0009,0.0023,0.2635,0.8644,0.0253,0.1819,0.131,0.257,0.0049,0.0076,0.0186,0.2767,0.1013,0.0834,28.4383,2,335,329,0,0,0
335,0.0376,19.966,0.0016,0.0024,0.3974,0.9568,0.0137,0.1795,0.1291,0.2328,0.0031,0.015,0.0217,0.4597,0.1703,0.1242,20.8929,3,336,330,0,0,0
336,0.0603,3.9087,0.0012,0.0043,0.2771,0.6036,0.0138,0.1444,0.0621,0.1034,0.0022,0.0137,0.02,0.3021,0.1556,0.2378,4.8138,0,337,331,0,0,0
337,0.039,21.5291,0.0018,0.0022,0.4022,1.2168,0.0386,0.2761,0.1433,0.3483,0.0071,0.0115,0.024,0.5461,0.1811,0.1304,22.56,1,338,332,0,0,0
338,0.0918,7.5943,0.0014,0.0045,0.2935,0.869,0.0401,0.1887,0.1346,0.2053,0.0055,0.009,0.0197,0.4436,0.148,0.0799,8.4686,2,339,333,0,0,0
339,0.0393,11.0369,0.0008,0.002,0.2775,0.6953,0.0104,0.1499,0.0705,0.182,0.0041,0.0115,0.0144,0.3305,0.1435,0.1371,11.7964,3,340,334,0,0,0
340,0.0396,16.4953,0.0008,0.0023,0.2552,0.6853,0.0106,0.1699,0.0835,0.1597,0.0054,0.0122,0.0168,0.3664,0.1419,0.1082,17.2621,0,341,335,0,0,0
341,0.0589,21.5502,0.0011,0.0024,0.2834,0.8009,0.0332,0.153,0.1019,0.222,0.0062,0.0129,0.0205,0.4016,0.1219,0.0964,22.3407,1,342,336,0,0,0
342,0.0486,23.0061,0.001,0.0022,0.2941,0.7428,0.0116,0.1493,0.0663,0.216,0.0046,0.0138,0.0198,0.3385,0.0965,0.1032,23.6911,2,343,337,0,0,0
343,0.0403,15.3835,0.0009,0.0025,0.2764,0.9077,0.0267,0.1934,0.1371,0.2648,0.0084,0.0088,0.0198,0.2693,0.0879,0.0767,15.9439,3,344,338,0,0,0
344,0.0365,11.8606,0.001,0.0021,0.2694,0.5393,0.0102,0.1172,0.0457,0.0935,0.0026,0.0105,0.0189,0.2699,0.0992,0.0813,12.4505,0,345,339,0,0,0
345,0.0391,24.8373,0.0011,0.0018,0.2625,0.8484,0.0254,0.1861,0.1384,0.2318,0.0035,0.0062,0.0161,0.304,0.1067,0.0964,25.4765,1,346,340,0,0,0
346,0.0377,11.6623,0.001,0.0022,0.2901,0.7807,0.0115,0.1818,0.1448,0.1493,0.0025,0.0098,0.0128,0.24,0.0897,0.0789,12.1901,2,347,341,0,0,0
347,0.0402,21.3675,0.0012,0.0021,0.311,0.9302,0.0126,0.2087,0.1561,0.2345,0.0063,0.0131,0.022,0.4687,0.1491,0.1152,22.2689,3,348,342,0,0,0
348,0.0998,7.3916,0.0011,0.008,0.274,0.4945,0.0098,0.1047,0.0452,0.0575,0.0027,0.011,0.0167,0.2676,0.0917,0.0844,8.0223,0,349,343,0,0,0
349,0.0385,12.4918,0.0011,0.0024,0.2434,0.5663,0.0081,0.0962,0.101,0.1126,0.0044,0.012,0.022,0.3312,0.1195,0.0903,13.1797,1,350,344,0,0,0
350,0.0695,11.0535,0.0009,0.0035,0.2941,0.8028,0.0117,0.1844,0.1776,0.1303,0.0038,0.0091,0.0131,0.2257,0.0888,0.0768,11.5981,2,351,345,0,0,0
351,0.0393,13.7086,0.0008,0.0024,0.2175,0.5322,0.0093,0.1158,0.0593,0.1276,0.0022,0.0107,0.0155,0.2881,0.1088,0.104,14.3481,3,352,346,0,0,0
352,0.1687,20.2271,0.0012,0.0184,0.2752,0.7738,0.0116,0.167,0.0942,0.2179,0.0069,0.009,0.0157,0.3202,0.1107,0.0919,21.0146,0,353,347,0,0,0
353,0.0662,7.8177,0.001,0.0026,0.2434,0.5109,0.0078,0.0945,0.0414,0.1209,0.0024,0.0079,0.0134,0.2366,0.0903,0.0862,8.3812,1,354,348,0,0,0
354,0.0384,21.4731,0.0014,0.0027,0.3812,1.1013,0.0129,0.255,0.1732,0.2744,0.0035,0.016,0.0236,0.484,0.1682,0.1297,22.4286,2,355,349,0,0,0
355,0.0736,5.9696,0.0016,0.0032,0.3093,0.7124,0.011,0.1856,0.0911,0.1119,0.0029,0.0086,0.0179,0.24,0.0973,0.0888,6.5609,3,356,350,0,0,0
356,0.0422,24.3494,0.001,0.0025,0.2613,0.7022,0.0121,0.1882,0.1108,0.1273,0.0016,0.0097,0.015,0.2782,0.1058,0.0924,24.962,0,357,351,0,0,0
357,0.0398,11.6038,0.0011,0.0021,0.2624,0.5519,0.0102,0.0939,0.0347,0.1474,0.0026,0.0092,0.0183,0.4729,0.217,0.0993,12.5527,1,358,352,0,0,0
358,0.0373,25.8262,0.0008,0.0024,0.2268,0.8369,0.0106,0.1899,0.1387,0.2644,0.0056,0.0118,0.0193,0.4391,0.1537,0.132,26.7119,2,359,353,0,0,0
359,0.0638,10.7317,0.001,0.0026,0.2868,0.7155,0.0131,0.1774,0.0985,0.1361,0.0026,0.0092,0.0178,0.2558,0.1071,0.1069,11.3708,3,360,354,0,0,0
360,0.0753,10.8566,0.0013,0.0073,0.2491,0.5575,0.0092,0.1307,0.0798,0.0864,0.0017,0.0111,0.0144,0.29,0.1107,0.092,11.5182,0,361,355,0,0,0
361,0.0441,21.6998,0.0009,0.0022,0.2765,0.7834,0.0115,0.1826,0.0662,0.2425,0.0034,0.0165,0.0211,0.4419,0.1251,0.1239,22.5588,1,362,356,0,0,0
362,0.0387,24.0175,0.0015,0.0022,0.3053,0.6952,0.0109,0.1456,0.111,0.1136,0.0078,0.0174,0.0235,0.4121,0.1221,0.0779,24.7708,2,363,357,0,0,0
363,0.0396,11.3133,0.001,0.0024,0.2707,0.5949,0.0101,0.1227,0.0418,0.1466,0.0021,0.0112,0.0169,0.313,0.1102,0.0968,11.9663,3,364,358,0,0,0
364,0.0404,14.0279,0.0011,0.0029,0.3022,0.9282,0.0132,0.1893,0.1387,0.2782,0.0055,0.0115,0.0191,0.27,0.0956,0.0816,14.6078,0,365,359,0,0,0
365,0.0609,10.6453,0.0011,0.0029,0.2664,0.5391,0.0122,0.1037,0.0576,0.0959,0.0027,0.0094,0.0183,0.2557,0.0996,0.0869,11.2457,1,366,360,0,0,0
366,0.0393,24.279,0.0018,0.0024,0.3547,0.9323,0.0123,0.2376,0.129,0.1936,0.0043,0.0113,0.016,0.3664,0.2082,0.2014,25.2489,2,367,361,0,0,0
367,0.0734,7.8677,0.001,0.0031,0.2318,0.5863,0.0088,0.1246,0.1258,0.0902,0.0043,0.0115,0.0197,0.3664,0.0989,0.0791,8.5783,3,368,362,0,0,0
368,0.0425,23.9936,0.001,0.0023,0.2687,0.7745,0.0113,0.1739,0.1577,0.1561,0.0056,0.0132,0.0176,0.4016,0.1629,0.2105,24.9364,0,369,363,0,0,0
369,0.0373,11.3827,0.0011,0.0022,0.2965,0.7065,0.0239,0.1948,0.0775,0.1088,0.0041,0.0155,0.0212,0.3348,0.103,0.1064,12.0661,1,370,364,0,0,0
370,0.0464,12.3783,0.0009,0.0042,0.2859,0.7297,0.011,0.1784,0.0913,0.1592,0.0027,0.012,0.0167,0.3685,0.1522,0.1307,13.1971,2,371,365,0,0,0
371,0.0374,12.2326,0.0011,0.0022,0.2682,0.8889,0.0109,0.2074,0.1355,0.2615,0.0044,0.0103,0.0176,0.2475,0.0988,0.0936,12.8034,3,372,366,0,0,0
372,0.0452,22.1102,0.0008,0.0026,0.2084,0.5888,0.0094,0.1259,0.0907,0.1497,0.0038,0.0109,0.0152,0.3105,0.1142,0.1011,22.7802,0,373,367,0,0,0
373,0.1641,18.4239,0.0011,0.0173,0.2682,0.7518,0.0112,0.145,0.0687,0.2523,0.0055,0.0121,0.0219,0.4046,0.1036,0.1021,19.3034,1,374,368,0,0,0
374,0.0376,12.0125,0.0011,0.0022,0.3338,0.8894,0.0118,0.1319,0.1193,0.2848,0.0068,0.0137,0.0187,0.3823,0.1545,0.1399,12.8764,2,375,369,0,0,0
375,0.0379,21.0766,0.001,0.0027,0.2743,0.8397,0.0144,0.1857,0.1955,0.1648,0.0037,0.0146,0.0174,0.3372,0.174,0.1012,21.891,3,376,370,0,0,0
376,0.0633,10.3891,0.0013,0.003,0.3119,0.8991,0.0133,0.2928,0.1415,0.136,0.0027,0.026,0.0179,0.3598,0.0992,0.09,11.0956,0,377,371,0,0,0
377,0.0387,12.2794,0.001,0.0021,0.2679,0.7106,0.0094,0.167,0.081,0.1786,0.0051,0.0135,0.0216,0.3377,0.0983,0.1028,12.9631,1,378,372,0,0,0
378,0.0391,10.6175,0.0014,0.0023,0.2901,0.575,0.0117,0.1201,0.0453,0.1042,0.0028,0.0087,0.0135,0.2609,0.1061,0.0917,11.2098,2,379,373,0,0,0
379,0.0379,11.7082,0.001,0.0022,0.2681,0.571,0.0091,0.1077,0.0888,0.0934,0.0031,0.0108,0.0158,0.2563,0.1063,0.1509,12.3799,3,380,374,0,0,0
380,0.0373,23.2177,0.0008,0.0025,0.3356,0.8134,0.0147,0.1532,0.1116,0.1934,0.0041,0.0103,0.0164,0.3348,0.1224,0.0981,23.9175,0,381,375,0,0,0
381,0.0651,19.8322,0.0013,0.0031,0.3714,1.2094,0.013,0.2229,0.2368,0.3572,0.0068,0.0155,0.0226,0.4328,0.1944,0.1199,20.8091,1,382,376,0,0,0
382,0.084,12.0059,0.0014,0.0084,0.332,0.8083,0.011,0.1754,0.0896,0.1913,0.008,0.0123,0.0171,0.34,0.1027,0.0977,12.7243,2,383,377,0,0,0
383,0.038,11.9539,0.0014,0.0023,0.3066,0.8461,0.0237,0.1939,0.0977,0.2176,0.0057,0.0158,0.0199,0.3805,0.0932,0.1407,12.6983,3,384,378,0,0,0
384,0.0384,13.2983,0.0011,0.0024,0.309,0.7679,0.0126,0.1623,0.0868,0.1901,0.0061,0.0261,0.0188,0.3358,0.0923,0.0882,13.9431,0,385,379,0,0,0
385,0.0394,20.093,0.0014,0.0023,0.4528,1.1115,0.015,0.2035,0.0882,0.3435,0.0071,0.0142,0.0235,0.4861,0.1817,0.1391,21.0905,1,386,380,0,0,0
386,0.1534,5.7054,0.0008,0.0036,0.2995,0.7644,0.0124,0.1758,0.1052,0.1637,0.0067,0.0129,0.0193,0.3398,0.0925,0.0819,6.4766,2,387,381,0,0,0
387,0.1231,13.6427,0.0009,0.0115,0.2464,0.5896,0.0102,0.1615,0.0641,0.1043,0.0025,0.0114,0.0175,0.3597,0.129,0.1279,14.5112,3,388,382,0,0,0
388,0.0743,1.7156,0.0007,0.009,0.3961,0.8363,0.0159,0.2087,0.0752,0.1352,0.0041,0.0136,0.0232,0.4191,0.2339,0.1505,2.7646,0,389,383,0,0,0
389,0.0614,1.1825,0.0004,0.0032,0.265,0.4799,0.0127,0.0985,0.0343,0.0671,0.0017,0.01,0.017,0.3285,0.1247,0.1096,1.9378,1,390,384,0,0,0
390,0.0701,2.6897,0.0006,0.0027,0.2584,0.4285,0.0094,0.0819,0.0267,0.0504,0.0013,0.0096,0.0282,0.1753,0.0985,0.0909,3.2416,2,391,385,0,0,0
391,0.2323,16.0421,0.0011,0.0056,0.2453,0.5309,0.0099,0.1075,0.0552,0.1109,0.0015,0.0084,0.0136,0.2139,0.1001,0.101,16.7875,3,392,386,0,0,0
392,0.0431,23.9839,0.0011,0.0024,0.2902,0.8636,0.0112,0.2027,0.1229,0.2316,0.0041,0.0179,0.0245,0.2687,0.1047,0.0929,24.6095,0,393,387,0,0,0
393,0.0635,22.1639,0.0009,0.0027,0.283,0.6075,0.012,0.1473,0.0704,0.0907,0.0033,0.0127,0.0187,0.4263,0.1683,0.1588,23.1369,1,394,388,0,0,0
394,0.0391,16.5831,0.0007,0.0026,0.2566,0.5404,0.0115,0.1304,0.0417,0.0941,0.0052,0.0124,0.0205,0.3792,0.1624,0.123,17.4241,2,395,389,0,0,0
395,0.0409,15.9671,0.0011,0.0021,0.3072,0.6567,0.013,0.1423,0.0721,0.1197,0.0017,0.0115,0.0162,0.2761,0.1206,0.1165,16.6392,3,396,390,0,0,0
396,0.0413,26.0788,0.0012,0.0022,0.3465,0.8656,0.0115,0.1503,0.1044,0.2472,0.0046,0.0104,0.0187,0.3882,0.1851,0.307,27.1646,0,397,391,0,0,0
397,0.0554,8.9835,0.001,0.0028,0.2676,0.8822,0.0118,0.1838,0.1703,0.2418,0.0059,0.013,0.0186,0.2453,0.1004,0.1011,9.5803,1,398,392,0,0,0
398,0.0379,22.7166,0.0011,0.0026,0.3084,0.9404,0.0129,0.1989,0.1557,0.2572,0.0061,0.0162,0.0195,0.4439,0.1699,0.136,23.6464,2,399,393,0,0,0
399,0.0711,8.9916,0.0011,0.003,0.3612,0.6237,0.0287,0.1177,0.05,0.0623,0.0032,0.0082,0.0175,0.2871,0.1199,0.0991,9.6916,3,400,394,0,0,0
