frame,surf_acquire,vp_total,vp_setup,vp_create_view,vp_set_stream,vp_setter_fmt,vp_setter_src_rect,vp_setter_dst_rect,vp_blt,vp_submit_window,vp_range_pass,vp_chart_blend,vp_gauge_blend,vp_map_blend,vp_hud_compute,vp_release_view,amf_create_surface,amf_submit_input,amf_query,amf_packet_write,process_frame_total,pool_index,decoder_tex_id,vp_out_tex_id,array_index,setters_skipped,state_sig,amf_submitted,amf_received,amf_query_calls,amf_outputs,submit_result,query_result,decoder_copy
0,0.0825,10.3282,0.0159,0.0036,0.012,0.0096,0.001,0.0008,4.234,10.2826,0.0338,5.525,0.0811,0.3942,0.0141,0.0266,0.4101,10.4251,0.0176,0,21.2857,0,2894592480,2663141088,0,0,116476604,1,0,1,0,0,24,0
1,0.0403,1.1545,0.5913,0.0021,0.589,0.5826,0.005,0.0008,0.2032,0.5578,0.0201,0.1157,0.0868,0.1295,0.002,0.0041,0.0126,5.8135,0.0084,0,7.0324,1,2894592480,2663136864,1,0,116476604,2,0,1,0,0,24,0
2,0.0442,1.5482,0.7156,0.0023,0.7131,0.6994,0.0108,0.0011,0.2897,0.8207,0.0101,0.1647,0.1161,0.2333,0.0058,0.0107,0.018,0.8676,0.2938,0.3943,3.3427,2,2894592480,2663135456,2,0,116476604,3,1,1,1,0,0,0
3,0.0393,1.6365,0.6624,0.0021,0.6601,0.6485,0.0091,0.0011,0.3067,0.9649,0.023,0.1647,0.0759,0.3883,0.0054,0.0077,0.0162,32.6352,0.1122,0.1794,34.6788,3,2894592480,2663141792,0,0,116476604,4,2,1,1,0,0,0
4,0.0629,2.1413,1.1308,0.0027,1.1277,1.1112,0.0123,0.002,0.5615,0.9957,0.0106,0.1406,0.0821,0.1947,0.0054,0.0132,0.0198,0.4506,0.0076,0,2.6847,4,2894592480,2663137568,1,0,116476604,5,2,1,0,0,24,0
5,0.04,1.7859,0.6504,0.002,0.6481,0.6366,0.0091,0.0012,0.2796,1.127,0.0226,0.1579,0.0844,0.5777,0.004,0.0075,0.0162,24.8968,0.1962,0.3461,27.4081,5,2894592480,2663143200,2,0,116476604,6,3,1,1,0,0,0
6,0.0768,2.1295,1.0856,0.0027,1.0826,1.0649,0.014,0.0018,0.5653,1.0223,0.0145,0.1368,0.0718,0.2284,0.0052,0.0201,0.0187,0.4524,0.0042,0,2.6844,6,2894592480,2663131232,0,0,116476604,7,3,1,0,0,24,0
7,0.0492,2.5928,1.5596,0.0024,1.557,1.5379,0.015,0.0019,0.52,1.0196,0.0376,0.2371,0.0839,0.1372,0.0032,0.0107,0.035,1.0399,0.1729,0.283,4.2823,7,2894592480,2663143904,1,0,116476604,8,4,1,1,0,0,0
8,0.0381,2.0146,0.6611,0.0022,0.6584,0.6458,0.01,0.0014,0.4328,1.3417,0.0089,0.2014,0.1422,0.5502,0.0051,0.0106,0.0164,15.1342,0.1395,0.1542,17.6142,0,2894592480,2663141088,2,0,116476604,9,5,1,1,0,0,0
9,0.0391,1.4513,0.6561,0.002,0.6538,0.6344,0.0169,0.0011,0.2889,0.7839,0.0092,0.1773,0.1012,0.2007,0.0055,0.0104,0.0172,0.5786,0.0031,0,2.0917,1,2894592480,2663136864,0,0,116476604,10,5,1,0,0,24,0
10,0.05,2.9034,0.8312,0.0034,0.8275,0.8185,0.0068,0.0009,0.7383,2.0615,0.0119,0.2437,0.3483,0.7147,0.0044,0.0097,0.0153,0.79,0.1351,0.1676,4.1488,2,2894592480,2663135456,1,0,116476604,11,6,1,1,0,0,0
11,0.1521,2.6265,1.4071,0.0037,1.4029,1.3843,0.0135,0.0019,0.6595,1.2014,0.0282,0.1452,0.0929,0.2637,0.011,0.0162,0.0205,1.3008,0.0088,0,4.1119,3,2894592480,2663141792,2,0,116476604,12,6,1,0,0,24,0
12,0.1127,2.6757,1.7859,0.0032,1.7819,1.765,0.0135,0.0013,0.338,0.8808,0.0375,0.205,0.1089,0.1873,0.0034,0.0071,0.0248,0.7088,0.2073,0.2781,4.1497,4,2894592480,2663137568,0,0,116476604,13,7,1,1,0,0,0
13,0.0392,1.2412,0.7112,0.002,0.7089,0.6978,0.0086,0.0011,0.2018,0.5215,0.0061,0.0852,0.1172,0.1085,0.0025,0.0077,0.0135,1.2936,0.0115,0,2.6026,5,2894592480,2663143200,1,0,116476604,14,7,1,0,0,24,0
14,0.0657,4.3255,1.3614,0.0023,1.3588,1.3419,0.0124,0.0015,0.4319,2.9041,0.0308,0.5117,0.4557,1.4275,0.0433,0.0562,0.1034,8.8685,0.2933,0.3507,14.2025,6,2894592480,2663131232,2,0,116476604,15,8,1,1,0,0,0
15,0.199,5.7281,2.4397,0.0177,2.4211,2.3559,0.0519,0.007,1.4678,3.2464,0.0437,0.5721,0.3302,0.8132,0.0155,0.0388,0.0544,1.3134,0.5158,0.5725,8.6526,7,2894592480,2663143904,0,0,116476604,16,9,1,1,0,0,0
16,0.0812,1.7563,1.1797,0.0039,1.1749,1.1634,0.0088,0.0012,0.2461,0.5493,0.0099,0.1015,0.0399,0.1472,0.0043,0.0146,0.022,0.3499,0.1817,0.9216,3.4173,0,2894592480,2663141088,1,0,116476604,17,10,1,1,0,0,0
17,0.055,1.3598,0.8398,0.0026,0.8369,0.8284,0.0048,0.0021,0.2413,0.4991,0.01,0.0967,0.0614,0.0849,0.0045,0.0105,0.0176,0.2627,0.156,0.2364,2.1779,1,2894592480,2663136864,2,0,116476604,18,11,1,1,0,0,0
18,0.0776,2.0321,1.1509,0.0071,1.1434,1.1267,0.0131,0.0016,0.4166,0.8373,0.0135,0.15,0.0709,0.1806,0.0045,0.0185,0.0404,0.654,0.2203,0.2932,3.453,2,2894592480,2663135456,0,0,116476604,19,12,1,1,0,0,0
19,0.0501,1.5264,0.8552,0.0035,0.8515,0.8409,0.0085,0.0011,0.2183,0.6533,0.0221,0.1872,0.0578,0.1632,0.0042,0.0083,0.0181,0.3244,0.1688,0.2536,2.4519,3,2894592480,2663141792,1,0,116476604,20,13,1,1,0,0,0
20,0.0621,5.8824,2.4682,0.003,2.4648,2.4061,0.0469,0.0065,1.1311,3.3491,0.1502,0.6622,0.6437,0.7431,0.0148,0.0316,0.0527,1.1379,0.4981,0.4209,8.2624,4,2894592480,2663137568,2,0,116476604,21,14,1,1,0,0,0
21,0.0574,1.4749,0.7503,0.0048,0.7452,0.7355,0.0073,0.0013,0.2985,0.6927,0.0114,0.1272,0.0746,0.1764,0.0039,0.0135,0.0373,0.382,0.2441,0.2797,2.6053,5,2894592480,2663143200,0,0,116476604,22,15,1,1,0,0,0
22,0.0556,1.4712,0.728,0.0035,0.7242,0.7156,0.0065,0.0012,0.2119,0.718,0.0118,0.1715,0.1089,0.2077,0.0054,0.0166,0.0235,0.3752,0.1972,0.3392,2.5951,6,2894592480,2663131232,1,0,116476604,23,16,1,1,0,0,0
23,0.0502,1.3079,0.6897,0.0101,0.6793,0.6736,0.0038,0.0011,0.203,0.5791,0.0106,0.121,0.0839,0.1549,0.0054,0.0224,0.0435,0.4226,0.2545,0.3651,2.6007,7,2894592480,2663143904,2,0,116476604,24,17,1,1,0,0,0
24,0.0474,1.7718,0.8022,0.002,0.7998,0.7896,0.008,0.0009,0.2107,0.9297,0.0126,0.2265,0.1822,0.2879,0.0094,0.0208,0.0321,0.6551,0.4032,0.4179,3.6066,0,2894592480,2663141088,0,0,116476604,25,18,1,1,0,0,0
25,0.1079,1.3073,0.6835,0.0043,0.6787,0.6692,0.0059,0.0012,0.3106,0.5945,0.0246,0.1386,0.0395,0.0782,0.0028,0.0154,0.0253,0.3423,0.2202,0.341,2.4976,1,2894592480,2663136864,1,0,116476604,26,19,1,1,0,0,0
26,0.0463,1.2604,0.6451,0.0021,0.6427,0.6343,0.0065,0.0014,0.2234,0.5828,0.0104,0.084,0.0871,0.1702,0.0073,0.0168,0.0387,0.5665,0.3406,0.4463,2.9314,2,2894592480,2663135456,2,0,116476604,27,20,1,1,0,0,0
27,0.0463,1.2666,0.6579,0.002,0.6556,0.6434,0.0096,0.0013,0.1998,0.5689,0.0095,0.09,0.0737,0.191,0.0045,0.0236,0.0391,0.2951,0.1821,0.2129,2.1552,3,2894592480,2663141792,0,0,116476604,28,21,1,1,0,0,0
28,0.0394,1.0667,0.5948,0.0022,0.5924,0.5848,0.006,0.0007,0.168,0.4424,0.0068,0.0674,0.0598,0.1375,0.0025,0.0169,0.0311,0.2908,0.1285,0.1522,1.7923,4,2894592480,2663137568,1,0,116476604,29,22,1,1,0,0,0
29,0.043,1.1154,0.6273,0.0023,0.6248,0.6203,0.0032,0.0009,0.1724,0.4665,0.0077,0.0874,0.0487,0.147,0.0031,0.0082,0.0314,0.3271,0.1275,0.2102,1.9344,5,2894592480,2663143200,2,0,116476604,30,23,1,1,0,0,0
30,0.0388,1.341,0.6755,0.0021,0.6732,0.6614,0.0097,0.001,0.205,0.6521,0.0072,0.1607,0.0929,0.1843,0.0018,0.0074,0.0129,0.2575,0.1548,0.2508,2.1622,6,2894592480,2663131232,0,0,116476604,31,24,1,1,0,0,0
31,0.0435,1.3663,0.7009,0.0021,0.6986,0.6865,0.0099,0.0011,0.1954,0.6403,0.0076,0.1441,0.0923,0.1981,0.0022,0.0135,0.0252,0.3229,0.2302,0.2968,2.4264,7,2894592480,2663143904,1,0,116476604,32,25,1,1,0,0,0
32,0.0458,1.89,0.9855,0.0026,0.9825,0.974,0.0069,0.0007,0.1935,0.8759,0.0086,0.1929,0.2101,0.2646,0.0055,0.013,0.0271,0.3632,0.4992,0.7365,3.928,0,2894592480,2663141088,2,0,116476604,33,26,1,1,0,0,0
33,0.0474,1.57,0.6759,0.0021,0.6735,0.6607,0.0101,0.0013,0.258,0.8715,0.0098,0.1645,0.1861,0.2489,0.0035,0.0133,0.0207,0.3529,0.2294,1.0837,3.4736,1,2894592480,2663136864,0,0,116476604,34,27,1,1,0,0,0
34,0.0389,1.8378,0.6589,0.0021,0.6566,0.643,0.0109,0.0015,0.2527,1.1572,0.0092,0.5663,0.1144,0.2099,0.0041,0.013,0.0199,0.3453,0.2149,0.3219,2.9167,2,2894592480,2663135456,1,0,116476604,35,28,1,1,0,0,0
35,0.0443,1.5399,0.7104,0.002,0.7081,0.6946,0.0105,0.0011,0.2558,0.8092,0.0099,0.1576,0.1162,0.2633,0.0057,0.0121,0.0178,0.4517,0.2224,0.2179,2.6003,3,2894592480,2663141792,2,0,116476604,36,29,1,1,0,0,0
36,0.0382,1.4772,0.6488,0.002,0.6466,0.6364,0.008,0.001,0.2349,0.8043,0.009,0.208,0.1614,0.1813,0.0089,0.0139,0.0228,0.405,0.1926,0.269,2.512,4,2894592480,2663137568,0,0,116476604,37,30,1,1,0,0,0
37,0.0421,1.2691,0.7246,0.0022,0.7222,0.7087,0.011,0.0011,0.1949,0.5261,0.0075,0.1058,0.061,0.1527,0.0038,0.0108,0.016,0.5136,0.1869,0.4354,2.7343,5,2894592480,2663143200,1,0,116476604,38,31,1,1,0,0,0
38,0.0617,1.8753,0.8646,0.0065,0.8578,0.8455,0.0089,0.0016,0.3814,0.988,0.0116,0.2179,0.1355,0.2366,0.0041,0.0133,0.0224,0.4583,0.1991,0.2563,3.0033,6,2894592480,2663131232,2,0,116476604,39,32,1,1,0,0,0
39,0.0379,1.3048,0.6498,0.002,0.6476,0.6348,0.0094,0.0017,0.219,0.6442,0.0235,0.1436,0.0826,0.1721,0.003,0.0044,0.0169,0.2059,0.1398,0.227,2.0318,7,2894592480,2663143904,0,0,116476604,40,33,1,1,0,0,0
40,0.0581,1.6397,0.8052,0.0028,0.8022,0.7904,0.0096,0.0012,0.2088,0.8194,0.0177,0.1256,0.0835,0.3776,0.0056,0.0075,0.0187,0.2794,0.117,0.1481,2.331,0,2894592480,2663141088,1,0,116476604,41,34,1,1,0,0,0
41,0.0645,2.2685,1.1713,0.0053,1.1656,1.1433,0.0169,0.0023,0.4039,1.0734,0.0108,0.1939,0.1661,0.2907,0.0069,0.0148,0.0217,0.4263,0.1559,0.174,3.2005,1,2894592480,2663136864,2,0,116476604,42,35,1,1,0,0,0
42,0.0404,1.4609,0.6636,0.0024,0.6609,0.6499,0.0088,0.0011,0.2197,0.7701,0.0093,0.1309,0.1632,0.2393,0.0069,0.0153,0.0307,0.5158,0.2414,0.3962,2.8787,2,2894592480,2663135456,0,0,116476604,43,36,1,1,0,0,0
43,0.0386,1.3875,0.6677,0.002,0.6655,0.6541,0.0088,0.0011,0.2409,0.7031,0.0098,0.1392,0.1133,0.1964,0.0029,0.0097,0.0158,0.2526,0.1378,0.3622,2.3104,3,2894592480,2663141792,1,0,116476604,44,37,1,1,0,0,0
44,0.0626,1.6833,0.7934,0.0037,0.7894,0.7813,0.0061,0.0009,0.328,0.8519,0.0106,0.1821,0.0837,0.2383,0.0085,0.0232,0.0303,1.8345,0.9575,0.8344,5.877,4,2894592480,2663137568,2,0,116476604,45,38,1,1,0,0,0
45,0.0407,1.5226,0.6421,0.0019,0.64,0.6288,0.0082,0.0016,0.2648,0.8581,0.0261,0.2482,0.1191,0.1902,0.009,0.0135,0.0225,0.3297,0.1542,0.2129,2.3737,5,2894592480,2663143200,0,0,116476604,46,39,1,1,0,0,0
46,0.0379,1.2197,0.694,0.0021,0.6917,0.6799,0.0091,0.0014,0.1823,0.4964,0.0071,0.0817,0.0608,0.1619,0.002,0.0163,0.0325,0.2742,0.1212,0.2335,1.9989,6,2894592480,2663131232,1,0,116476604,47,40,1,1,0,0,0
47,0.0519,1.4496,0.7305,0.003,0.7273,0.7149,0.0096,0.0012,0.2601,0.6973,0.0205,0.1409,0.0877,0.1842,0.0032,0.0109,0.0205,0.2295,0.1331,0.1569,2.1242,7,2894592480,2663143904,2,0,116476604,48,41,1,1,0,0,0
48,0.0453,1.6203,0.8799,0.0031,0.8764,0.8632,0.0104,0.0014,0.2413,0.6979,0.0083,0.203,0.0972,0.1453,0.0022,0.0082,0.0161,0.2798,0.1291,0.196,2.3719,0,2894592480,2663141088,0,0,116476604,49,42,1,1,0,0,0
49,0.0419,1.4924,0.6628,0.0026,0.66,0.6479,0.0092,0.0012,0.2981,0.8052,0.0114,0.1749,0.1246,0.1906,0.0048,0.0147,0.0195,0.4078,0.297,0.3698,2.8155,1,2894592480,2663136864,1,0,116476604,50,43,1,1,0,0,0
50,0.0481,1.1483,0.648,0.0022,0.6456,0.6386,0.0053,0.0008,0.1636,0.4663,0.0078,0.0836,0.0574,0.151,0.0027,0.0184,0.0334,0.3646,0.264,0.2623,2.2624,2,2894592480,2663135456,2,0,116476604,51,44,1,1,0,0,0
51,0.0389,1.5528,0.7374,0.0021,0.7351,0.7229,0.0097,0.0011,0.2548,0.7978,0.0234,0.2097,0.1266,0.1767,0.0058,0.0085,0.0186,0.3408,0.2208,0.4662,2.7845,3,2894592480,2663141792,0,0,116476604,52,45,1,1,0,0,0
52,0.0396,1.1837,0.6612,0.0021,0.6585,0.6511,0.006,0.0007,0.1849,0.4977,0.017,0.0935,0.0563,0.143,0.0029,0.0111,0.0325,0.3072,0.1143,0.1464,1.8906,4,2894592480,2663137568,1,0,116476604,53,46,1,1,0,0,0
53,0.0609,3.3736,2.4936,0.0022,2.491,2.4761,0.0107,0.0022,0.2922,0.8601,0.0132,0.2113,0.1178,0.222,0.0033,0.0102,0.024,0.3231,0.1837,0.2177,4.3226,5,2894592480,2663143200,2,0,116476604,54,47,1,1,0,0,0
54,0.0416,1.069,0.6279,0.002,0.6256,0.6206,0.0032,0.001,0.1733,0.4289,0.0066,0.0847,0.048,0.1131,0.0026,0.0056,0.0131,0.2354,0.2407,0.2484,1.9593,6,2894592480,2663131232,0,0,116476604,55,48,1,1,0,0,0
55,0.06,1.6666,0.8241,0.0046,0.8192,0.8073,0.0087,0.0017,0.2809,0.8208,0.0119,0.1448,0.1447,0.2342,0.0034,0.0115,0.0224,0.5646,0.2994,0.2423,2.9591,7,2894592480,2663143904,1,0,116476604,56,49,1,1,0,0,0
56,0.0569,1.6065,0.8192,0.0054,0.8136,0.7978,0.0124,0.0018,0.2824,0.7692,0.01,0.1665,0.1255,0.1811,0.0029,0.0096,0.0188,0.4694,0.2016,0.3204,2.8013,0,2894592480,2663141088,2,0,116476604,57,50,1,1,0,0,0
57,0.039,1.3723,0.6227,0.0021,0.6204,0.6082,0.0094,0.0012,0.2533,0.7246,0.0083,0.1462,0.1166,0.1962,0.0033,0.0145,0.0181,0.3852,0.2945,0.4132,2.7271,1,2894592480,2663136864,0,0,116476604,58,51,1,1,0,0,0
58,0.0389,1.2189,0.6619,0.0022,0.6595,0.6466,0.0099,0.0012,0.1654,0.5279,0.0076,0.0877,0.1359,0.1281,0.0028,0.0166,0.0328,0.2597,0.1392,0.2865,2.0788,2,2894592480,2663135456,1,0,116476604,59,52,1,1,0,0,0
59,0.0433,1.4626,0.6558,0.0021,0.6535,0.6417,0.0092,0.001,0.245,0.7893,0.0099,0.1546,0.1318,0.2416,0.0054,0.0092,0.0184,0.4146,0.2166,0.3542,2.6221,3,2894592480,2663141792,2,0,116476604,60,53,1,1,0,0,0
60,0.0525,1.2599,0.6109,0.0022,0.6085,0.6006,0.0062,0.0006,0.1802,0.6262,0.02,0.0951,0.0788,0.2423,0.0094,0.0149,0.0213,0.2542,0.2074,0.3521,2.2958,4,2894592480,2663137568,0,0,116476604,61,54,1,1,0,0,0
