frame,chart_key,value_str,split_valid,cursor_w,cursor_h,value_w,value_h
0,fit_heart_rate_text,None,1,7,341,166,62
0,fit_cadence_text,None,1,7,341,154,52
1,fit_heart_rate_text,None,1,7,341,166,62
1,fit_cadence_text,None,1,7,341,154,52
2,fit_heart_rate_text,None,1,7,341,166,62
2,fit_cadence_text,None,1,7,341,154,52
3,fit_heart_rate_text,None,1,7,341,166,62
3,fit_cadence_text,None,1,7,341,154,52
4,fit_heart_rate_text,None,1,7,341,166,62
4,fit_cadence_text,None,1,7,341,154,52
5,fit_heart_rate_text,None,1,7,341,166,62
5,fit_cadence_text,None,1,7,341,154,52
6,fit_heart_rate_text,None,1,7,341,166,62
6,fit_cadence_text,None,1,7,341,154,52
7,fit_heart_rate_text,None,1,7,341,166,62
7,fit_cadence_text,None,1,7,341,154,52
8,fit_heart_rate_text,None,1,7,341,166,62
8,fit_cadence_text,None,1,7,341,154,52
9,fit_heart_rate_text,None,1,7,341,166,62
9,fit_cadence_text,None,1,7,341,154,52
10,fit_heart_rate_text,None,1,7,341,166,62
10,fit_cadence_text,None,1,7,341,154,52
11,fit_heart_rate_text,None,1,7,341,166,62
11,fit_cadence_text,None,1,7,341,154,52
12,fit_heart_rate_text,None,1,7,341,166,62
12,fit_cadence_text,None,1,7,341,154,52
13,fit_heart_rate_text,None,1,7,341,166,62
13,fit_cadence_text,None,1,7,341,154,52
14,fit_heart_rate_text,None,1,7,341,166,62
14,fit_cadence_text,None,1,7,341,154,52
15,fit_heart_rate_text,None,1,7,341,166,62
15,fit_cadence_text,None,1,7,341,154,52
16,fit_heart_rate_text,None,1,7,341,166,62
16,fit_cadence_text,None,1,7,341,154,52
17,fit_heart_rate_text,None,1,7,341,166,62
17,fit_cadence_text,None,1,7,341,154,52
18,fit_heart_rate_text,None,1,7,341,166,62
18,fit_cadence_text,None,1,7,341,154,52
19,fit_heart_rate_text,None,1,7,341,166,62
19,fit_cadence_text,None,1,7,341,154,52
20,fit_heart_rate_text,None,1,7,341,166,62
20,fit_cadence_text,None,1,7,341,154,52
21,fit_heart_rate_text,None,1,7,341,166,62
21,fit_cadence_text,None,1,7,341,154,52
22,fit_heart_rate_text,None,1,7,341,166,62
22,fit_cadence_text,None,1,7,341,154,52
23,fit_heart_rate_text,None,1,7,341,166,62
23,fit_cadence_text,None,1,7,341,154,52
24,fit_heart_rate_text,None,1,7,341,166,62
24,fit_cadence_text,None,1,7,341,154,52
25,fit_heart_rate_text,None,1,7,341,166,62
25,fit_cadence_text,None,1,7,341,154,52
26,fit_heart_rate_text,None,1,7,341,166,62
26,fit_cadence_text,None,1,7,341,154,52
27,fit_heart_rate_text,None,1,7,341,166,62
27,fit_cadence_text,None,1,7,341,154,52
28,fit_heart_rate_text,None,1,7,341,166,62
28,fit_cadence_text,None,1,7,341,154,52
29,fit_heart_rate_text,None,1,7,341,166,62
29,fit_cadence_text,None,1,7,341,154,52
30,fit_heart_rate_text,None,1,7,341,166,62
30,fit_cadence_text,None,1,7,341,154,52
31,fit_heart_rate_text,None,1,7,341,166,62
31,fit_cadence_text,None,1,7,341,154,52
32,fit_heart_rate_text,None,1,7,341,166,62
32,fit_cadence_text,None,1,7,341,154,52
33,fit_heart_rate_text,None,1,7,341,166,62
33,fit_cadence_text,None,1,7,341,154,52
34,fit_heart_rate_text,None,1,7,341,166,62
34,fit_cadence_text,None,1,7,341,154,52
35,fit_heart_rate_text,None,1,7,341,166,62
35,fit_cadence_text,None,1,7,341,154,52
36,fit_heart_rate_text,None,1,7,341,166,62
36,fit_cadence_text,None,1,7,341,154,52
37,fit_heart_rate_text,None,1,7,341,166,62
37,fit_cadence_text,None,1,7,341,154,52
38,fit_heart_rate_text,None,1,7,341,166,62
38,fit_cadence_text,None,1,7,341,154,52
39,fit_heart_rate_text,None,1,7,341,166,62
39,fit_cadence_text,None,1,7,341,154,52
40,fit_heart_rate_text,None,1,7,341,166,62
40,fit_cadence_text,None,1,7,341,154,52
41,fit_heart_rate_text,None,1,7,341,166,62
41,fit_cadence_text,None,1,7,341,154,52
42,fit_heart_rate_text,None,1,7,341,166,62
42,fit_cadence_text,None,1,7,341,154,52
43,fit_heart_rate_text,None,1,7,341,166,62
43,fit_cadence_text,None,1,7,341,154,52
44,fit_heart_rate_text,None,1,7,341,166,62
44,fit_cadence_text,None,1,7,341,154,52
45,fit_heart_rate_text,None,1,7,341,166,62
45,fit_cadence_text,None,1,7,341,154,52
46,fit_heart_rate_text,None,1,7,341,166,62
46,fit_cadence_text,None,1,7,341,154,52
47,fit_heart_rate_text,None,1,7,341,166,62
47,fit_cadence_text,None,1,7,341,154,52
48,fit_heart_rate_text,None,1,7,341,166,62
48,fit_cadence_text,None,1,7,341,154,52
49,fit_heart_rate_text,None,1,7,341,166,62
49,fit_cadence_text,None,1,7,341,154,52
50,fit_heart_rate_text,None,1,7,341,166,62
50,fit_cadence_text,None,1,7,341,154,52
51,fit_heart_rate_text,None,1,7,341,166,62
51,fit_cadence_text,None,1,7,341,154,52
52,fit_heart_rate_text,None,1,7,341,166,62
52,fit_cadence_text,None,1,7,341,154,52
53,fit_heart_rate_text,None,1,7,341,166,62
53,fit_cadence_text,None,1,7,341,154,52
54,fit_heart_rate_text,None,1,7,341,166,62
54,fit_cadence_text,None,1,7,341,154,52
55,fit_heart_rate_text,None,1,7,341,166,62
55,fit_cadence_text,None,1,7,341,154,52
56,fit_heart_rate_text,None,1,7,341,166,62
56,fit_cadence_text,None,1,7,341,154,52
57,fit_heart_rate_text,None,1,7,341,166,62
57,fit_cadence_text,None,1,7,341,154,52
58,fit_heart_rate_text,None,1,7,341,166,62
58,fit_cadence_text,None,1,7,341,154,52
59,fit_heart_rate_text,None,1,7,341,166,62
59,fit_cadence_text,None,1,7,341,154,52
60,fit_heart_rate_text,None,1,7,341,166,62
60,fit_cadence_text,None,1,7,341,154,52
61,fit_heart_rate_text,None,1,7,341,166,62
61,fit_cadence_text,None,1,7,341,154,52
62,fit_heart_rate_text,None,1,7,341,166,62
62,fit_cadence_text,None,1,7,341,154,52
63,fit_heart_rate_text,None,1,7,341,166,62
63,fit_cadence_text,None,1,7,341,154,52
64,fit_heart_rate_text,None,1,7,341,166,62
64,fit_cadence_text,None,1,7,341,154,52
65,fit_heart_rate_text,None,1,7,341,166,62
65,fit_cadence_text,None,1,7,341,154,52
66,fit_heart_rate_text,None,1,7,341,166,62
66,fit_cadence_text,None,1,7,341,154,52
67,fit_heart_rate_text,None,1,7,341,166,62
67,fit_cadence_text,None,1,7,341,154,52
68,fit_heart_rate_text,None,1,7,341,166,62
68,fit_cadence_text,None,1,7,341,154,52
69,fit_heart_rate_text,None,1,7,341,166,62
69,fit_cadence_text,None,1,7,341,154,52
70,fit_heart_rate_text,None,1,7,341,166,62
70,fit_cadence_text,None,1,7,341,154,52
71,fit_heart_rate_text,None,1,7,341,166,62
71,fit_cadence_text,None,1,7,341,154,52
72,fit_heart_rate_text,None,1,7,341,166,62
72,fit_cadence_text,None,1,7,341,154,52
73,fit_heart_rate_text,None,1,7,341,166,62
73,fit_cadence_text,None,1,7,341,154,52
74,fit_heart_rate_text,None,1,7,341,166,62
74,fit_cadence_text,None,1,7,341,154,52
75,fit_heart_rate_text,None,1,7,341,166,62
75,fit_cadence_text,None,1,7,341,154,52
76,fit_heart_rate_text,None,1,7,341,166,62
76,fit_cadence_text,None,1,7,341,154,52
77,fit_heart_rate_text,None,1,7,341,166,62
77,fit_cadence_text,None,1,7,341,154,52
78,fit_heart_rate_text,None,1,7,341,166,62
78,fit_cadence_text,None,1,7,341,154,52
79,fit_heart_rate_text,None,1,7,341,166,62
79,fit_cadence_text,None,1,7,341,154,52
80,fit_heart_rate_text,None,1,7,341,166,62
80,fit_cadence_text,None,1,7,341,154,52
81,fit_heart_rate_text,None,1,7,341,166,62
81,fit_cadence_text,None,1,7,341,154,52
82,fit_heart_rate_text,None,1,7,341,166,62
82,fit_cadence_text,None,1,7,341,154,52
83,fit_heart_rate_text,None,1,7,341,166,62
83,fit_cadence_text,None,1,7,341,154,52
84,fit_heart_rate_text,None,1,7,341,166,62
84,fit_cadence_text,None,1,7,341,154,52
85,fit_heart_rate_text,None,1,7,341,166,62
85,fit_cadence_text,None,1,7,341,154,52
86,fit_heart_rate_text,None,1,7,341,166,62
86,fit_cadence_text,None,1,7,341,154,52
87,fit_heart_rate_text,None,1,7,341,166,62
87,fit_cadence_text,None,1,7,341,154,52
88,fit_heart_rate_text,None,1,7,341,166,62
88,fit_cadence_text,None,1,7,341,154,52
89,fit_heart_rate_text,None,1,7,341,166,62
89,fit_cadence_text,None,1,7,341,154,52
90,fit_heart_rate_text,None,1,7,341,166,62
90,fit_cadence_text,None,1,7,341,154,52
91,fit_heart_rate_text,None,1,7,341,166,62
91,fit_cadence_text,None,1,7,341,154,52
92,fit_heart_rate_text,None,1,7,341,166,62
92,fit_cadence_text,None,1,7,341,154,52
93,fit_heart_rate_text,None,1,7,341,166,62
93,fit_cadence_text,None,1,7,341,154,52
94,fit_heart_rate_text,None,1,7,341,166,62
94,fit_cadence_text,None,1,7,341,154,52
95,fit_heart_rate_text,None,1,7,341,166,62
95,fit_cadence_text,None,1,7,341,154,52
96,fit_heart_rate_text,None,1,7,341,166,62
96,fit_cadence_text,None,1,7,341,154,52
97,fit_heart_rate_text,None,1,7,341,166,62
97,fit_cadence_text,None,1,7,341,154,52
98,fit_heart_rate_text,None,1,7,341,166,62
98,fit_cadence_text,None,1,7,341,154,52
99,fit_heart_rate_text,None,1,7,341,166,62
99,fit_cadence_text,None,1,7,341,154,52
100,fit_heart_rate_text,None,1,7,341,166,62
100,fit_cadence_text,None,1,7,341,154,52
101,fit_heart_rate_text,None,1,7,341,166,62
101,fit_cadence_text,None,1,7,341,154,52
102,fit_heart_rate_text,None,1,7,341,166,62
102,fit_cadence_text,None,1,7,341,154,52
103,fit_heart_rate_text,None,1,7,341,166,62
103,fit_cadence_text,None,1,7,341,154,52
104,fit_heart_rate_text,None,1,7,341,166,62
104,fit_cadence_text,None,1,7,341,154,52
105,fit_heart_rate_text,None,1,7,341,166,62
105,fit_cadence_text,None,1,7,341,154,52
106,fit_heart_rate_text,None,1,7,341,166,62
106,fit_cadence_text,None,1,7,341,154,52
107,fit_heart_rate_text,None,1,7,341,166,62
107,fit_cadence_text,None,1,7,341,154,52
108,fit_heart_rate_text,None,1,7,341,166,62
108,fit_cadence_text,None,1,7,341,154,52
109,fit_heart_rate_text,None,1,7,341,166,62
109,fit_cadence_text,None,1,7,341,154,52
110,fit_heart_rate_text,None,1,7,341,166,62
110,fit_cadence_text,None,1,7,341,154,52
111,fit_heart_rate_text,None,1,7,341,166,62
111,fit_cadence_text,None,1,7,341,154,52
112,fit_heart_rate_text,None,1,7,341,166,62
112,fit_cadence_text,None,1,7,341,154,52
113,fit_heart_rate_text,None,1,7,341,166,62
113,fit_cadence_text,None,1,7,341,154,52
114,fit_heart_rate_text,None,1,7,341,166,62
114,fit_cadence_text,None,1,7,341,154,52
115,fit_heart_rate_text,None,1,7,341,166,62
115,fit_cadence_text,None,1,7,341,154,52
116,fit_heart_rate_text,None,1,7,341,166,62
116,fit_cadence_text,None,1,7,341,154,52
117,fit_heart_rate_text,None,1,7,341,166,62
117,fit_cadence_text,None,1,7,341,154,52
118,fit_heart_rate_text,None,1,7,341,166,62
118,fit_cadence_text,None,1,7,341,154,52
119,fit_heart_rate_text,None,1,7,341,166,62
119,fit_cadence_text,None,1,7,341,154,52
120,fit_heart_rate_text,None,1,7,341,166,62
120,fit_cadence_text,None,1,7,341,154,52
121,fit_heart_rate_text,None,1,7,341,166,62
121,fit_cadence_text,None,1,7,341,154,52
122,fit_heart_rate_text,None,1,7,341,166,62
122,fit_cadence_text,None,1,7,341,154,52
123,fit_heart_rate_text,None,1,7,341,166,62
123,fit_cadence_text,None,1,7,341,154,52
124,fit_heart_rate_text,None,1,7,341,166,62
124,fit_cadence_text,None,1,7,341,154,52
125,fit_heart_rate_text,None,1,7,341,166,62
125,fit_cadence_text,None,1,7,341,154,52
126,fit_heart_rate_text,None,1,7,341,166,62
126,fit_cadence_text,None,1,7,341,154,52
127,fit_heart_rate_text,None,1,7,341,166,62
127,fit_cadence_text,None,1,7,341,154,52
128,fit_heart_rate_text,None,1,7,341,166,62
128,fit_cadence_text,None,1,7,341,154,52
129,fit_heart_rate_text,None,1,7,341,166,62
129,fit_cadence_text,None,1,7,341,154,52
130,fit_heart_rate_text,None,1,7,341,166,62
130,fit_cadence_text,None,1,7,341,154,52
131,fit_heart_rate_text,None,1,7,341,166,62
131,fit_cadence_text,None,1,7,341,154,52
132,fit_heart_rate_text,None,1,7,341,166,62
132,fit_cadence_text,None,1,7,341,154,52
133,fit_heart_rate_text,None,1,7,341,166,62
133,fit_cadence_text,None,1,7,341,154,52
134,fit_heart_rate_text,None,1,7,341,166,62
134,fit_cadence_text,None,1,7,341,154,52
135,fit_heart_rate_text,None,1,7,341,166,62
135,fit_cadence_text,None,1,7,341,154,52
136,fit_heart_rate_text,None,1,7,341,166,62
136,fit_cadence_text,None,1,7,341,154,52
137,fit_heart_rate_text,None,1,7,341,166,62
137,fit_cadence_text,None,1,7,341,154,52
138,fit_heart_rate_text,None,1,7,341,166,62
138,fit_cadence_text,None,1,7,341,154,52
139,fit_heart_rate_text,None,1,7,341,166,62
139,fit_cadence_text,None,1,7,341,154,52
140,fit_heart_rate_text,None,1,7,341,166,62
140,fit_cadence_text,None,1,7,341,154,52
141,fit_heart_rate_text,None,1,7,341,166,62
141,fit_cadence_text,None,1,7,341,154,52
142,fit_heart_rate_text,None,1,7,341,166,62
142,fit_cadence_text,None,1,7,341,154,52
143,fit_heart_rate_text,None,1,7,341,166,62
143,fit_cadence_text,None,1,7,341,154,52
144,fit_heart_rate_text,None,1,7,341,166,62
144,fit_cadence_text,None,1,7,341,154,52
145,fit_heart_rate_text,None,1,7,341,166,62
145,fit_cadence_text,None,1,7,341,154,52
146,fit_heart_rate_text,None,1,7,341,166,62
146,fit_cadence_text,None,1,7,341,154,52
147,fit_heart_rate_text,None,1,7,341,166,62
147,fit_cadence_text,None,1,7,341,154,52
148,fit_heart_rate_text,None,1,7,341,166,62
148,fit_cadence_text,None,1,7,341,154,52
149,fit_heart_rate_text,None,1,7,341,166,62
149,fit_cadence_text,None,1,7,341,154,52
150,fit_heart_rate_text,None,1,7,341,166,62
150,fit_cadence_text,None,1,7,341,154,52
151,fit_heart_rate_text,None,1,7,341,166,62
151,fit_cadence_text,None,1,7,341,154,52
152,fit_heart_rate_text,None,1,7,341,166,62
152,fit_cadence_text,None,1,7,341,154,52
153,fit_heart_rate_text,None,1,7,341,166,62
153,fit_cadence_text,None,1,7,341,154,52
154,fit_heart_rate_text,None,1,7,341,166,62
154,fit_cadence_text,None,1,7,341,154,52
155,fit_heart_rate_text,None,1,7,341,166,62
155,fit_cadence_text,None,1,7,341,154,52
156,fit_heart_rate_text,None,1,7,341,166,62
156,fit_cadence_text,None,1,7,341,154,52
157,fit_heart_rate_text,None,1,7,341,166,62
157,fit_cadence_text,None,1,7,341,154,52
158,fit_heart_rate_text,None,1,7,341,166,62
158,fit_cadence_text,None,1,7,341,154,52
159,fit_heart_rate_text,None,1,7,341,166,62
159,fit_cadence_text,None,1,7,341,154,52
160,fit_heart_rate_text,None,1,7,341,166,62
160,fit_cadence_text,None,1,7,341,154,52
161,fit_heart_rate_text,None,1,7,341,166,62
161,fit_cadence_text,None,1,7,341,154,52
162,fit_heart_rate_text,None,1,7,341,166,62
162,fit_cadence_text,None,1,7,341,154,52
163,fit_heart_rate_text,None,1,7,341,166,62
163,fit_cadence_text,None,1,7,341,154,52
164,fit_heart_rate_text,None,1,7,341,166,62
164,fit_cadence_text,None,1,7,341,154,52
165,fit_heart_rate_text,None,1,7,341,166,62
165,fit_cadence_text,None,1,7,341,154,52
166,fit_heart_rate_text,None,1,7,341,166,62
166,fit_cadence_text,None,1,7,341,154,52
167,fit_heart_rate_text,None,1,7,341,166,62
167,fit_cadence_text,None,1,7,341,154,52
168,fit_heart_rate_text,None,1,7,341,166,62
168,fit_cadence_text,None,1,7,341,154,52
169,fit_heart_rate_text,None,1,7,341,166,62
169,fit_cadence_text,None,1,7,341,154,52
170,fit_heart_rate_text,None,1,7,341,166,62
170,fit_cadence_text,None,1,7,341,154,52
171,fit_heart_rate_text,None,1,7,341,166,62
171,fit_cadence_text,None,1,7,341,154,52
172,fit_heart_rate_text,None,1,7,341,166,62
172,fit_cadence_text,None,1,7,341,154,52
173,fit_heart_rate_text,None,1,7,341,166,62
173,fit_cadence_text,None,1,7,341,154,52
174,fit_heart_rate_text,None,1,7,341,166,62
174,fit_cadence_text,None,1,7,341,154,52
175,fit_heart_rate_text,None,1,7,341,166,62
175,fit_cadence_text,None,1,7,341,154,52
176,fit_heart_rate_text,None,1,7,341,166,62
176,fit_cadence_text,None,1,7,341,154,52
177,fit_heart_rate_text,None,1,7,341,166,62
177,fit_cadence_text,None,1,7,341,154,52
178,fit_heart_rate_text,None,1,7,341,166,62
178,fit_cadence_text,None,1,7,341,154,52
179,fit_heart_rate_text,None,1,7,341,166,62
179,fit_cadence_text,None,1,7,341,154,52
180,fit_heart_rate_text,None,1,7,341,166,62
180,fit_cadence_text,None,1,7,341,154,52
181,fit_heart_rate_text,None,1,7,341,166,62
181,fit_cadence_text,None,1,7,341,154,52
182,fit_heart_rate_text,None,1,7,341,166,62
182,fit_cadence_text,None,1,7,341,154,52
183,fit_heart_rate_text,None,1,7,341,166,62
183,fit_cadence_text,None,1,7,341,154,52
184,fit_heart_rate_text,None,1,7,341,166,62
184,fit_cadence_text,None,1,7,341,154,52
185,fit_heart_rate_text,None,1,7,341,166,62
185,fit_cadence_text,None,1,7,341,154,52
186,fit_heart_rate_text,None,1,7,341,166,62
186,fit_cadence_text,None,1,7,341,154,52
187,fit_heart_rate_text,None,1,7,341,166,62
187,fit_cadence_text,None,1,7,341,154,52
188,fit_heart_rate_text,None,1,7,341,166,62
188,fit_cadence_text,None,1,7,341,154,52
189,fit_heart_rate_text,None,1,7,341,166,62
189,fit_cadence_text,None,1,7,341,154,52
190,fit_heart_rate_text,None,1,7,341,166,62
190,fit_cadence_text,None,1,7,341,154,52
191,fit_heart_rate_text,None,1,7,341,166,62
191,fit_cadence_text,None,1,7,341,154,52
192,fit_heart_rate_text,None,1,7,341,166,62
192,fit_cadence_text,None,1,7,341,154,52
193,fit_heart_rate_text,None,1,7,341,166,62
193,fit_cadence_text,None,1,7,341,154,52
194,fit_heart_rate_text,None,1,7,341,166,62
194,fit_cadence_text,None,1,7,341,154,52
195,fit_heart_rate_text,None,1,7,341,166,62
195,fit_cadence_text,None,1,7,341,154,52
196,fit_heart_rate_text,None,1,7,341,166,62
196,fit_cadence_text,None,1,7,341,154,52
197,fit_heart_rate_text,None,1,7,341,166,62
197,fit_cadence_text,None,1,7,341,154,52
198,fit_heart_rate_text,None,1,7,341,166,62
198,fit_cadence_text,None,1,7,341,154,52
199,fit_heart_rate_text,None,1,7,341,166,62
199,fit_cadence_text,None,1,7,341,154,52
200,fit_heart_rate_text,None,1,7,341,166,62
200,fit_cadence_text,None,1,7,341,154,52
201,fit_heart_rate_text,None,1,7,341,166,62
201,fit_cadence_text,None,1,7,341,154,52
202,fit_heart_rate_text,None,1,7,341,166,62
202,fit_cadence_text,None,1,7,341,154,52
203,fit_heart_rate_text,None,1,7,341,166,62
203,fit_cadence_text,None,1,7,341,154,52
204,fit_heart_rate_text,None,1,7,341,166,62
204,fit_cadence_text,None,1,7,341,154,52
205,fit_heart_rate_text,None,1,7,341,166,62
205,fit_cadence_text,None,1,7,341,154,52
206,fit_heart_rate_text,None,1,7,341,166,62
206,fit_cadence_text,None,1,7,341,154,52
207,fit_heart_rate_text,None,1,7,341,166,62
207,fit_cadence_text,None,1,7,341,154,52
208,fit_heart_rate_text,None,1,7,341,166,62
208,fit_cadence_text,None,1,7,341,154,52
209,fit_heart_rate_text,None,1,7,341,166,62
209,fit_cadence_text,None,1,7,341,154,52
210,fit_heart_rate_text,None,1,7,341,166,62
210,fit_cadence_text,None,1,7,341,154,52
211,fit_heart_rate_text,None,1,7,341,166,62
211,fit_cadence_text,None,1,7,341,154,52
212,fit_heart_rate_text,None,1,7,341,166,62
212,fit_cadence_text,None,1,7,341,154,52
213,fit_heart_rate_text,None,1,7,341,166,62
213,fit_cadence_text,None,1,7,341,154,52
214,fit_heart_rate_text,None,1,7,341,166,62
214,fit_cadence_text,None,1,7,341,154,52
215,fit_heart_rate_text,None,1,7,341,166,62
215,fit_cadence_text,None,1,7,341,154,52
216,fit_heart_rate_text,None,1,7,341,166,62
216,fit_cadence_text,None,1,7,341,154,52
217,fit_heart_rate_text,None,1,7,341,166,62
217,fit_cadence_text,None,1,7,341,154,52
218,fit_heart_rate_text,None,1,7,341,166,62
218,fit_cadence_text,None,1,7,341,154,52
219,fit_heart_rate_text,None,1,7,341,166,62
219,fit_cadence_text,None,1,7,341,154,52
220,fit_heart_rate_text,None,1,7,341,166,62
220,fit_cadence_text,None,1,7,341,154,52
221,fit_heart_rate_text,None,1,7,341,166,62
221,fit_cadence_text,None,1,7,341,154,52
222,fit_heart_rate_text,None,1,7,341,166,62
222,fit_cadence_text,None,1,7,341,154,52
223,fit_heart_rate_text,None,1,7,341,166,62
223,fit_cadence_text,None,1,7,341,154,52
224,fit_heart_rate_text,None,1,7,341,166,62
224,fit_cadence_text,None,1,7,341,154,52
225,fit_heart_rate_text,None,1,7,341,166,62
225,fit_cadence_text,None,1,7,341,154,52
226,fit_heart_rate_text,None,1,7,341,166,62
226,fit_cadence_text,None,1,7,341,154,52
227,fit_heart_rate_text,None,1,7,341,166,62
227,fit_cadence_text,None,1,7,341,154,52
228,fit_heart_rate_text,None,1,7,341,166,62
228,fit_cadence_text,None,1,7,341,154,52
229,fit_heart_rate_text,None,1,7,341,166,62
229,fit_cadence_text,None,1,7,341,154,52
230,fit_heart_rate_text,None,1,7,341,166,62
230,fit_cadence_text,None,1,7,341,154,52
231,fit_heart_rate_text,None,1,7,341,166,62
231,fit_cadence_text,None,1,7,341,154,52
232,fit_heart_rate_text,None,1,7,341,166,62
232,fit_cadence_text,None,1,7,341,154,52
233,fit_heart_rate_text,None,1,7,341,166,62
233,fit_cadence_text,None,1,7,341,154,52
234,fit_heart_rate_text,None,1,7,341,166,62
234,fit_cadence_text,None,1,7,341,154,52
235,fit_heart_rate_text,None,1,7,341,166,62
235,fit_cadence_text,None,1,7,341,154,52
236,fit_heart_rate_text,None,1,7,341,166,62
236,fit_cadence_text,None,1,7,341,154,52
237,fit_heart_rate_text,None,1,7,341,166,62
237,fit_cadence_text,None,1,7,341,154,52
238,fit_heart_rate_text,None,1,7,341,166,62
238,fit_cadence_text,None,1,7,341,154,52
239,fit_heart_rate_text,None,1,7,341,166,62
239,fit_cadence_text,None,1,7,341,154,52
240,fit_heart_rate_text,None,1,7,341,166,62
240,fit_cadence_text,None,1,7,341,154,52
241,fit_heart_rate_text,None,1,7,341,166,62
241,fit_cadence_text,None,1,7,341,154,52
242,fit_heart_rate_text,None,1,7,341,166,62
242,fit_cadence_text,None,1,7,341,154,52
243,fit_heart_rate_text,None,1,7,341,166,62
243,fit_cadence_text,None,1,7,341,154,52
244,fit_heart_rate_text,None,1,7,341,166,62
244,fit_cadence_text,None,1,7,341,154,52
245,fit_heart_rate_text,None,1,7,341,166,62
245,fit_cadence_text,None,1,7,341,154,52
246,fit_heart_rate_text,None,1,7,341,166,62
246,fit_cadence_text,None,1,7,341,154,52
247,fit_heart_rate_text,None,1,7,341,166,62
247,fit_cadence_text,None,1,7,341,154,52
248,fit_heart_rate_text,None,1,7,341,166,62
248,fit_cadence_text,None,1,7,341,154,52
249,fit_heart_rate_text,None,1,7,341,166,62
249,fit_cadence_text,None,1,7,341,154,52
250,fit_heart_rate_text,None,1,7,341,166,62
250,fit_cadence_text,None,1,7,341,154,52
251,fit_heart_rate_text,None,1,7,341,166,62
251,fit_cadence_text,None,1,7,341,154,52
252,fit_heart_rate_text,None,1,7,341,166,62
252,fit_cadence_text,None,1,7,341,154,52
253,fit_heart_rate_text,None,1,7,341,166,62
253,fit_cadence_text,None,1,7,341,154,52
254,fit_heart_rate_text,None,1,7,341,166,62
254,fit_cadence_text,None,1,7,341,154,52
255,fit_heart_rate_text,None,1,7,341,166,62
255,fit_cadence_text,None,1,7,341,154,52
256,fit_heart_rate_text,None,1,7,341,166,62
256,fit_cadence_text,None,1,7,341,154,52
257,fit_heart_rate_text,None,1,7,341,166,62
257,fit_cadence_text,None,1,7,341,154,52
258,fit_heart_rate_text,None,1,7,341,166,62
258,fit_cadence_text,None,1,7,341,154,52
259,fit_heart_rate_text,None,1,7,341,166,62
259,fit_cadence_text,None,1,7,341,154,52
260,fit_heart_rate_text,None,1,7,341,166,62
260,fit_cadence_text,None,1,7,341,154,52
261,fit_heart_rate_text,None,1,7,341,166,62
261,fit_cadence_text,None,1,7,341,154,52
262,fit_heart_rate_text,None,1,7,341,166,62
262,fit_cadence_text,None,1,7,341,154,52
263,fit_heart_rate_text,None,1,7,341,166,62
263,fit_cadence_text,None,1,7,341,154,52
264,fit_heart_rate_text,None,1,7,341,166,62
264,fit_cadence_text,None,1,7,341,154,52
265,fit_heart_rate_text,None,1,7,341,166,62
265,fit_cadence_text,None,1,7,341,154,52
266,fit_heart_rate_text,None,1,7,341,166,62
266,fit_cadence_text,None,1,7,341,154,52
267,fit_heart_rate_text,None,1,7,341,166,62
267,fit_cadence_text,None,1,7,341,154,52
268,fit_heart_rate_text,None,1,7,341,166,62
268,fit_cadence_text,None,1,7,341,154,52
269,fit_heart_rate_text,None,1,7,341,166,62
269,fit_cadence_text,None,1,7,341,154,52
270,fit_heart_rate_text,None,1,7,341,166,62
270,fit_cadence_text,None,1,7,341,154,52
271,fit_heart_rate_text,None,1,7,341,166,62
271,fit_cadence_text,None,1,7,341,154,52
272,fit_heart_rate_text,None,1,7,341,166,62
272,fit_cadence_text,None,1,7,341,154,52
273,fit_heart_rate_text,None,1,7,341,166,62
273,fit_cadence_text,None,1,7,341,154,52
274,fit_heart_rate_text,None,1,7,341,166,62
274,fit_cadence_text,None,1,7,341,154,52
275,fit_heart_rate_text,None,1,7,341,166,62
275,fit_cadence_text,None,1,7,341,154,52
276,fit_heart_rate_text,None,1,7,341,166,62
276,fit_cadence_text,None,1,7,341,154,52
277,fit_heart_rate_text,None,1,7,341,166,62
277,fit_cadence_text,None,1,7,341,154,52
278,fit_heart_rate_text,None,1,7,341,166,62
278,fit_cadence_text,None,1,7,341,154,52
279,fit_heart_rate_text,None,1,7,341,166,62
279,fit_cadence_text,None,1,7,341,154,52
280,fit_heart_rate_text,None,1,7,341,166,62
280,fit_cadence_text,None,1,7,341,154,52
281,fit_heart_rate_text,None,1,7,341,166,62
281,fit_cadence_text,None,1,7,341,154,52
282,fit_heart_rate_text,None,1,7,341,166,62
282,fit_cadence_text,None,1,7,341,154,52
283,fit_heart_rate_text,None,1,7,341,166,62
283,fit_cadence_text,None,1,7,341,154,52
284,fit_heart_rate_text,None,1,7,341,166,62
284,fit_cadence_text,None,1,7,341,154,52
285,fit_heart_rate_text,None,1,7,341,166,62
285,fit_cadence_text,None,1,7,341,154,52
286,fit_heart_rate_text,None,1,7,341,166,62
286,fit_cadence_text,None,1,7,341,154,52
287,fit_heart_rate_text,None,1,7,341,166,62
287,fit_cadence_text,None,1,7,341,154,52
288,fit_heart_rate_text,None,1,7,341,166,62
288,fit_cadence_text,None,1,7,341,154,52
289,fit_heart_rate_text,None,1,7,341,166,62
289,fit_cadence_text,None,1,7,341,154,52
290,fit_heart_rate_text,None,1,7,341,166,62
290,fit_cadence_text,None,1,7,341,154,52
291,fit_heart_rate_text,None,1,7,341,166,62
291,fit_cadence_text,None,1,7,341,154,52
292,fit_heart_rate_text,None,1,7,341,166,62
292,fit_cadence_text,None,1,7,341,154,52
293,fit_heart_rate_text,None,1,7,341,166,62
293,fit_cadence_text,None,1,7,341,154,52
294,fit_heart_rate_text,None,1,7,341,166,62
294,fit_cadence_text,None,1,7,341,154,52
295,fit_heart_rate_text,None,1,7,341,166,62
295,fit_cadence_text,None,1,7,341,154,52
296,fit_heart_rate_text,None,1,7,341,166,62
296,fit_cadence_text,None,1,7,341,154,52
297,fit_heart_rate_text,None,1,7,341,166,62
297,fit_cadence_text,None,1,7,341,154,52
298,fit_heart_rate_text,None,1,7,341,166,62
298,fit_cadence_text,None,1,7,341,154,52
299,fit_heart_rate_text,None,1,7,341,166,62
299,fit_cadence_text,None,1,7,341,154,52
300,fit_heart_rate_text,None,1,7,341,166,62
300,fit_cadence_text,None,1,7,341,154,52
301,fit_heart_rate_text,None,1,7,341,166,62
301,fit_cadence_text,None,1,7,341,154,52
302,fit_heart_rate_text,None,1,7,341,166,62
302,fit_cadence_text,None,1,7,341,154,52
303,fit_heart_rate_text,None,1,7,341,166,62
303,fit_cadence_text,None,1,7,341,154,52
304,fit_heart_rate_text,None,1,7,341,166,62
304,fit_cadence_text,None,1,7,341,154,52
305,fit_heart_rate_text,None,1,7,341,166,62
305,fit_cadence_text,None,1,7,341,154,52
306,fit_heart_rate_text,None,1,7,341,166,62
306,fit_cadence_text,None,1,7,341,154,52
307,fit_heart_rate_text,None,1,7,341,166,62
307,fit_cadence_text,None,1,7,341,154,52
308,fit_heart_rate_text,None,1,7,341,166,62
308,fit_cadence_text,None,1,7,341,154,52
309,fit_heart_rate_text,None,1,7,341,166,62
309,fit_cadence_text,None,1,7,341,154,52
310,fit_heart_rate_text,None,1,7,341,166,62
310,fit_cadence_text,None,1,7,341,154,52
311,fit_heart_rate_text,None,1,7,341,166,62
311,fit_cadence_text,None,1,7,341,154,52
312,fit_heart_rate_text,None,1,7,341,166,62
312,fit_cadence_text,None,1,7,341,154,52
313,fit_heart_rate_text,None,1,7,341,166,62
313,fit_cadence_text,None,1,7,341,154,52
314,fit_heart_rate_text,None,1,7,341,166,62
314,fit_cadence_text,None,1,7,341,154,52
315,fit_heart_rate_text,None,1,7,341,166,62
315,fit_cadence_text,None,1,7,341,154,52
316,fit_heart_rate_text,None,1,7,341,166,62
316,fit_cadence_text,None,1,7,341,154,52
317,fit_heart_rate_text,None,1,7,341,166,62
317,fit_cadence_text,None,1,7,341,154,52
318,fit_heart_rate_text,None,1,7,341,166,62
318,fit_cadence_text,None,1,7,341,154,52
319,fit_heart_rate_text,None,1,7,341,166,62
319,fit_cadence_text,None,1,7,341,154,52
320,fit_heart_rate_text,None,1,7,341,166,62
320,fit_cadence_text,None,1,7,341,154,52
321,fit_heart_rate_text,None,1,7,341,166,62
321,fit_cadence_text,None,1,7,341,154,52
322,fit_heart_rate_text,None,1,7,341,166,62
322,fit_cadence_text,None,1,7,341,154,52
323,fit_heart_rate_text,None,1,7,341,166,62
323,fit_cadence_text,None,1,7,341,154,52
324,fit_heart_rate_text,None,1,7,341,166,62
324,fit_cadence_text,None,1,7,341,154,52
325,fit_heart_rate_text,None,1,7,341,166,62
325,fit_cadence_text,None,1,7,341,154,52
326,fit_heart_rate_text,None,1,7,341,166,62
326,fit_cadence_text,None,1,7,341,154,52
327,fit_heart_rate_text,None,1,7,341,166,62
327,fit_cadence_text,None,1,7,341,154,52
328,fit_heart_rate_text,None,1,7,341,166,62
328,fit_cadence_text,None,1,7,341,154,52
329,fit_heart_rate_text,None,1,7,341,166,62
329,fit_cadence_text,None,1,7,341,154,52
330,fit_heart_rate_text,None,1,7,341,166,62
330,fit_cadence_text,None,1,7,341,154,52
331,fit_heart_rate_text,None,1,7,341,166,62
331,fit_cadence_text,None,1,7,341,154,52
332,fit_heart_rate_text,None,1,7,341,166,62
332,fit_cadence_text,None,1,7,341,154,52
333,fit_heart_rate_text,None,1,7,341,166,62
333,fit_cadence_text,None,1,7,341,154,52
334,fit_heart_rate_text,None,1,7,341,166,62
334,fit_cadence_text,None,1,7,341,154,52
335,fit_heart_rate_text,None,1,7,341,166,62
335,fit_cadence_text,None,1,7,341,154,52
336,fit_heart_rate_text,None,1,7,341,166,62
336,fit_cadence_text,None,1,7,341,154,52
337,fit_heart_rate_text,None,1,7,341,166,62
337,fit_cadence_text,None,1,7,341,154,52
338,fit_heart_rate_text,None,1,7,341,166,62
338,fit_cadence_text,None,1,7,341,154,52
339,fit_heart_rate_text,None,1,7,341,166,62
339,fit_cadence_text,None,1,7,341,154,52
340,fit_heart_rate_text,None,1,7,341,166,62
340,fit_cadence_text,None,1,7,341,154,52
341,fit_heart_rate_text,None,1,7,341,166,62
341,fit_cadence_text,None,1,7,341,154,52
342,fit_heart_rate_text,None,1,7,341,166,62
342,fit_cadence_text,None,1,7,341,154,52
343,fit_heart_rate_text,None,1,7,341,166,62
343,fit_cadence_text,None,1,7,341,154,52
344,fit_heart_rate_text,None,1,7,341,166,62
344,fit_cadence_text,None,1,7,341,154,52
345,fit_heart_rate_text,None,1,7,341,166,62
345,fit_cadence_text,None,1,7,341,154,52
346,fit_heart_rate_text,None,1,7,341,166,62
346,fit_cadence_text,None,1,7,341,154,52
347,fit_heart_rate_text,None,1,7,341,166,62
347,fit_cadence_text,None,1,7,341,154,52
348,fit_heart_rate_text,None,1,7,341,166,62
348,fit_cadence_text,None,1,7,341,154,52
349,fit_heart_rate_text,None,1,7,341,166,62
349,fit_cadence_text,None,1,7,341,154,52
350,fit_heart_rate_text,None,1,7,341,166,62
350,fit_cadence_text,None,1,7,341,154,52
351,fit_heart_rate_text,None,1,7,341,166,62
351,fit_cadence_text,None,1,7,341,154,52
352,fit_heart_rate_text,None,1,7,341,166,62
352,fit_cadence_text,None,1,7,341,154,52
353,fit_heart_rate_text,None,1,7,341,166,62
353,fit_cadence_text,None,1,7,341,154,52
354,fit_heart_rate_text,None,1,7,341,166,62
354,fit_cadence_text,None,1,7,341,154,52
355,fit_heart_rate_text,None,1,7,341,166,62
355,fit_cadence_text,None,1,7,341,154,52
356,fit_heart_rate_text,None,1,7,341,166,62
356,fit_cadence_text,None,1,7,341,154,52
357,fit_heart_rate_text,None,1,7,341,166,62
357,fit_cadence_text,None,1,7,341,154,52
358,fit_heart_rate_text,None,1,7,341,166,62
358,fit_cadence_text,None,1,7,341,154,52
359,fit_heart_rate_text,None,1,7,341,166,62
359,fit_cadence_text,None,1,7,341,154,52
360,fit_heart_rate_text,None,1,7,341,166,62
360,fit_cadence_text,None,1,7,341,154,52
361,fit_heart_rate_text,None,1,7,341,166,62
361,fit_cadence_text,None,1,7,341,154,52
362,fit_heart_rate_text,None,1,7,341,166,62
362,fit_cadence_text,None,1,7,341,154,52
363,fit_heart_rate_text,None,1,7,341,166,62
363,fit_cadence_text,None,1,7,341,154,52
364,fit_heart_rate_text,None,1,7,341,166,62
364,fit_cadence_text,None,1,7,341,154,52
365,fit_heart_rate_text,None,1,7,341,166,62
365,fit_cadence_text,None,1,7,341,154,52
366,fit_heart_rate_text,None,1,7,341,166,62
366,fit_cadence_text,None,1,7,341,154,52
367,fit_heart_rate_text,None,1,7,341,166,62
367,fit_cadence_text,None,1,7,341,154,52
368,fit_heart_rate_text,None,1,7,341,166,62
368,fit_cadence_text,None,1,7,341,154,52
369,fit_heart_rate_text,None,1,7,341,166,62
369,fit_cadence_text,None,1,7,341,154,52
370,fit_heart_rate_text,None,1,7,341,166,62
370,fit_cadence_text,None,1,7,341,154,52
371,fit_heart_rate_text,None,1,7,341,166,62
371,fit_cadence_text,None,1,7,341,154,52
372,fit_heart_rate_text,None,1,7,341,166,62
372,fit_cadence_text,None,1,7,341,154,52
373,fit_heart_rate_text,None,1,7,341,166,62
373,fit_cadence_text,None,1,7,341,154,52
374,fit_heart_rate_text,None,1,7,341,166,62
374,fit_cadence_text,None,1,7,341,154,52
375,fit_heart_rate_text,None,1,7,341,166,62
375,fit_cadence_text,None,1,7,341,154,52
376,fit_heart_rate_text,None,1,7,341,166,62
376,fit_cadence_text,None,1,7,341,154,52
377,fit_heart_rate_text,None,1,7,341,166,62
377,fit_cadence_text,None,1,7,341,154,52
378,fit_heart_rate_text,None,1,7,341,166,62
378,fit_cadence_text,None,1,7,341,154,52
379,fit_heart_rate_text,None,1,7,341,166,62
379,fit_cadence_text,None,1,7,341,154,52
380,fit_heart_rate_text,None,1,7,341,166,62
380,fit_cadence_text,None,1,7,341,154,52
381,fit_heart_rate_text,None,1,7,341,166,62
381,fit_cadence_text,None,1,7,341,154,52
382,fit_heart_rate_text,None,1,7,341,166,62
382,fit_cadence_text,None,1,7,341,154,52
383,fit_heart_rate_text,None,1,7,341,166,62
383,fit_cadence_text,None,1,7,341,154,52
384,fit_heart_rate_text,None,1,7,341,166,62
384,fit_cadence_text,None,1,7,341,154,52
385,fit_heart_rate_text,None,1,7,341,166,62
385,fit_cadence_text,None,1,7,341,154,52
386,fit_heart_rate_text,None,1,7,341,166,62
386,fit_cadence_text,None,1,7,341,154,52
387,fit_heart_rate_text,None,1,7,341,166,62
387,fit_cadence_text,None,1,7,341,154,52
388,fit_heart_rate_text,None,1,7,341,166,62
388,fit_cadence_text,None,1,7,341,154,52
389,fit_heart_rate_text,None,1,7,341,166,62
389,fit_cadence_text,None,1,7,341,154,52
390,fit_heart_rate_text,None,1,7,341,166,62
390,fit_cadence_text,None,1,7,341,154,52
391,fit_heart_rate_text,None,1,7,341,166,62
391,fit_cadence_text,None,1,7,341,154,52
392,fit_heart_rate_text,None,1,7,341,166,62
392,fit_cadence_text,None,1,7,341,154,52
393,fit_heart_rate_text,None,1,7,341,166,62
393,fit_cadence_text,None,1,7,341,154,52
394,fit_heart_rate_text,None,1,7,341,166,62
394,fit_cadence_text,None,1,7,341,154,52
395,fit_heart_rate_text,None,1,7,341,166,62
395,fit_cadence_text,None,1,7,341,154,52
396,fit_heart_rate_text,None,1,7,341,166,62
396,fit_cadence_text,None,1,7,341,154,52
397,fit_heart_rate_text,None,1,7,341,166,62
397,fit_cadence_text,None,1,7,341,154,52
398,fit_heart_rate_text,None,1,7,341,166,62
398,fit_cadence_text,None,1,7,341,154,52
399,fit_heart_rate_text,None,1,7,341,166,62
399,fit_cadence_text,None,1,7,341,154,52
400,fit_heart_rate_text,None,1,7,341,166,62
400,fit_cadence_text,None,1,7,341,154,52
401,fit_heart_rate_text,None,1,7,341,166,62
401,fit_cadence_text,None,1,7,341,154,52
402,fit_heart_rate_text,None,1,7,341,166,62
402,fit_cadence_text,None,1,7,341,154,52
403,fit_heart_rate_text,None,1,7,341,166,62
403,fit_cadence_text,None,1,7,341,154,52
404,fit_heart_rate_text,None,1,7,341,166,62
404,fit_cadence_text,None,1,7,341,154,52
405,fit_heart_rate_text,None,1,7,341,166,62
405,fit_cadence_text,None,1,7,341,154,52
406,fit_heart_rate_text,None,1,7,341,166,62
406,fit_cadence_text,None,1,7,341,154,52
407,fit_heart_rate_text,None,1,7,341,166,62
407,fit_cadence_text,None,1,7,341,154,52
408,fit_heart_rate_text,None,1,7,341,166,62
408,fit_cadence_text,None,1,7,341,154,52
409,fit_heart_rate_text,None,1,7,341,166,62
409,fit_cadence_text,None,1,7,341,154,52
410,fit_heart_rate_text,None,1,7,341,166,62
410,fit_cadence_text,None,1,7,341,154,52
411,fit_heart_rate_text,None,1,7,341,166,62
411,fit_cadence_text,None,1,7,341,154,52
412,fit_heart_rate_text,None,1,7,341,166,62
412,fit_cadence_text,None,1,7,341,154,52
413,fit_heart_rate_text,None,1,7,341,166,62
413,fit_cadence_text,None,1,7,341,154,52
414,fit_heart_rate_text,None,1,7,341,166,62
414,fit_cadence_text,None,1,7,341,154,52
415,fit_heart_rate_text,None,1,7,341,166,62
415,fit_cadence_text,None,1,7,341,154,52
416,fit_heart_rate_text,None,1,7,341,166,62
416,fit_cadence_text,None,1,7,341,154,52
417,fit_heart_rate_text,None,1,7,341,166,62
417,fit_cadence_text,None,1,7,341,154,52
418,fit_heart_rate_text,None,1,7,341,166,62
418,fit_cadence_text,None,1,7,341,154,52
419,fit_heart_rate_text,None,1,7,341,166,62
419,fit_cadence_text,None,1,7,341,154,52
420,fit_heart_rate_text,None,1,7,341,166,62
420,fit_cadence_text,None,1,7,341,154,52
421,fit_heart_rate_text,None,1,7,341,166,62
421,fit_cadence_text,None,1,7,341,154,52
422,fit_heart_rate_text,None,1,7,341,166,62
422,fit_cadence_text,None,1,7,341,154,52
423,fit_heart_rate_text,None,1,7,341,166,62
423,fit_cadence_text,None,1,7,341,154,52
424,fit_heart_rate_text,None,1,7,341,166,62
424,fit_cadence_text,None,1,7,341,154,52
425,fit_heart_rate_text,None,1,7,341,166,62
425,fit_cadence_text,None,1,7,341,154,52
426,fit_heart_rate_text,None,1,7,341,166,62
426,fit_cadence_text,None,1,7,341,154,52
427,fit_heart_rate_text,None,1,7,341,166,62
427,fit_cadence_text,None,1,7,341,154,52
428,fit_heart_rate_text,None,1,7,341,166,62
428,fit_cadence_text,None,1,7,341,154,52
429,fit_heart_rate_text,None,1,7,341,166,62
429,fit_cadence_text,None,1,7,341,154,52
430,fit_heart_rate_text,None,1,7,341,166,62
430,fit_cadence_text,None,1,7,341,154,52
431,fit_heart_rate_text,None,1,7,341,166,62
431,fit_cadence_text,None,1,7,341,154,52
432,fit_heart_rate_text,None,1,7,341,166,62
432,fit_cadence_text,None,1,7,341,154,52
433,fit_heart_rate_text,None,1,7,341,166,62
433,fit_cadence_text,None,1,7,341,154,52
434,fit_heart_rate_text,None,1,7,341,166,62
434,fit_cadence_text,None,1,7,341,154,52
435,fit_heart_rate_text,None,1,7,341,166,62
435,fit_cadence_text,None,1,7,341,154,52
436,fit_heart_rate_text,None,1,7,341,166,62
436,fit_cadence_text,None,1,7,341,154,52
437,fit_heart_rate_text,None,1,7,341,166,62
437,fit_cadence_text,None,1,7,341,154,52
438,fit_heart_rate_text,None,1,7,341,166,62
438,fit_cadence_text,None,1,7,341,154,52
439,fit_heart_rate_text,None,1,7,341,166,62
439,fit_cadence_text,None,1,7,341,154,52
440,fit_heart_rate_text,None,1,7,341,166,62
440,fit_cadence_text,None,1,7,341,154,52
441,fit_heart_rate_text,None,1,7,341,166,62
441,fit_cadence_text,None,1,7,341,154,52
442,fit_heart_rate_text,None,1,7,341,166,62
442,fit_cadence_text,None,1,7,341,154,52
443,fit_heart_rate_text,None,1,7,341,166,62
443,fit_cadence_text,None,1,7,341,154,52
444,fit_heart_rate_text,None,1,7,341,166,62
444,fit_cadence_text,None,1,7,341,154,52
445,fit_heart_rate_text,None,1,7,341,166,62
445,fit_cadence_text,None,1,7,341,154,52
446,fit_heart_rate_text,None,1,7,341,166,62
446,fit_cadence_text,None,1,7,341,154,52
447,fit_heart_rate_text,None,1,7,341,166,62
447,fit_cadence_text,None,1,7,341,154,52
448,fit_heart_rate_text,None,1,7,341,166,62
448,fit_cadence_text,None,1,7,341,154,52
449,fit_heart_rate_text,None,1,7,341,166,62
449,fit_cadence_text,None,1,7,341,154,52
450,fit_heart_rate_text,None,1,7,341,166,62
450,fit_cadence_text,None,1,7,341,154,52
451,fit_heart_rate_text,None,1,7,341,166,62
451,fit_cadence_text,None,1,7,341,154,52
452,fit_heart_rate_text,None,1,7,341,166,62
452,fit_cadence_text,None,1,7,341,154,52
453,fit_heart_rate_text,None,1,7,341,166,62
453,fit_cadence_text,None,1,7,341,154,52
454,fit_heart_rate_text,None,1,7,341,166,62
454,fit_cadence_text,None,1,7,341,154,52
455,fit_heart_rate_text,None,1,7,341,166,62
455,fit_cadence_text,None,1,7,341,154,52
456,fit_heart_rate_text,None,1,7,341,166,62
456,fit_cadence_text,None,1,7,341,154,52
457,fit_heart_rate_text,None,1,7,341,166,62
457,fit_cadence_text,None,1,7,341,154,52
458,fit_heart_rate_text,None,1,7,341,166,62
458,fit_cadence_text,None,1,7,341,154,52
459,fit_heart_rate_text,None,1,7,341,166,62
459,fit_cadence_text,None,1,7,341,154,52
460,fit_heart_rate_text,None,1,7,341,166,62
460,fit_cadence_text,None,1,7,341,154,52
461,fit_heart_rate_text,None,1,7,341,166,62
461,fit_cadence_text,None,1,7,341,154,52
462,fit_heart_rate_text,None,1,7,341,166,62
462,fit_cadence_text,None,1,7,341,154,52
463,fit_heart_rate_text,None,1,7,341,166,62
463,fit_cadence_text,None,1,7,341,154,52
464,fit_heart_rate_text,None,1,7,341,166,62
464,fit_cadence_text,None,1,7,341,154,52
465,fit_heart_rate_text,None,1,7,341,166,62
465,fit_cadence_text,None,1,7,341,154,52
466,fit_heart_rate_text,None,1,7,341,166,62
466,fit_cadence_text,None,1,7,341,154,52
467,fit_heart_rate_text,None,1,7,341,166,62
467,fit_cadence_text,None,1,7,341,154,52
468,fit_heart_rate_text,None,1,7,341,166,62
468,fit_cadence_text,None,1,7,341,154,52
469,fit_heart_rate_text,None,1,7,341,166,62
469,fit_cadence_text,None,1,7,341,154,52
470,fit_heart_rate_text,None,1,7,341,166,62
470,fit_cadence_text,None,1,7,341,154,52
471,fit_heart_rate_text,None,1,7,341,166,62
471,fit_cadence_text,None,1,7,341,154,52
472,fit_heart_rate_text,None,1,7,341,166,62
472,fit_cadence_text,None,1,7,341,154,52
473,fit_heart_rate_text,None,1,7,341,166,62
473,fit_cadence_text,None,1,7,341,154,52
474,fit_heart_rate_text,None,1,7,341,166,62
474,fit_cadence_text,None,1,7,341,154,52
475,fit_heart_rate_text,None,1,7,341,166,62
475,fit_cadence_text,None,1,7,341,154,52
476,fit_heart_rate_text,None,1,7,341,166,62
476,fit_cadence_text,None,1,7,341,154,52
477,fit_heart_rate_text,None,1,7,341,166,62
477,fit_cadence_text,None,1,7,341,154,52
478,fit_heart_rate_text,None,1,7,341,166,62
478,fit_cadence_text,None,1,7,341,154,52
479,fit_heart_rate_text,None,1,7,341,166,62
479,fit_cadence_text,None,1,7,341,154,52
480,fit_heart_rate_text,None,1,7,341,166,62
480,fit_cadence_text,None,1,7,341,154,52
481,fit_heart_rate_text,None,1,7,341,166,62
481,fit_cadence_text,None,1,7,341,154,52
482,fit_heart_rate_text,None,1,7,341,166,62
482,fit_cadence_text,None,1,7,341,154,52
483,fit_heart_rate_text,None,1,7,341,166,62
483,fit_cadence_text,None,1,7,341,154,52
484,fit_heart_rate_text,None,1,7,341,166,62
484,fit_cadence_text,None,1,7,341,154,52
485,fit_heart_rate_text,None,1,7,341,166,62
485,fit_cadence_text,None,1,7,341,154,52
486,fit_heart_rate_text,None,1,7,341,166,62
486,fit_cadence_text,None,1,7,341,154,52
487,fit_heart_rate_text,None,1,7,341,166,62
487,fit_cadence_text,None,1,7,341,154,52
488,fit_heart_rate_text,None,1,7,341,166,62
488,fit_cadence_text,None,1,7,341,154,52
489,fit_heart_rate_text,None,1,7,341,166,62
489,fit_cadence_text,None,1,7,341,154,52
490,fit_heart_rate_text,None,1,7,341,166,62
490,fit_cadence_text,None,1,7,341,154,52
491,fit_heart_rate_text,None,1,7,341,166,62
491,fit_cadence_text,None,1,7,341,154,52
492,fit_heart_rate_text,None,1,7,341,166,62
492,fit_cadence_text,None,1,7,341,154,52
493,fit_heart_rate_text,None,1,7,341,166,62
493,fit_cadence_text,None,1,7,341,154,52
494,fit_heart_rate_text,None,1,7,341,166,62
494,fit_cadence_text,None,1,7,341,154,52
495,fit_heart_rate_text,None,1,7,341,166,62
495,fit_cadence_text,None,1,7,341,154,52
496,fit_heart_rate_text,None,1,7,341,166,62
496,fit_cadence_text,None,1,7,341,154,52
497,fit_heart_rate_text,None,1,7,341,166,62
497,fit_cadence_text,None,1,7,341,154,52
498,fit_heart_rate_text,None,1,7,341,166,62
498,fit_cadence_text,None,1,7,341,154,52
499,fit_heart_rate_text,None,1,7,341,166,62
499,fit_cadence_text,None,1,7,341,154,52
500,fit_heart_rate_text,None,1,7,341,166,62
500,fit_cadence_text,None,1,7,341,154,52
501,fit_heart_rate_text,None,1,7,341,166,62
501,fit_cadence_text,None,1,7,341,154,52
502,fit_heart_rate_text,None,1,7,341,166,62
502,fit_cadence_text,None,1,7,341,154,52
503,fit_heart_rate_text,None,1,7,341,166,62
503,fit_cadence_text,None,1,7,341,154,52
504,fit_heart_rate_text,None,1,7,341,166,62
504,fit_cadence_text,None,1,7,341,154,52
505,fit_heart_rate_text,None,1,7,341,166,62
505,fit_cadence_text,None,1,7,341,154,52
506,fit_heart_rate_text,None,1,7,341,166,62
506,fit_cadence_text,None,1,7,341,154,52
507,fit_heart_rate_text,None,1,7,341,166,62
507,fit_cadence_text,None,1,7,341,154,52
508,fit_heart_rate_text,None,1,7,341,166,62
508,fit_cadence_text,None,1,7,341,154,52
509,fit_heart_rate_text,None,1,7,341,166,62
509,fit_cadence_text,None,1,7,341,154,52
510,fit_heart_rate_text,None,1,7,341,166,62
510,fit_cadence_text,None,1,7,341,154,52
511,fit_heart_rate_text,None,1,7,341,166,62
511,fit_cadence_text,None,1,7,341,154,52
512,fit_heart_rate_text,None,1,7,341,166,62
512,fit_cadence_text,None,1,7,341,154,52
513,fit_heart_rate_text,None,1,7,341,166,62
513,fit_cadence_text,None,1,7,341,154,52
514,fit_heart_rate_text,None,1,7,341,166,62
514,fit_cadence_text,None,1,7,341,154,52
515,fit_heart_rate_text,None,1,7,341,166,62
515,fit_cadence_text,None,1,7,341,154,52
516,fit_heart_rate_text,None,1,7,341,166,62
516,fit_cadence_text,None,1,7,341,154,52
517,fit_heart_rate_text,None,1,7,341,166,62
517,fit_cadence_text,None,1,7,341,154,52
518,fit_heart_rate_text,None,1,7,341,166,62
518,fit_cadence_text,None,1,7,341,154,52
519,fit_heart_rate_text,None,1,7,341,166,62
519,fit_cadence_text,None,1,7,341,154,52
520,fit_heart_rate_text,None,1,7,341,166,62
520,fit_cadence_text,None,1,7,341,154,52
521,fit_heart_rate_text,None,1,7,341,166,62
521,fit_cadence_text,None,1,7,341,154,52
522,fit_heart_rate_text,None,1,7,341,166,62
522,fit_cadence_text,None,1,7,341,154,52
523,fit_heart_rate_text,None,1,7,341,166,62
523,fit_cadence_text,None,1,7,341,154,52
524,fit_heart_rate_text,None,1,7,341,166,62
524,fit_cadence_text,None,1,7,341,154,52
525,fit_heart_rate_text,None,1,7,341,166,62
525,fit_cadence_text,None,1,7,341,154,52
526,fit_heart_rate_text,None,1,7,341,166,62
526,fit_cadence_text,None,1,7,341,154,52
527,fit_heart_rate_text,None,1,7,341,166,62
527,fit_cadence_text,None,1,7,341,154,52
528,fit_heart_rate_text,None,1,7,341,166,62
528,fit_cadence_text,None,1,7,341,154,52
529,fit_heart_rate_text,None,1,7,341,166,62
529,fit_cadence_text,None,1,7,341,154,52
530,fit_heart_rate_text,None,1,7,341,166,62
530,fit_cadence_text,None,1,7,341,154,52
531,fit_heart_rate_text,None,1,7,341,166,62
531,fit_cadence_text,None,1,7,341,154,52
532,fit_heart_rate_text,None,1,7,341,166,62
532,fit_cadence_text,None,1,7,341,154,52
533,fit_heart_rate_text,None,1,7,341,166,62
533,fit_cadence_text,None,1,7,341,154,52
534,fit_heart_rate_text,None,1,7,341,166,62
534,fit_cadence_text,None,1,7,341,154,52
535,fit_heart_rate_text,None,1,7,341,166,62
535,fit_cadence_text,None,1,7,341,154,52
536,fit_heart_rate_text,None,1,7,341,166,62
536,fit_cadence_text,None,1,7,341,154,52
537,fit_heart_rate_text,None,1,7,341,166,62
537,fit_cadence_text,None,1,7,341,154,52
538,fit_heart_rate_text,None,1,7,341,166,62
538,fit_cadence_text,None,1,7,341,154,52
539,fit_heart_rate_text,None,1,7,341,166,62
539,fit_cadence_text,None,1,7,341,154,52
540,fit_heart_rate_text,None,1,7,341,166,62
540,fit_cadence_text,None,1,7,341,154,52
541,fit_heart_rate_text,None,1,7,341,166,62
541,fit_cadence_text,None,1,7,341,154,52
542,fit_heart_rate_text,None,1,7,341,166,62
542,fit_cadence_text,None,1,7,341,154,52
543,fit_heart_rate_text,None,1,7,341,166,62
543,fit_cadence_text,None,1,7,341,154,52
544,fit_heart_rate_text,None,1,7,341,166,62
544,fit_cadence_text,None,1,7,341,154,52
545,fit_heart_rate_text,None,1,7,341,166,62
545,fit_cadence_text,None,1,7,341,154,52
546,fit_heart_rate_text,None,1,7,341,166,62
546,fit_cadence_text,None,1,7,341,154,52
547,fit_heart_rate_text,None,1,7,341,166,62
547,fit_cadence_text,None,1,7,341,154,52
548,fit_heart_rate_text,None,1,7,341,166,62
548,fit_cadence_text,None,1,7,341,154,52
549,fit_heart_rate_text,None,1,7,341,166,62
549,fit_cadence_text,None,1,7,341,154,52
550,fit_heart_rate_text,None,1,7,341,166,62
550,fit_cadence_text,None,1,7,341,154,52
551,fit_heart_rate_text,None,1,7,341,166,62
551,fit_cadence_text,None,1,7,341,154,52
552,fit_heart_rate_text,None,1,7,341,166,62
552,fit_cadence_text,None,1,7,341,154,52
553,fit_heart_rate_text,None,1,7,341,166,62
553,fit_cadence_text,None,1,7,341,154,52
554,fit_heart_rate_text,None,1,7,341,166,62
554,fit_cadence_text,None,1,7,341,154,52
555,fit_heart_rate_text,None,1,7,341,166,62
555,fit_cadence_text,None,1,7,341,154,52
556,fit_heart_rate_text,None,1,7,341,166,62
556,fit_cadence_text,None,1,7,341,154,52
557,fit_heart_rate_text,None,1,7,341,166,62
557,fit_cadence_text,None,1,7,341,154,52
558,fit_heart_rate_text,None,1,7,341,166,62
558,fit_cadence_text,None,1,7,341,154,52
559,fit_heart_rate_text,None,1,7,341,166,62
559,fit_cadence_text,None,1,7,341,154,52
560,fit_heart_rate_text,None,1,7,341,166,62
560,fit_cadence_text,None,1,7,341,154,52
561,fit_heart_rate_text,None,1,7,341,166,62
561,fit_cadence_text,None,1,7,341,154,52
562,fit_heart_rate_text,None,1,7,341,166,62
562,fit_cadence_text,None,1,7,341,154,52
563,fit_heart_rate_text,None,1,7,341,166,62
563,fit_cadence_text,None,1,7,341,154,52
564,fit_heart_rate_text,None,1,7,341,166,62
564,fit_cadence_text,None,1,7,341,154,52
565,fit_heart_rate_text,None,1,7,341,166,62
565,fit_cadence_text,None,1,7,341,154,52
566,fit_heart_rate_text,None,1,7,341,166,62
566,fit_cadence_text,None,1,7,341,154,52
567,fit_heart_rate_text,None,1,7,341,166,62
567,fit_cadence_text,None,1,7,341,154,52
568,fit_heart_rate_text,None,1,7,341,166,62
568,fit_cadence_text,None,1,7,341,154,52
569,fit_heart_rate_text,None,1,7,341,166,62
569,fit_cadence_text,None,1,7,341,154,52
570,fit_heart_rate_text,None,1,7,341,166,62
570,fit_cadence_text,None,1,7,341,154,52
571,fit_heart_rate_text,None,1,7,341,166,62
571,fit_cadence_text,None,1,7,341,154,52
572,fit_heart_rate_text,None,1,7,341,166,62
572,fit_cadence_text,None,1,7,341,154,52
573,fit_heart_rate_text,None,1,7,341,166,62
573,fit_cadence_text,None,1,7,341,154,52
574,fit_heart_rate_text,None,1,7,341,166,62
574,fit_cadence_text,None,1,7,341,154,52
575,fit_heart_rate_text,None,1,7,341,166,62
575,fit_cadence_text,None,1,7,341,154,52
576,fit_heart_rate_text,None,1,7,341,166,62
576,fit_cadence_text,None,1,7,341,154,52
577,fit_heart_rate_text,None,1,7,341,166,62
577,fit_cadence_text,None,1,7,341,154,52
578,fit_heart_rate_text,None,1,7,341,166,62
578,fit_cadence_text,None,1,7,341,154,52
579,fit_heart_rate_text,None,1,7,341,166,62
579,fit_cadence_text,None,1,7,341,154,52
580,fit_heart_rate_text,None,1,7,341,166,62
580,fit_cadence_text,None,1,7,341,154,52
581,fit_heart_rate_text,None,1,7,341,166,62
581,fit_cadence_text,None,1,7,341,154,52
582,fit_heart_rate_text,None,1,7,341,166,62
582,fit_cadence_text,None,1,7,341,154,52
583,fit_heart_rate_text,None,1,7,341,166,62
583,fit_cadence_text,None,1,7,341,154,52
584,fit_heart_rate_text,None,1,7,341,166,62
584,fit_cadence_text,None,1,7,341,154,52
585,fit_heart_rate_text,None,1,7,341,166,62
585,fit_cadence_text,None,1,7,341,154,52
586,fit_heart_rate_text,None,1,7,341,166,62
586,fit_cadence_text,None,1,7,341,154,52
587,fit_heart_rate_text,None,1,7,341,166,62
587,fit_cadence_text,None,1,7,341,154,52
588,fit_heart_rate_text,None,1,7,341,166,62
588,fit_cadence_text,None,1,7,341,154,52
589,fit_heart_rate_text,None,1,7,341,166,62
589,fit_cadence_text,None,1,7,341,154,52
590,fit_heart_rate_text,None,1,7,341,166,62
590,fit_cadence_text,None,1,7,341,154,52
591,fit_heart_rate_text,None,1,7,341,166,62
591,fit_cadence_text,None,1,7,341,154,52
592,fit_heart_rate_text,None,1,7,341,166,62
592,fit_cadence_text,None,1,7,341,154,52
593,fit_heart_rate_text,None,1,7,341,166,62
593,fit_cadence_text,None,1,7,341,154,52
594,fit_heart_rate_text,None,1,7,341,166,62
594,fit_cadence_text,None,1,7,341,154,52
595,fit_heart_rate_text,None,1,7,341,166,62
595,fit_cadence_text,None,1,7,341,154,52
596,fit_heart_rate_text,None,1,7,341,166,62
596,fit_cadence_text,None,1,7,341,154,52
597,fit_heart_rate_text,None,1,7,341,166,62
597,fit_cadence_text,None,1,7,341,154,52
598,fit_heart_rate_text,None,1,7,341,166,62
598,fit_cadence_text,None,1,7,341,154,52
599,fit_heart_rate_text,None,1,7,341,166,62
599,fit_cadence_text,None,1,7,341,154,52
600,fit_heart_rate_text,None,1,7,341,166,62
600,fit_cadence_text,None,1,7,341,154,52
601,fit_heart_rate_text,None,1,7,341,166,62
601,fit_cadence_text,None,1,7,341,154,52
602,fit_heart_rate_text,None,1,7,341,166,62
602,fit_cadence_text,None,1,7,341,154,52
603,fit_heart_rate_text,None,1,7,341,166,62
603,fit_cadence_text,None,1,7,341,154,52
604,fit_heart_rate_text,None,1,7,341,166,62
604,fit_cadence_text,None,1,7,341,154,52
605,fit_heart_rate_text,None,1,7,341,166,62
605,fit_cadence_text,None,1,7,341,154,52
606,fit_heart_rate_text,None,1,7,341,166,62
606,fit_cadence_text,None,1,7,341,154,52
607,fit_heart_rate_text,None,1,7,341,166,62
607,fit_cadence_text,None,1,7,341,154,52
608,fit_heart_rate_text,None,1,7,341,166,62
608,fit_cadence_text,None,1,7,341,154,52
609,fit_heart_rate_text,None,1,7,341,166,62
609,fit_cadence_text,None,1,7,341,154,52
610,fit_heart_rate_text,None,1,7,341,166,62
610,fit_cadence_text,None,1,7,341,154,52
611,fit_heart_rate_text,None,1,7,341,166,62
611,fit_cadence_text,None,1,7,341,154,52
612,fit_heart_rate_text,None,1,7,341,166,62
612,fit_cadence_text,None,1,7,341,154,52
613,fit_heart_rate_text,None,1,7,341,166,62
613,fit_cadence_text,None,1,7,341,154,52
614,fit_heart_rate_text,None,1,7,341,166,62
614,fit_cadence_text,None,1,7,341,154,52
615,fit_heart_rate_text,None,1,7,341,166,62
615,fit_cadence_text,None,1,7,341,154,52
616,fit_heart_rate_text,None,1,7,341,166,62
616,fit_cadence_text,None,1,7,341,154,52
617,fit_heart_rate_text,None,1,7,341,166,62
617,fit_cadence_text,None,1,7,341,154,52
618,fit_heart_rate_text,None,1,7,341,166,62
618,fit_cadence_text,None,1,7,341,154,52
619,fit_heart_rate_text,None,1,7,341,166,62
619,fit_cadence_text,None,1,7,341,154,52
620,fit_heart_rate_text,None,1,7,341,166,62
620,fit_cadence_text,None,1,7,341,154,52
621,fit_heart_rate_text,None,1,7,341,166,62
621,fit_cadence_text,None,1,7,341,154,52
622,fit_heart_rate_text,None,1,7,341,166,62
622,fit_cadence_text,None,1,7,341,154,52
623,fit_heart_rate_text,None,1,7,341,166,62
623,fit_cadence_text,None,1,7,341,154,52
624,fit_heart_rate_text,None,1,7,341,166,62
624,fit_cadence_text,None,1,7,341,154,52
625,fit_heart_rate_text,None,1,7,341,166,62
625,fit_cadence_text,None,1,7,341,154,52
626,fit_heart_rate_text,None,1,7,341,166,62
626,fit_cadence_text,None,1,7,341,154,52
627,fit_heart_rate_text,None,1,7,341,166,62
627,fit_cadence_text,None,1,7,341,154,52
628,fit_heart_rate_text,None,1,7,341,166,62
628,fit_cadence_text,None,1,7,341,154,52
629,fit_heart_rate_text,None,1,7,341,166,62
629,fit_cadence_text,None,1,7,341,154,52
630,fit_heart_rate_text,None,1,7,341,166,62
630,fit_cadence_text,None,1,7,341,154,52
631,fit_heart_rate_text,None,1,7,341,166,62
631,fit_cadence_text,None,1,7,341,154,52
632,fit_heart_rate_text,None,1,7,341,166,62
632,fit_cadence_text,None,1,7,341,154,52
633,fit_heart_rate_text,None,1,7,341,166,62
633,fit_cadence_text,None,1,7,341,154,52
634,fit_heart_rate_text,None,1,7,341,166,62
634,fit_cadence_text,None,1,7,341,154,52
635,fit_heart_rate_text,None,1,7,341,166,62
635,fit_cadence_text,None,1,7,341,154,52
636,fit_heart_rate_text,None,1,7,341,166,62
636,fit_cadence_text,None,1,7,341,154,52
637,fit_heart_rate_text,None,1,7,341,166,62
637,fit_cadence_text,None,1,7,341,154,52
638,fit_heart_rate_text,None,1,7,341,166,62
638,fit_cadence_text,None,1,7,341,154,52
639,fit_heart_rate_text,None,1,7,341,166,62
639,fit_cadence_text,None,1,7,341,154,52
640,fit_heart_rate_text,None,1,7,341,166,62
640,fit_cadence_text,None,1,7,341,154,52
641,fit_heart_rate_text,None,1,7,341,166,62
641,fit_cadence_text,None,1,7,341,154,52
642,fit_heart_rate_text,None,1,7,341,166,62
642,fit_cadence_text,None,1,7,341,154,52
643,fit_heart_rate_text,None,1,7,341,166,62
643,fit_cadence_text,None,1,7,341,154,52
644,fit_heart_rate_text,None,1,7,341,166,62
644,fit_cadence_text,None,1,7,341,154,52
645,fit_heart_rate_text,None,1,7,341,166,62
645,fit_cadence_text,None,1,7,341,154,52
646,fit_heart_rate_text,None,1,7,341,166,62
646,fit_cadence_text,None,1,7,341,154,52
647,fit_heart_rate_text,None,1,7,341,166,62
647,fit_cadence_text,None,1,7,341,154,52
648,fit_heart_rate_text,None,1,7,341,166,62
648,fit_cadence_text,None,1,7,341,154,52
649,fit_heart_rate_text,None,1,7,341,166,62
649,fit_cadence_text,None,1,7,341,154,52
650,fit_heart_rate_text,None,1,7,341,166,62
650,fit_cadence_text,None,1,7,341,154,52
651,fit_heart_rate_text,None,1,7,341,166,62
651,fit_cadence_text,None,1,7,341,154,52
652,fit_heart_rate_text,None,1,7,341,166,62
652,fit_cadence_text,None,1,7,341,154,52
653,fit_heart_rate_text,None,1,7,341,166,62
653,fit_cadence_text,None,1,7,341,154,52
654,fit_heart_rate_text,None,1,7,341,166,62
654,fit_cadence_text,None,1,7,341,154,52
655,fit_heart_rate_text,None,1,7,341,166,62
655,fit_cadence_text,None,1,7,341,154,52
656,fit_heart_rate_text,None,1,7,341,166,62
656,fit_cadence_text,None,1,7,341,154,52
657,fit_heart_rate_text,None,1,7,341,166,62
657,fit_cadence_text,None,1,7,341,154,52
658,fit_heart_rate_text,None,1,7,341,166,62
658,fit_cadence_text,None,1,7,341,154,52
659,fit_heart_rate_text,None,1,7,341,166,62
659,fit_cadence_text,None,1,7,341,154,52
660,fit_heart_rate_text,None,1,7,341,166,62
660,fit_cadence_text,None,1,7,341,154,52
661,fit_heart_rate_text,None,1,7,341,166,62
661,fit_cadence_text,None,1,7,341,154,52
662,fit_heart_rate_text,None,1,7,341,166,62
662,fit_cadence_text,None,1,7,341,154,52
663,fit_heart_rate_text,None,1,7,341,166,62
663,fit_cadence_text,None,1,7,341,154,52
664,fit_heart_rate_text,None,1,7,341,166,62
664,fit_cadence_text,None,1,7,341,154,52
665,fit_heart_rate_text,None,1,7,341,166,62
665,fit_cadence_text,None,1,7,341,154,52
666,fit_heart_rate_text,None,1,7,341,166,62
666,fit_cadence_text,None,1,7,341,154,52
667,fit_heart_rate_text,None,1,7,341,166,62
667,fit_cadence_text,None,1,7,341,154,52
668,fit_heart_rate_text,None,1,7,341,166,62
668,fit_cadence_text,None,1,7,341,154,52
669,fit_heart_rate_text,None,1,7,341,166,62
669,fit_cadence_text,None,1,7,341,154,52
670,fit_heart_rate_text,None,1,7,341,166,62
670,fit_cadence_text,None,1,7,341,154,52
671,fit_heart_rate_text,None,1,7,341,166,62
671,fit_cadence_text,None,1,7,341,154,52
672,fit_heart_rate_text,None,1,7,341,166,62
672,fit_cadence_text,None,1,7,341,154,52
673,fit_heart_rate_text,None,1,7,341,166,62
673,fit_cadence_text,None,1,7,341,154,52
674,fit_heart_rate_text,None,1,7,341,166,62
674,fit_cadence_text,None,1,7,341,154,52
675,fit_heart_rate_text,None,1,7,341,166,62
675,fit_cadence_text,None,1,7,341,154,52
676,fit_heart_rate_text,None,1,7,341,166,62
676,fit_cadence_text,None,1,7,341,154,52
677,fit_heart_rate_text,None,1,7,341,166,62
677,fit_cadence_text,None,1,7,341,154,52
678,fit_heart_rate_text,None,1,7,341,166,62
678,fit_cadence_text,None,1,7,341,154,52
679,fit_heart_rate_text,None,1,7,341,166,62
679,fit_cadence_text,None,1,7,341,154,52
680,fit_heart_rate_text,None,1,7,341,166,62
680,fit_cadence_text,None,1,7,341,154,52
681,fit_heart_rate_text,None,1,7,341,166,62
681,fit_cadence_text,None,1,7,341,154,52
682,fit_heart_rate_text,None,1,7,341,166,62
682,fit_cadence_text,None,1,7,341,154,52
683,fit_heart_rate_text,None,1,7,341,166,62
683,fit_cadence_text,None,1,7,341,154,52
684,fit_heart_rate_text,None,1,7,341,166,62
684,fit_cadence_text,None,1,7,341,154,52
685,fit_heart_rate_text,None,1,7,341,166,62
685,fit_cadence_text,None,1,7,341,154,52
686,fit_heart_rate_text,None,1,7,341,166,62
686,fit_cadence_text,None,1,7,341,154,52
687,fit_heart_rate_text,None,1,7,341,166,62
687,fit_cadence_text,None,1,7,341,154,52
688,fit_heart_rate_text,None,1,7,341,166,62
688,fit_cadence_text,None,1,7,341,154,52
689,fit_heart_rate_text,None,1,7,341,166,62
689,fit_cadence_text,None,1,7,341,154,52
690,fit_heart_rate_text,None,1,7,341,166,62
690,fit_cadence_text,None,1,7,341,154,52
691,fit_heart_rate_text,None,1,7,341,166,62
691,fit_cadence_text,None,1,7,341,154,52
692,fit_heart_rate_text,None,1,7,341,166,62
692,fit_cadence_text,None,1,7,341,154,52
693,fit_heart_rate_text,None,1,7,341,166,62
693,fit_cadence_text,None,1,7,341,154,52
694,fit_heart_rate_text,None,1,7,341,166,62
694,fit_cadence_text,None,1,7,341,154,52
695,fit_heart_rate_text,None,1,7,341,166,62
695,fit_cadence_text,None,1,7,341,154,52
696,fit_heart_rate_text,None,1,7,341,166,62
696,fit_cadence_text,None,1,7,341,154,52
697,fit_heart_rate_text,None,1,7,341,166,62
697,fit_cadence_text,None,1,7,341,154,52
698,fit_heart_rate_text,None,1,7,341,166,62
698,fit_cadence_text,None,1,7,341,154,52
699,fit_heart_rate_text,None,1,7,341,166,62
699,fit_cadence_text,None,1,7,341,154,52
700,fit_heart_rate_text,None,1,7,341,166,62
700,fit_cadence_text,None,1,7,341,154,52
701,fit_heart_rate_text,None,1,7,341,166,62
701,fit_cadence_text,None,1,7,341,154,52
702,fit_heart_rate_text,None,1,7,341,166,62
702,fit_cadence_text,None,1,7,341,154,52
703,fit_heart_rate_text,None,1,7,341,166,62
703,fit_cadence_text,None,1,7,341,154,52
704,fit_heart_rate_text,None,1,7,341,166,62
704,fit_cadence_text,None,1,7,341,154,52
705,fit_heart_rate_text,None,1,7,341,166,62
705,fit_cadence_text,None,1,7,341,154,52
706,fit_heart_rate_text,None,1,7,341,166,62
706,fit_cadence_text,None,1,7,341,154,52
707,fit_heart_rate_text,None,1,7,341,166,62
707,fit_cadence_text,None,1,7,341,154,52
708,fit_heart_rate_text,None,1,7,341,166,62
708,fit_cadence_text,None,1,7,341,154,52
709,fit_heart_rate_text,None,1,7,341,166,62
709,fit_cadence_text,None,1,7,341,154,52
710,fit_heart_rate_text,None,1,7,341,166,62
710,fit_cadence_text,None,1,7,341,154,52
711,fit_heart_rate_text,None,1,7,341,166,62
711,fit_cadence_text,None,1,7,341,154,52
712,fit_heart_rate_text,None,1,7,341,166,62
712,fit_cadence_text,None,1,7,341,154,52
713,fit_heart_rate_text,None,1,7,341,166,62
713,fit_cadence_text,None,1,7,341,154,52
714,fit_heart_rate_text,None,1,7,341,166,62
714,fit_cadence_text,None,1,7,341,154,52
715,fit_heart_rate_text,None,1,7,341,166,62
715,fit_cadence_text,None,1,7,341,154,52
716,fit_heart_rate_text,None,1,7,341,166,62
716,fit_cadence_text,None,1,7,341,154,52
717,fit_heart_rate_text,None,1,7,341,166,62
717,fit_cadence_text,None,1,7,341,154,52
718,fit_heart_rate_text,None,1,7,341,166,62
718,fit_cadence_text,None,1,7,341,154,52
719,fit_heart_rate_text,None,1,7,341,166,62
719,fit_cadence_text,None,1,7,341,154,52
720,fit_heart_rate_text,None,1,7,341,166,62
720,fit_cadence_text,None,1,7,341,154,52
721,fit_heart_rate_text,None,1,7,341,166,62
721,fit_cadence_text,None,1,7,341,154,52
722,fit_heart_rate_text,None,1,7,341,166,62
722,fit_cadence_text,None,1,7,341,154,52
723,fit_heart_rate_text,None,1,7,341,166,62
723,fit_cadence_text,None,1,7,341,154,52
724,fit_heart_rate_text,None,1,7,341,166,62
724,fit_cadence_text,None,1,7,341,154,52
725,fit_heart_rate_text,None,1,7,341,166,62
725,fit_cadence_text,None,1,7,341,154,52
726,fit_heart_rate_text,None,1,7,341,166,62
726,fit_cadence_text,None,1,7,341,154,52
727,fit_heart_rate_text,None,1,7,341,166,62
727,fit_cadence_text,None,1,7,341,154,52
728,fit_heart_rate_text,None,1,7,341,166,62
728,fit_cadence_text,None,1,7,341,154,52
729,fit_heart_rate_text,None,1,7,341,166,62
729,fit_cadence_text,None,1,7,341,154,52
730,fit_heart_rate_text,None,1,7,341,166,62
730,fit_cadence_text,None,1,7,341,154,52
731,fit_heart_rate_text,None,1,7,341,166,62
731,fit_cadence_text,None,1,7,341,154,52
732,fit_heart_rate_text,None,1,7,341,166,62
732,fit_cadence_text,None,1,7,341,154,52
733,fit_heart_rate_text,None,1,7,341,166,62
733,fit_cadence_text,None,1,7,341,154,52
734,fit_heart_rate_text,None,1,7,341,166,62
734,fit_cadence_text,None,1,7,341,154,52
735,fit_heart_rate_text,None,1,7,341,166,62
735,fit_cadence_text,None,1,7,341,154,52
736,fit_heart_rate_text,None,1,7,341,166,62
736,fit_cadence_text,None,1,7,341,154,52
737,fit_heart_rate_text,None,1,7,341,166,62
737,fit_cadence_text,None,1,7,341,154,52
738,fit_heart_rate_text,None,1,7,341,166,62
738,fit_cadence_text,None,1,7,341,154,52
739,fit_heart_rate_text,None,1,7,341,166,62
739,fit_cadence_text,None,1,7,341,154,52
740,fit_heart_rate_text,None,1,7,341,166,62
740,fit_cadence_text,None,1,7,341,154,52
741,fit_heart_rate_text,None,1,7,341,166,62
741,fit_cadence_text,None,1,7,341,154,52
742,fit_heart_rate_text,None,1,7,341,166,62
742,fit_cadence_text,None,1,7,341,154,52
743,fit_heart_rate_text,None,1,7,341,166,62
743,fit_cadence_text,None,1,7,341,154,52
744,fit_heart_rate_text,None,1,7,341,166,62
744,fit_cadence_text,None,1,7,341,154,52
745,fit_heart_rate_text,None,1,7,341,166,62
745,fit_cadence_text,None,1,7,341,154,52
746,fit_heart_rate_text,None,1,7,341,166,62
746,fit_cadence_text,None,1,7,341,154,52
747,fit_heart_rate_text,None,1,7,341,166,62
747,fit_cadence_text,None,1,7,341,154,52
748,fit_heart_rate_text,None,1,7,341,166,62
748,fit_cadence_text,None,1,7,341,154,52
749,fit_heart_rate_text,None,1,7,341,166,62
749,fit_cadence_text,None,1,7,341,154,52
750,fit_heart_rate_text,None,1,7,341,166,62
750,fit_cadence_text,None,1,7,341,154,52
751,fit_heart_rate_text,None,1,7,341,166,62
751,fit_cadence_text,None,1,7,341,154,52
752,fit_heart_rate_text,None,1,7,341,166,62
752,fit_cadence_text,None,1,7,341,154,52
753,fit_heart_rate_text,None,1,7,341,166,62
753,fit_cadence_text,None,1,7,341,154,52
754,fit_heart_rate_text,None,1,7,341,166,62
754,fit_cadence_text,None,1,7,341,154,52
755,fit_heart_rate_text,None,1,7,341,166,62
755,fit_cadence_text,None,1,7,341,154,52
756,fit_heart_rate_text,None,1,7,341,166,62
756,fit_cadence_text,None,1,7,341,154,52
757,fit_heart_rate_text,None,1,7,341,166,62
757,fit_cadence_text,None,1,7,341,154,52
758,fit_heart_rate_text,None,1,7,341,166,62
758,fit_cadence_text,None,1,7,341,154,52
759,fit_heart_rate_text,None,1,7,341,166,62
759,fit_cadence_text,None,1,7,341,154,52
760,fit_heart_rate_text,None,1,7,341,166,62
760,fit_cadence_text,None,1,7,341,154,52
761,fit_heart_rate_text,None,1,7,341,166,62
761,fit_cadence_text,None,1,7,341,154,52
762,fit_heart_rate_text,None,1,7,341,166,62
762,fit_cadence_text,None,1,7,341,154,52
763,fit_heart_rate_text,None,1,7,341,166,62
763,fit_cadence_text,None,1,7,341,154,52
764,fit_heart_rate_text,None,1,7,341,166,62
764,fit_cadence_text,None,1,7,341,154,52
765,fit_heart_rate_text,None,1,7,341,166,62
765,fit_cadence_text,None,1,7,341,154,52
766,fit_heart_rate_text,None,1,7,341,166,62
766,fit_cadence_text,None,1,7,341,154,52
767,fit_heart_rate_text,None,1,7,341,166,62
767,fit_cadence_text,None,1,7,341,154,52
768,fit_heart_rate_text,None,1,7,341,166,62
768,fit_cadence_text,None,1,7,341,154,52
769,fit_heart_rate_text,None,1,7,341,166,62
769,fit_cadence_text,None,1,7,341,154,52
770,fit_heart_rate_text,None,1,7,341,166,62
770,fit_cadence_text,None,1,7,341,154,52
771,fit_heart_rate_text,None,1,7,341,166,62
771,fit_cadence_text,None,1,7,341,154,52
772,fit_heart_rate_text,None,1,7,341,166,62
772,fit_cadence_text,None,1,7,341,154,52
773,fit_heart_rate_text,None,1,7,341,166,62
773,fit_cadence_text,None,1,7,341,154,52
774,fit_heart_rate_text,None,1,7,341,166,62
774,fit_cadence_text,None,1,7,341,154,52
775,fit_heart_rate_text,None,1,7,341,166,62
775,fit_cadence_text,None,1,7,341,154,52
776,fit_heart_rate_text,None,1,7,341,166,62
776,fit_cadence_text,None,1,7,341,154,52
777,fit_heart_rate_text,None,1,7,341,166,62
777,fit_cadence_text,None,1,7,341,154,52
778,fit_heart_rate_text,None,1,7,341,166,62
778,fit_cadence_text,None,1,7,341,154,52
779,fit_heart_rate_text,None,1,7,341,166,62
779,fit_cadence_text,None,1,7,341,154,52
780,fit_heart_rate_text,None,1,7,341,166,62
780,fit_cadence_text,None,1,7,341,154,52
781,fit_heart_rate_text,None,1,7,341,166,62
781,fit_cadence_text,None,1,7,341,154,52
782,fit_heart_rate_text,None,1,7,341,166,62
782,fit_cadence_text,None,1,7,341,154,52
783,fit_heart_rate_text,None,1,7,341,166,62
783,fit_cadence_text,None,1,7,341,154,52
784,fit_heart_rate_text,None,1,7,341,166,62
784,fit_cadence_text,None,1,7,341,154,52
785,fit_heart_rate_text,None,1,7,341,166,62
785,fit_cadence_text,None,1,7,341,154,52
786,fit_heart_rate_text,None,1,7,341,166,62
786,fit_cadence_text,None,1,7,341,154,52
787,fit_heart_rate_text,None,1,7,341,166,62
787,fit_cadence_text,None,1,7,341,154,52
788,fit_heart_rate_text,None,1,7,341,166,62
788,fit_cadence_text,None,1,7,341,154,52
789,fit_heart_rate_text,None,1,7,341,166,62
789,fit_cadence_text,None,1,7,341,154,52
790,fit_heart_rate_text,None,1,7,341,166,62
790,fit_cadence_text,None,1,7,341,154,52
791,fit_heart_rate_text,None,1,7,341,166,62
791,fit_cadence_text,None,1,7,341,154,52
792,fit_heart_rate_text,None,1,7,341,166,62
792,fit_cadence_text,None,1,7,341,154,52
793,fit_heart_rate_text,None,1,7,341,166,62
793,fit_cadence_text,None,1,7,341,154,52
794,fit_heart_rate_text,None,1,7,341,166,62
794,fit_cadence_text,None,1,7,341,154,52
795,fit_heart_rate_text,None,1,7,341,166,62
795,fit_cadence_text,None,1,7,341,154,52
796,fit_heart_rate_text,None,1,7,341,166,62
796,fit_cadence_text,None,1,7,341,154,52
797,fit_heart_rate_text,None,1,7,341,166,62
797,fit_cadence_text,None,1,7,341,154,52
798,fit_heart_rate_text,None,1,7,341,166,62
798,fit_cadence_text,None,1,7,341,154,52
799,fit_heart_rate_text,None,1,7,341,166,62
799,fit_cadence_text,None,1,7,341,154,52
800,fit_heart_rate_text,None,1,7,341,166,62
800,fit_cadence_text,None,1,7,341,154,52
801,fit_heart_rate_text,None,1,7,341,166,62
801,fit_cadence_text,None,1,7,341,154,52
802,fit_heart_rate_text,None,1,7,341,166,62
802,fit_cadence_text,None,1,7,341,154,52
803,fit_heart_rate_text,None,1,7,341,166,62
803,fit_cadence_text,None,1,7,341,154,52
804,fit_heart_rate_text,None,1,7,341,166,62
804,fit_cadence_text,None,1,7,341,154,52
805,fit_heart_rate_text,None,1,7,341,166,62
805,fit_cadence_text,None,1,7,341,154,52
806,fit_heart_rate_text,None,1,7,341,166,62
806,fit_cadence_text,None,1,7,341,154,52
807,fit_heart_rate_text,None,1,7,341,166,62
807,fit_cadence_text,None,1,7,341,154,52
808,fit_heart_rate_text,None,1,7,341,166,62
808,fit_cadence_text,None,1,7,341,154,52
809,fit_heart_rate_text,None,1,7,341,166,62
809,fit_cadence_text,None,1,7,341,154,52
810,fit_heart_rate_text,None,1,7,341,166,62
810,fit_cadence_text,None,1,7,341,154,52
811,fit_heart_rate_text,None,1,7,341,166,62
811,fit_cadence_text,None,1,7,341,154,52
812,fit_heart_rate_text,None,1,7,341,166,62
812,fit_cadence_text,None,1,7,341,154,52
813,fit_heart_rate_text,None,1,7,341,166,62
813,fit_cadence_text,None,1,7,341,154,52
814,fit_heart_rate_text,None,1,7,341,166,62
814,fit_cadence_text,None,1,7,341,154,52
815,fit_heart_rate_text,None,1,7,341,166,62
815,fit_cadence_text,None,1,7,341,154,52
816,fit_heart_rate_text,None,1,7,341,166,62
816,fit_cadence_text,None,1,7,341,154,52
817,fit_heart_rate_text,None,1,7,341,166,62
817,fit_cadence_text,None,1,7,341,154,52
818,fit_heart_rate_text,None,1,7,341,166,62
818,fit_cadence_text,None,1,7,341,154,52
819,fit_heart_rate_text,None,1,7,341,166,62
819,fit_cadence_text,None,1,7,341,154,52
820,fit_heart_rate_text,None,1,7,341,166,62
820,fit_cadence_text,None,1,7,341,154,52
821,fit_heart_rate_text,None,1,7,341,166,62
821,fit_cadence_text,None,1,7,341,154,52
822,fit_heart_rate_text,None,1,7,341,166,62
822,fit_cadence_text,None,1,7,341,154,52
823,fit_heart_rate_text,None,1,7,341,166,62
823,fit_cadence_text,None,1,7,341,154,52
824,fit_heart_rate_text,None,1,7,341,166,62
824,fit_cadence_text,None,1,7,341,154,52
825,fit_heart_rate_text,None,1,7,341,166,62
825,fit_cadence_text,None,1,7,341,154,52
826,fit_heart_rate_text,None,1,7,341,166,62
826,fit_cadence_text,None,1,7,341,154,52
827,fit_heart_rate_text,None,1,7,341,166,62
827,fit_cadence_text,None,1,7,341,154,52
828,fit_heart_rate_text,None,1,7,341,166,62
828,fit_cadence_text,None,1,7,341,154,52
829,fit_heart_rate_text,None,1,7,341,166,62
829,fit_cadence_text,None,1,7,341,154,52
830,fit_heart_rate_text,None,1,7,341,166,62
830,fit_cadence_text,None,1,7,341,154,52
831,fit_heart_rate_text,None,1,7,341,166,62
831,fit_cadence_text,None,1,7,341,154,52
832,fit_heart_rate_text,None,1,7,341,166,62
832,fit_cadence_text,None,1,7,341,154,52
833,fit_heart_rate_text,None,1,7,341,166,62
833,fit_cadence_text,None,1,7,341,154,52
834,fit_heart_rate_text,None,1,7,341,166,62
834,fit_cadence_text,None,1,7,341,154,52
835,fit_heart_rate_text,None,1,7,341,166,62
835,fit_cadence_text,None,1,7,341,154,52
836,fit_heart_rate_text,None,1,7,341,166,62
836,fit_cadence_text,None,1,7,341,154,52
837,fit_heart_rate_text,None,1,7,341,166,62
837,fit_cadence_text,None,1,7,341,154,52
838,fit_heart_rate_text,None,1,7,341,166,62
838,fit_cadence_text,None,1,7,341,154,52
839,fit_heart_rate_text,None,1,7,341,166,62
839,fit_cadence_text,None,1,7,341,154,52
840,fit_heart_rate_text,None,1,7,341,166,62
840,fit_cadence_text,None,1,7,341,154,52
841,fit_heart_rate_text,None,1,7,341,166,62
841,fit_cadence_text,None,1,7,341,154,52
842,fit_heart_rate_text,None,1,7,341,166,62
842,fit_cadence_text,None,1,7,341,154,52
843,fit_heart_rate_text,None,1,7,341,166,62
843,fit_cadence_text,None,1,7,341,154,52
844,fit_heart_rate_text,None,1,7,341,166,62
844,fit_cadence_text,None,1,7,341,154,52
845,fit_heart_rate_text,None,1,7,341,166,62
845,fit_cadence_text,None,1,7,341,154,52
846,fit_heart_rate_text,None,1,7,341,166,62
846,fit_cadence_text,None,1,7,341,154,52
847,fit_heart_rate_text,None,1,7,341,166,62
847,fit_cadence_text,None,1,7,341,154,52
848,fit_heart_rate_text,None,1,7,341,166,62
848,fit_cadence_text,None,1,7,341,154,52
849,fit_heart_rate_text,None,1,7,341,166,62
849,fit_cadence_text,None,1,7,341,154,52
850,fit_heart_rate_text,None,1,7,341,166,62
850,fit_cadence_text,None,1,7,341,154,52
851,fit_heart_rate_text,None,1,7,341,166,62
851,fit_cadence_text,None,1,7,341,154,52
852,fit_heart_rate_text,None,1,7,341,166,62
852,fit_cadence_text,None,1,7,341,154,52
853,fit_heart_rate_text,None,1,7,341,166,62
853,fit_cadence_text,None,1,7,341,154,52
854,fit_heart_rate_text,None,1,7,341,166,62
854,fit_cadence_text,None,1,7,341,154,52
855,fit_heart_rate_text,None,1,7,341,166,62
855,fit_cadence_text,None,1,7,341,154,52
856,fit_heart_rate_text,None,1,7,341,166,62
856,fit_cadence_text,None,1,7,341,154,52
857,fit_heart_rate_text,None,1,7,341,166,62
857,fit_cadence_text,None,1,7,341,154,52
858,fit_heart_rate_text,None,1,7,341,166,62
858,fit_cadence_text,None,1,7,341,154,52
859,fit_heart_rate_text,None,1,7,341,166,62
859,fit_cadence_text,None,1,7,341,154,52
860,fit_heart_rate_text,None,1,7,341,166,62
860,fit_cadence_text,None,1,7,341,154,52
861,fit_heart_rate_text,None,1,7,341,166,62
861,fit_cadence_text,None,1,7,341,154,52
862,fit_heart_rate_text,None,1,7,341,166,62
862,fit_cadence_text,None,1,7,341,154,52
863,fit_heart_rate_text,None,1,7,341,166,62
863,fit_cadence_text,None,1,7,341,154,52
864,fit_heart_rate_text,None,1,7,341,166,62
864,fit_cadence_text,None,1,7,341,154,52
865,fit_heart_rate_text,None,1,7,341,166,62
865,fit_cadence_text,None,1,7,341,154,52
866,fit_heart_rate_text,None,1,7,341,166,62
866,fit_cadence_text,None,1,7,341,154,52
867,fit_heart_rate_text,None,1,7,341,166,62
867,fit_cadence_text,None,1,7,341,154,52
868,fit_heart_rate_text,None,1,7,341,166,62
868,fit_cadence_text,None,1,7,341,154,52
869,fit_heart_rate_text,None,1,7,341,166,62
869,fit_cadence_text,None,1,7,341,154,52
870,fit_heart_rate_text,None,1,7,341,166,62
870,fit_cadence_text,None,1,7,341,154,52
871,fit_heart_rate_text,None,1,7,341,166,62
871,fit_cadence_text,None,1,7,341,154,52
872,fit_heart_rate_text,None,1,7,341,166,62
872,fit_cadence_text,None,1,7,341,154,52
873,fit_heart_rate_text,None,1,7,341,166,62
873,fit_cadence_text,None,1,7,341,154,52
874,fit_heart_rate_text,None,1,7,341,166,62
874,fit_cadence_text,None,1,7,341,154,52
875,fit_heart_rate_text,None,1,7,341,166,62
875,fit_cadence_text,None,1,7,341,154,52
876,fit_heart_rate_text,None,1,7,341,166,62
876,fit_cadence_text,None,1,7,341,154,52
877,fit_heart_rate_text,None,1,7,341,166,62
877,fit_cadence_text,None,1,7,341,154,52
878,fit_heart_rate_text,None,1,7,341,166,62
878,fit_cadence_text,None,1,7,341,154,52
879,fit_heart_rate_text,None,1,7,341,166,62
879,fit_cadence_text,None,1,7,341,154,52
880,fit_heart_rate_text,None,1,7,341,166,62
880,fit_cadence_text,None,1,7,341,154,52
881,fit_heart_rate_text,None,1,7,341,166,62
881,fit_cadence_text,None,1,7,341,154,52
882,fit_heart_rate_text,None,1,7,341,166,62
882,fit_cadence_text,None,1,7,341,154,52
883,fit_heart_rate_text,None,1,7,341,166,62
883,fit_cadence_text,None,1,7,341,154,52
884,fit_heart_rate_text,None,1,7,341,166,62
884,fit_cadence_text,None,1,7,341,154,52
885,fit_heart_rate_text,None,1,7,341,166,62
885,fit_cadence_text,None,1,7,341,154,52
886,fit_heart_rate_text,None,1,7,341,166,62
886,fit_cadence_text,None,1,7,341,154,52
887,fit_heart_rate_text,None,1,7,341,166,62
887,fit_cadence_text,None,1,7,341,154,52
888,fit_heart_rate_text,None,1,7,341,166,62
888,fit_cadence_text,None,1,7,341,154,52
889,fit_heart_rate_text,None,1,7,341,166,62
889,fit_cadence_text,None,1,7,341,154,52
890,fit_heart_rate_text,None,1,7,341,166,62
890,fit_cadence_text,None,1,7,341,154,52
891,fit_heart_rate_text,None,1,7,341,166,62
891,fit_cadence_text,None,1,7,341,154,52
892,fit_heart_rate_text,None,1,7,341,166,62
892,fit_cadence_text,None,1,7,341,154,52
893,fit_heart_rate_text,None,1,7,341,166,62
893,fit_cadence_text,None,1,7,341,154,52
894,fit_heart_rate_text,None,1,7,341,166,62
894,fit_cadence_text,None,1,7,341,154,52
895,fit_heart_rate_text,None,1,7,341,166,62
895,fit_cadence_text,None,1,7,341,154,52
896,fit_heart_rate_text,None,1,7,341,166,62
896,fit_cadence_text,None,1,7,341,154,52
897,fit_heart_rate_text,None,1,7,341,166,62
897,fit_cadence_text,None,1,7,341,154,52
898,fit_heart_rate_text,None,1,7,341,166,62
898,fit_cadence_text,None,1,7,341,154,52
899,fit_heart_rate_text,None,1,7,341,166,62
899,fit_cadence_text,None,1,7,341,154,52
900,fit_heart_rate_text,None,1,7,341,166,62
900,fit_cadence_text,None,1,7,341,154,52
901,fit_heart_rate_text,None,1,7,341,166,62
901,fit_cadence_text,None,1,7,341,154,52
902,fit_heart_rate_text,None,1,7,341,166,62
902,fit_cadence_text,None,1,7,341,154,52
903,fit_heart_rate_text,None,1,7,341,166,62
903,fit_cadence_text,None,1,7,341,154,52
904,fit_heart_rate_text,None,1,7,341,166,62
904,fit_cadence_text,None,1,7,341,154,52
905,fit_heart_rate_text,None,1,7,341,166,62
905,fit_cadence_text,None,1,7,341,154,52
906,fit_heart_rate_text,None,1,7,341,166,62
906,fit_cadence_text,None,1,7,341,154,52
907,fit_heart_rate_text,None,1,7,341,166,62
907,fit_cadence_text,None,1,7,341,154,52
908,fit_heart_rate_text,None,1,7,341,166,62
908,fit_cadence_text,None,1,7,341,154,52
909,fit_heart_rate_text,None,1,7,341,166,62
909,fit_cadence_text,None,1,7,341,154,52
910,fit_heart_rate_text,None,1,7,341,166,62
910,fit_cadence_text,None,1,7,341,154,52
911,fit_heart_rate_text,None,1,7,341,166,62
911,fit_cadence_text,None,1,7,341,154,52
912,fit_heart_rate_text,None,1,7,341,166,62
912,fit_cadence_text,None,1,7,341,154,52
913,fit_heart_rate_text,None,1,7,341,166,62
913,fit_cadence_text,None,1,7,341,154,52
914,fit_heart_rate_text,None,1,7,341,166,62
914,fit_cadence_text,None,1,7,341,154,52
915,fit_heart_rate_text,None,1,7,341,166,62
915,fit_cadence_text,None,1,7,341,154,52
916,fit_heart_rate_text,None,1,7,341,166,62
916,fit_cadence_text,None,1,7,341,154,52
917,fit_heart_rate_text,None,1,7,341,166,62
917,fit_cadence_text,None,1,7,341,154,52
918,fit_heart_rate_text,None,1,7,341,166,62
918,fit_cadence_text,None,1,7,341,154,52
919,fit_heart_rate_text,None,1,7,341,166,62
919,fit_cadence_text,None,1,7,341,154,52
920,fit_heart_rate_text,None,1,7,341,166,62
920,fit_cadence_text,None,1,7,341,154,52
921,fit_heart_rate_text,None,1,7,341,166,62
921,fit_cadence_text,None,1,7,341,154,52
922,fit_heart_rate_text,None,1,7,341,166,62
922,fit_cadence_text,None,1,7,341,154,52
923,fit_heart_rate_text,None,1,7,341,166,62
923,fit_cadence_text,None,1,7,341,154,52
924,fit_heart_rate_text,None,1,7,341,166,62
924,fit_cadence_text,None,1,7,341,154,52
925,fit_heart_rate_text,None,1,7,341,166,62
925,fit_cadence_text,None,1,7,341,154,52
926,fit_heart_rate_text,None,1,7,341,166,62
926,fit_cadence_text,None,1,7,341,154,52
927,fit_heart_rate_text,None,1,7,341,166,62
927,fit_cadence_text,None,1,7,341,154,52
928,fit_heart_rate_text,None,1,7,341,166,62
928,fit_cadence_text,None,1,7,341,154,52
929,fit_heart_rate_text,None,1,7,341,166,62
929,fit_cadence_text,None,1,7,341,154,52
930,fit_heart_rate_text,None,1,7,341,166,62
930,fit_cadence_text,None,1,7,341,154,52
931,fit_heart_rate_text,None,1,7,341,166,62
931,fit_cadence_text,None,1,7,341,154,52
932,fit_heart_rate_text,None,1,7,341,166,62
932,fit_cadence_text,None,1,7,341,154,52
933,fit_heart_rate_text,None,1,7,341,166,62
933,fit_cadence_text,None,1,7,341,154,52
934,fit_heart_rate_text,None,1,7,341,166,62
934,fit_cadence_text,None,1,7,341,154,52
935,fit_heart_rate_text,None,1,7,341,166,62
935,fit_cadence_text,None,1,7,341,154,52
936,fit_heart_rate_text,None,1,7,341,166,62
936,fit_cadence_text,None,1,7,341,154,52
937,fit_heart_rate_text,None,1,7,341,166,62
937,fit_cadence_text,None,1,7,341,154,52
938,fit_heart_rate_text,None,1,7,341,166,62
938,fit_cadence_text,None,1,7,341,154,52
939,fit_heart_rate_text,None,1,7,341,166,62
939,fit_cadence_text,None,1,7,341,154,52
940,fit_heart_rate_text,None,1,7,341,166,62
940,fit_cadence_text,None,1,7,341,154,52
941,fit_heart_rate_text,None,1,7,341,166,62
941,fit_cadence_text,None,1,7,341,154,52
942,fit_heart_rate_text,None,1,7,341,166,62
942,fit_cadence_text,None,1,7,341,154,52
943,fit_heart_rate_text,None,1,7,341,166,62
943,fit_cadence_text,None,1,7,341,154,52
944,fit_heart_rate_text,None,1,7,341,166,62
944,fit_cadence_text,None,1,7,341,154,52
945,fit_heart_rate_text,None,1,7,341,166,62
945,fit_cadence_text,None,1,7,341,154,52
946,fit_heart_rate_text,None,1,7,341,166,62
946,fit_cadence_text,None,1,7,341,154,52
947,fit_heart_rate_text,None,1,7,341,166,62
947,fit_cadence_text,None,1,7,341,154,52
948,fit_heart_rate_text,None,1,7,341,166,62
948,fit_cadence_text,None,1,7,341,154,52
949,fit_heart_rate_text,None,1,7,341,166,62
949,fit_cadence_text,None,1,7,341,154,52
950,fit_heart_rate_text,None,1,7,341,166,62
950,fit_cadence_text,None,1,7,341,154,52
951,fit_heart_rate_text,None,1,7,341,166,62
951,fit_cadence_text,None,1,7,341,154,52
952,fit_heart_rate_text,None,1,7,341,166,62
952,fit_cadence_text,None,1,7,341,154,52
953,fit_heart_rate_text,None,1,7,341,166,62
953,fit_cadence_text,None,1,7,341,154,52
954,fit_heart_rate_text,None,1,7,341,166,62
954,fit_cadence_text,None,1,7,341,154,52
955,fit_heart_rate_text,None,1,7,341,166,62
955,fit_cadence_text,None,1,7,341,154,52
956,fit_heart_rate_text,None,1,7,341,166,62
956,fit_cadence_text,None,1,7,341,154,52
957,fit_heart_rate_text,None,1,7,341,166,62
957,fit_cadence_text,None,1,7,341,154,52
958,fit_heart_rate_text,None,1,7,341,166,62
958,fit_cadence_text,None,1,7,341,154,52
959,fit_heart_rate_text,None,1,7,341,166,62
959,fit_cadence_text,None,1,7,341,154,52
960,fit_heart_rate_text,None,1,7,341,166,62
960,fit_cadence_text,None,1,7,341,154,52
961,fit_heart_rate_text,None,1,7,341,166,62
961,fit_cadence_text,None,1,7,341,154,52
962,fit_heart_rate_text,None,1,7,341,166,62
962,fit_cadence_text,None,1,7,341,154,52
963,fit_heart_rate_text,None,1,7,341,166,62
963,fit_cadence_text,None,1,7,341,154,52
964,fit_heart_rate_text,None,1,7,341,166,62
964,fit_cadence_text,None,1,7,341,154,52
965,fit_heart_rate_text,None,1,7,341,166,62
965,fit_cadence_text,None,1,7,341,154,52
966,fit_heart_rate_text,None,1,7,341,166,62
966,fit_cadence_text,None,1,7,341,154,52
967,fit_heart_rate_text,None,1,7,341,166,62
967,fit_cadence_text,None,1,7,341,154,52
968,fit_heart_rate_text,None,1,7,341,166,62
968,fit_cadence_text,None,1,7,341,154,52
969,fit_heart_rate_text,None,1,7,341,166,62
969,fit_cadence_text,None,1,7,341,154,52
970,fit_heart_rate_text,None,1,7,341,166,62
970,fit_cadence_text,None,1,7,341,154,52
971,fit_heart_rate_text,None,1,7,341,166,62
971,fit_cadence_text,None,1,7,341,154,52
972,fit_heart_rate_text,None,1,7,341,166,62
972,fit_cadence_text,None,1,7,341,154,52
973,fit_heart_rate_text,None,1,7,341,166,62
973,fit_cadence_text,None,1,7,341,154,52
974,fit_heart_rate_text,None,1,7,341,166,62
974,fit_cadence_text,None,1,7,341,154,52
975,fit_heart_rate_text,None,1,7,341,166,62
975,fit_cadence_text,None,1,7,341,154,52
976,fit_heart_rate_text,None,1,7,341,166,62
976,fit_cadence_text,None,1,7,341,154,52
977,fit_heart_rate_text,None,1,7,341,166,62
977,fit_cadence_text,None,1,7,341,154,52
978,fit_heart_rate_text,None,1,7,341,166,62
978,fit_cadence_text,None,1,7,341,154,52
979,fit_heart_rate_text,None,1,7,341,166,62
979,fit_cadence_text,None,1,7,341,154,52
980,fit_heart_rate_text,None,1,7,341,166,62
980,fit_cadence_text,None,1,7,341,154,52
981,fit_heart_rate_text,None,1,7,341,166,62
981,fit_cadence_text,None,1,7,341,154,52
982,fit_heart_rate_text,None,1,7,341,166,62
982,fit_cadence_text,None,1,7,341,154,52
983,fit_heart_rate_text,None,1,7,341,166,62
983,fit_cadence_text,None,1,7,341,154,52
984,fit_heart_rate_text,None,1,7,341,166,62
984,fit_cadence_text,None,1,7,341,154,52
985,fit_heart_rate_text,None,1,7,341,166,62
985,fit_cadence_text,None,1,7,341,154,52
986,fit_heart_rate_text,None,1,7,341,166,62
986,fit_cadence_text,None,1,7,341,154,52
987,fit_heart_rate_text,None,1,7,341,166,62
987,fit_cadence_text,None,1,7,341,154,52
988,fit_heart_rate_text,None,1,7,341,166,62
988,fit_cadence_text,None,1,7,341,154,52
989,fit_heart_rate_text,None,1,7,341,166,62
989,fit_cadence_text,None,1,7,341,154,52
990,fit_heart_rate_text,None,1,7,341,166,62
990,fit_cadence_text,None,1,7,341,154,52
991,fit_heart_rate_text,None,1,7,341,166,62
991,fit_cadence_text,None,1,7,341,154,52
992,fit_heart_rate_text,None,1,7,341,166,62
992,fit_cadence_text,None,1,7,341,154,52
993,fit_heart_rate_text,None,1,7,341,166,62
993,fit_cadence_text,None,1,7,341,154,52
994,fit_heart_rate_text,None,1,7,341,166,62
994,fit_cadence_text,None,1,7,341,154,52
995,fit_heart_rate_text,None,1,7,341,166,62
995,fit_cadence_text,None,1,7,341,154,52
996,fit_heart_rate_text,None,1,7,341,166,62
996,fit_cadence_text,None,1,7,341,154,52
997,fit_heart_rate_text,None,1,7,341,166,62
997,fit_cadence_text,None,1,7,341,154,52
998,fit_heart_rate_text,None,1,7,341,166,62
998,fit_cadence_text,None,1,7,341,154,52
999,fit_heart_rate_text,None,1,7,341,166,62
999,fit_cadence_text,None,1,7,341,154,52
