frame,frame_total_ms,producer_ms,consumer_ms,inter_frame_gap_ms,c_MF ReadSample/decode availability,c_consumer_upload,c_consumer_native_call,c_VideoProcessor CPU submit,c_VideoProcessor GPU completion,c_GPU wait/synchronization,c_AMF submit/backpressure,c_AMF QueryOutput,c_Packet write,c_pipeline_total
0,168.52059999655467,0.026299996534362435,168.4943000000203,0.0,107.3661,0.006999995093792677,60.705600000801496,19.9769,42.38221,30.2372,3.2613,0.0172,0.0,168.47970000526402
1,57.7694999956293,0.03999999898951501,57.72949999663979,0.021500003640539944,0.6167,0.0032999960239976645,56.91869999282062,0.2485,52.79217,52.3622,1.2425,0.3423,0.6554,57.708699998329394
2,27.159699995536357,0.038999991375021636,27.120700004161336,0.02580000727903098,0.6579,0.007999988156370819,26.097599999047816,0.3769,23.77003,23.7881,1.5205,0.0116,0.0,26.980399998137727
3,34.0715999918757,0.04159999662078917,34.02999999525491,0.02750000567175448,0.7082,0.0048000074457377195,33.11789999133907,0.3318,30.54558,30.2413,1.2882,0.237,0.3716,34.00840000540484
4,73.8705999974627,0.05640000745188445,73.81419999001082,0.032500000088475645,1.1874,0.005399997462518513,72.45000000693835,0.3619,70.28199,70.3827,0.4355,0.1228,0.1451,73.79829999990761
5,42.753300003823824,0.031800009310245514,42.72149999451358,0.01720000000204891,0.7004,0.0020000006770715117,41.87780000211205,0.5665,40.52491,40.5093,0.2962,0.1057,0.0768,42.6863000029698
6,47.831899995799176,0.02579999272711575,47.80610000307206,0.01340000017080456,0.4626,0.0040000013541430235,47.14389999571722,0.6586,44.82458,44.6064,0.7603,0.333,0.3653,47.78149999037851
7,42.70570000517182,0.06479999865405262,42.64090000651777,0.03680000372696668,1.3291,0.007299997378140688,41.137399995932356,0.4377,39.32819,39.3798,0.4023,0.1605,0.0759,42.62639999797102
8,13.657599993166514,0.031499992473982275,13.626100000692531,0.015199999324977398,0.6221,0.004899993655271828,12.709699993138202,0.246,10.44499,10.4345,0.7232,0.3676,0.2456,13.549100011005066
9,32.03399998892564,0.06429999484680593,31.969699994078837,0.0374000082956627,1.8389,0.006600006599910557,29.927700001280755,0.4107,27.96751,28.0442,0.4385,0.2217,0.1467,31.953199999406934
10,7.997399996384047,0.0501000031363219,7.947299993247725,0.02020000829361379,1.0624,0.007299997378140688,6.71390000206884,0.3207,4.30763,4.3529,1.455,0.0109,0.0,7.932000007713214
11,40.11010000249371,0.039099992136470973,40.07100001035724,0.019800005247816443,1.0211,0.006100002792663872,38.7988000002224,0.2662,35.93887,36.0421,1.3881,0.2822,0.2254,39.99489999841899
12,8.415700009209104,0.05570000212173909,8.360000007087365,0.030799987143836915,1.6982,0.007499998901039362,6.472000008216128,0.3449,4.02796,3.9658,1.2222,0.0103,0.0,8.344000001670793
13,24.951699990197085,0.03609999839682132,24.915599991800264,0.018999999156221747,0.9502,0.004599991370923817,23.813000007066876,0.5017,21.95018,21.7913,0.8434,0.1692,0.2331,24.901800003135577
14,16.506899992236868,0.0354999938281253,16.471399998408742,0.01820000761654228,0.9713,0.006499991286545992,15.252700002747588,0.2356,11.62855,11.6836,2.2445,0.0151,0.0,16.412900004070252
15,25.75040000374429,0.05699999746866524,25.693400006275624,0.027400004910305142,1.4607,0.009700001101009548,24.00659999693744,0.3483,21.10014,21.1875,1.3761,0.2395,0.188,25.67550000094343
16,8.846299999277107,0.05339999916031957,8.792900000116788,0.030199997127056122,1.2539,0.010000003385357559,7.355599998845719,0.3217,4.18715,4.2255,1.459,0.0087,0.0,8.775199996307492
17,22.631899992120452,0.036299999919719994,22.595599992200732,0.019500002963468432,0.8279,0.005199995939619839,21.561000001383945,0.5803,19.52245,19.2224,0.9817,0.1665,0.3005,22.5471000012476
18,16.088000003946945,0.03670000296551734,16.051300000981428,0.0315000070258975,1.392,0.0042000028770416975,14.390600001206622,0.798,7.95065,7.4336,5.8523,0.0233,0.0,16.013899992685765
19,25.78949999588076,0.09099999442696571,25.698500001453795,0.051399998483248055,2.918,0.00650000583846122,22.40170000004582,1.2154,16.32119,15.7134,3.4535,0.8765,0.4321,25.66310000838712
20,24.965200005681254,0.10760000441223383,24.85760000126902,0.051700000767596066,2.7649,0.007499998901039362,21.817699991515838,0.4654,19.50786,18.5735,0.7372,0.3419,0.2418,24.80179999838583
21,26.589199987938628,0.05029999010730535,26.538899997831322,0.028700000257231295,2.1082,0.004999994416721165,24.232700001448393,0.4084,21.98062,21.4009,0.6643,0.2923,0.418,26.523299995460548
22,7.154899998567998,0.05779998900834471,7.097100009559654,0.03020001167897135,0.9861,0.0030999945010989904,5.90570000349544,0.3207,3.893,3.9438,1.1271,0.0085,0.0,7.085899997036904
23,152.20830000180285,0.035299992305226624,152.17300000949763,0.03789999755099416,0.9079,0.0048000074457377195,151.0681000072509,0.2849,148.44085,148.7772,0.999,0.1867,0.2649,152.13430000585504
24,8.113200005027466,0.03770001058001071,8.075499994447455,0.0219999928958714,1.4648,0.005399997462518513,6.413299997802824,0.2473,4.70717,4.7525,0.4119,0.2147,0.2052,8.060100008151494
25,28.76960000139661,0.05099999543745071,28.71860000595916,0.029300004825927317,0.825,0.0032999960239976645,27.713200004654936,0.25,25.62293,25.859,0.5679,0.2527,0.2638,28.70450000045821
26,15.645799998310395,0.03860000288113952,15.607199995429255,0.022299995180219412,7.4144,0.0092999980552122,7.975600005011074,0.5252,5.35498,5.3353,0.4802,0.1792,0.1357,15.571500000078231
27,23.894599988125265,0.03239999932702631,23.86219998879824,0.018100006855092943,1.3994,0.005699999746866524,22.27359999960754,0.3161,20.42763,20.1387,0.5457,0.314,0.2307,23.846799987950362
28,7.349299994530156,0.052799994591623545,7.296499999938533,0.031100003980100155,1.3797,0.0035999983083456755,5.74189999315422,0.937,4.36552,3.8532,0.3022,0.1824,0.1323,7.283899991307408
29,24.744800000917166,0.03429999924264848,24.710500001674518,0.02440001117065549,2.4673,0.0035999983083456755,22.070399994845502,0.2704,20.84294,20.2999,0.3305,0.1455,0.1325,24.67410000099335
30,4054.8848000034923,0.029100003303028643,4054.8557000001892,0.016099991626106203,0.8338,0.0039000005926936865,4053.844800000661,1423.4956,4044.88837,1.0945,0.2599,0.1288,0.0929,4054.8479999997653
31,12.186799998744391,0.024300010409206152,12.162499988335185,0.012599994079209864,0.4441,0.004199988325126469,11.622000005445443,0.2096,10.33602,10.5813,0.2458,0.1273,0.0945,12.156199998571537
32,23.426200001267716,0.021900006686337292,23.40429999458138,0.012200005585327744,0.4838,0.003000008291564882,22.608300001593307,0.3063,20.43142,20.4655,0.602,0.3447,0.3884,23.256999993463978
33,7.736299987300299,0.06659999780822545,7.669699989492074,0.0408000050811097,1.3336,0.004999994416721165,6.172099994728342,0.9529,4.80404,4.4018,0.2484,0.1391,0.1285,7.6575999992201105
34,44.20769998978358,0.029199989512562752,44.178500000271015,0.016900012269616127,0.6891,0.004999994416721165,43.32060000160709,0.2166,41.34112,41.4395,0.5343,0.2657,0.353,44.16479999781586
35,7.4434999987715855,0.07239999831654131,7.371100000455044,0.028800001018680632,1.1706,0.006399990525096655,5.995100000291131,0.3314,4.43675,4.4952,0.2877,0.1775,0.1507,7.3312000022269785
36,35.91449999657925,0.03470000228844583,35.879799994290806,0.019700004486367106,0.7796,0.004799992893822491,34.974599999259226,0.233,33.65015,33.7667,0.2893,0.1113,0.1297,35.87130000232719
37,7.510399998864159,0.026900001103058457,7.4834999977611005,0.014600009308196604,0.4555,0.004299989086575806,6.927600014023483,0.2135,5.78017,5.7947,0.2138,0.1066,0.1068,7.475599995814264
38,41.02420000708662,0.023100001271814108,41.001100005814806,0.012299991794861853,0.5183,0.00340001133736223,40.34229999524541,0.1854,39.13197,39.2432,0.2564,0.1712,0.2196,40.9710000094492
39,6.3344000081997365,0.023800006601959467,6.310600001597777,0.014299992471933365,0.5123,0.0033999967854470015,5.680300004314631,0.2159,4.4964,4.568,0.1774,0.1089,0.0882,6.302199995843694
40,42.819299997063354,0.029999995604157448,42.789300001459196,0.015099998563528061,0.501,0.003100009053014219,42.170200002146885,0.3176,40.68001,40.7264,0.2956,0.1411,0.1249,42.78020000492688
41,5.767499998910353,0.02540000423323363,5.742099994677119,0.014599994756281376,0.5187,0.0034999975468963385,5.08849999459926,0.3065,4.09444,4.046,0.164,0.0948,0.0967,5.713599995942786
42,42.60210000211373,0.026000008801929653,42.5760999933118,0.013700002455152571,0.5511,0.004099987563677132,41.90540000854526,0.2055,40.63906,40.7542,0.2644,0.1278,0.2199,42.56620000523981
43,6.595200000447221,0.027099988074041903,6.568100012373179,0.014600009308196604,1.0333,0.006300004315562546,5.425299998023547,0.186,4.13693,4.3042,0.2132,0.0926,0.1308,6.561499991221353
44,40.45570000016596,0.023600005079060793,40.4320999950869,0.012199991033412516,0.5174,0.0020000006770715117,39.799599995603785,0.3569,38.8981,38.4235,0.2302,0.1018,0.1046,40.403200007858686
45,6.220999988727272,0.02510000194888562,6.195899986778386,0.014200006262399256,0.5855,0.004099987563677132,5.458400002680719,0.2343,4.35884,4.3959,0.2114,0.1175,0.1012,6.18419999955222
46,41.976100008469075,0.02609999501146376,41.95000001345761,0.016000005416572094,0.7245,0.00689999433234334,41.07819999626372,0.1803,39.87152,40.0413,0.2583,0.1368,0.1147,41.942600000766106
47,5.876299997908063,0.026299996534362435,5.850000001373701,0.013899989426136017,0.596,0.0024000037228688598,5.137900006957352,0.3995,4.06004,3.9992,0.2143,0.096,0.0889,5.823700004839338
48,62.48570000752807,0.021400002879090607,62.464300004648976,0.01200000406242907,0.4972,0.003100009053014219,61.82499999704305,0.2729,60.55669,60.6138,0.328,0.1303,0.1247,62.45310000667814
49,7.872200003475882,0.03339999238960445,7.838800011086278,0.022299995180219412,1.0337,0.006700007361359894,6.680700011202134,0.3075,5.64732,5.2837,0.2275,0.0967,0.1095,7.83100000990089
50,23.67480000248179,0.022899999748915434,23.651900002732873,0.01239999255631119,0.4994,0.0020000006770715117,23.03799999936018,0.4458,21.91741,21.8762,0.2761,0.1098,0.1092,23.62439999706112
51,8.38139999541454,0.023800006601959467,8.35759998881258,0.013299999409355223,0.5666,0.0022999884095042944,7.6837000087834895,0.3919,6.60371,6.508,0.1686,0.0994,0.106,8.349800002179109
52,27.94220000214409,0.022099993657320738,27.92010000848677,0.012600008631125093,0.5273,0.0028999929782003164,27.275800006464124,0.3489,25.95637,25.9832,0.2445,0.1123,0.1203,27.911800003494136
53,6.426200008718297,0.02510000194888562,6.401100006769411,0.01239999255631119,0.6508,0.0046000059228390455,5.62720000743866,0.2949,3.93728,4.0117,0.155,0.0971,0.0988,6.375199998728931
54,24.56730000267271,0.02300000051036477,24.544300002162345,0.012099990271963179,0.4386,0.003000008291564882,23.99149999837391,0.1453,22.89905,23.0367,0.2749,0.1172,0.1087,24.535399992601015
55,6.297300002188422,0.0295999925583601,6.267700009630062,0.013700002455152571,0.4574,0.0040000013541430235,5.705399991711602,0.3633,4.36745,4.4213,0.1647,0.0926,0.1637,6.25979999313131
56,41.71939998923335,0.024199995095841587,41.69519999413751,0.013500000932253897,0.6527,0.0043000036384910345,40.90140000334941,0.3339,39.74072,39.7787,0.2635,0.0993,0.1075,41.66560000157915
57,7.604700003867038,0.02469999890308827,7.580000004963949,0.013900003978051245,0.4729,0.0034999975468963385,6.991099988226779,0.3392,5.83933,5.7634,0.2517,0.1165,0.1036,7.571300011477433
58,41.02400000556372,0.027400004910305142,40.996600000653416,0.014499993994832039,0.7623,0.005900001269765198,40.10810000181664,0.4213,38.87642,38.7438,0.2492,0.1135,0.1219,40.98890000022948
59,8.471600012853742,0.026699999580159783,8.444900013273582,0.014199991710484028,1.1085,0.005099995178170502,7.201799991889857,0.3502,6.03486,6.0127,0.155,0.1046,0.1057,8.417900011409074
60,44.30480000155512,0.020400009816512465,44.28439999173861,0.011899988749064505,0.4778,0.00340001133736223,43.69819999556057,0.5231,42.29124,42.3119,0.31,0.1224,0.1269,44.27630000282079
61,6.269499994232319,0.02720000338740647,6.242299990844913,0.01410000550094992,1.2815,0.0049000082071870565,4.835400002775714,0.1668,3.90985,4.0451,0.1604,0.108,0.1063,6.2353999965125695
62,40.580000000773,0.023100001271814108,40.556899999501184,0.01309999788645655,0.4924,0.0018999999156221747,39.94740000052843,0.1649,38.89694,38.9965,0.2422,0.1182,0.1336,40.52599999704398
63,7.36359998700209,0.02339998900424689,7.340199997997843,0.01300001167692244,1.0712,0.00689999433234334,6.148700005724095,0.3395,5.10848,5.1318,0.1909,0.1011,0.0899,7.332000008318573
64,45.79229999217205,0.023100001271814108,45.76919999090023,0.012500007869675756,0.4287,0.0035999983083456755,45.19150000123773,0.3024,43.61253,43.6665,0.4045,0.2314,0.2009,45.75720000138972
65,7.051100008538924,0.035899996873922646,7.0152000116650015,0.02160000440198928,1.4887,0.006400005077011883,5.353300002752803,0.2602,3.8664,3.9479,0.3049,0.1655,0.1172,6.980600010138005
66,38.361600003554486,0.02890000178012997,38.332700001774356,0.01649999467190355,0.9297,0.00449999060947448,37.27749999961816,0.2888,36.03162,36.134,0.2752,0.1179,0.1173,38.32359999069013
67,6.616099999519065,0.02720000338740647,6.5888999961316586,0.013899989426136017,0.4407,0.0043000036384910345,6.033199999365024,0.1942,4.98933,5.0128,0.1531,0.1024,0.1635,6.581300011021085
68,40.70240000146441,0.02340000355616212,40.67899999790825,0.02230000973213464,0.3741,0.002900007530115545,40.17700000258628,0.3232,38.70807,38.7591,0.2297,0.1507,0.3307,40.64850001304876
69,6.570999990799464,0.0236999912885949,6.547299999510869,0.013500000932253897,0.4774,0.0047000066842883825,5.947599987848662,0.2816,4.71092,4.6859,0.2551,0.1195,0.0893,6.5387000067858025
70,43.33559999940917,0.028599999495781958,43.30699999991339,0.015600002370774746,0.6811,0.002800006768666208,42.509599996265024,0.233,41.22198,41.2964,0.3943,0.1314,0.122,43.29800000414252
71,6.617099992581643,0.032500000088475645,6.5845999924931675,0.014000004739500582,0.5267,0.007499998901039362,5.909699990297668,0.3557,4.88543,4.8232,0.1594,0.1004,0.099,6.557000000611879
72,47.22839999885764,0.020499996026046574,47.20790000283159,0.011800002539530396,0.4044,0.003300010575912893,46.63000001164619,0.2679,44.49806,44.5906,0.7156,0.3484,0.2929,47.19179999665357
73,7.501699990825728,0.0675999908708036,7.434099999954924,0.03360000846441835,1.266,0.004299989086575806,6.007300005876459,0.392,4.44124,4.4957,0.2214,0.1475,0.1309,7.42349999200087
74,44.10970000026282,0.030399998649954796,44.079300001612864,0.016400008462369442,0.7167,0.003000008291564882,43.07919999700971,0.3758,41.09131,41.1366,0.5427,0.2321,0.2372,43.946499994490296
75,7.056600006762892,0.054500007536262274,7.00209999922663,0.040799990529194474,1.281,0.0050000089686363935,5.550899993977509,0.3604,4.051,4.1084,0.2147,0.1288,0.1163,6.990399997448549
76,35.64810000534635,0.028700000257231295,35.61940000508912,0.016599995433352888,0.8219,0.004599991370923817,34.656099989661016,0.2253,33.38044,33.5551,0.253,0.1089,0.1189,35.60760000254959
77,8.222500007832423,0.024100008886307478,8.198399998946115,0.014599994756281376,0.5969,0.0035999983083456755,7.48869999370072,0.3241,6.46394,6.4192,0.1449,0.0883,0.084,8.172999994712882
78,41.72989999642596,0.02130000211764127,41.708599994308315,0.012299991794861853,0.4188,0.0029999937396496534,41.17660000338219,0.3079,39.87042,39.9128,0.3326,0.1413,0.1303,41.69920001004357
79,5.461599997943267,0.03090000245720148,5.430699995486066,0.015700003132224083,0.4828,0.006000002031214535,4.840000008698553,0.2003,3.81408,3.8712,0.1546,0.0908,0.0776,5.42340001265984
80,57.047700000111945,0.023100001271814108,57.02459999884013,0.012500007869675756,0.4478,0.003600012860260904,56.449100011377595,0.189,55.39808,55.5091,0.2541,0.1033,0.0983,56.99569999706
81,6.145799998193979,0.022899999748915434,6.122899998445064,0.013299999409355223,0.52,0.0030999945010989904,5.491699994308874,0.1926,4.46688,4.4861,0.2035,0.1131,0.0873,6.1157000018283725
82,41.645100005553104,0.024900000425986946,41.62020000512712,0.012499993317760527,0.714,0.005399997462518513,40.774599998258054,0.3552,39.555,39.5424,0.2738,0.1016,0.0935,41.61210000165738
83,7.341599994106218,0.026900001103058457,7.31469999300316,0.014200006262399256,0.6079,0.005699999746866524,6.579200009582564,0.3804,5.50677,5.4954,0.1562,0.0908,0.108,7.289000001037493
84,40.353599993977696,0.021299987565726042,40.33230000641197,0.012300006346777081,0.4577,0.0034999975468963385,39.755100006004795,0.1496,38.72457,38.8759,0.2278,0.1051,0.0897,40.32220000226516
85,8.099800004856661,0.0340000115102157,8.065799993346445,0.018399994587525725,0.7634,0.004399989848025143,7.191600001533516,0.729,6.19117,5.8135,0.2097,0.0993,0.0954,8.058699997491203
86,38.84130000369623,0.022899999748915434,38.81840000394732,0.012599994079209864,0.5519,0.0040000013541430235,38.12340000877157,0.4176,36.97295,36.9467,0.2281,0.1152,0.1268,38.78799999074545
87,7.16360000660643,0.02540000423323363,7.138200002373196,0.014699995517730713,0.5751,0.0045000051613897085,6.4329000015277416,0.3395,5.32266,5.2511,0.1774,0.1203,0.0929,7.129200006602332
88,42.21200000029057,0.028999987989664078,42.18300001230091,0.01610000617802143,2.0042,0.005399997462518513,40.05410001263954,0.2167,39.10172,38.8693,0.2889,0.1086,0.1112,42.173999987426214
89,7.07989999500569,0.025500004994682968,7.054399990011007,0.014299992471933365,1.3078,0.004099987563677132,5.619000003207475,0.3212,4.72164,4.0626,0.1705,0.0932,0.0903,7.027500003459863
90,50.06429999775719,0.022899999748915434,50.04139999800827,0.012600008631125093,1.0099,0.0042000028770416975,48.809899992193095,0.2918,46.73695,46.8281,0.7626,0.3459,0.2516,50.0257999956375
91,7.6249999983701855,0.05800000508315861,7.566999993287027,0.03440000000409782,1.281,0.0046000059228390455,6.138199998531491,0.5855,4.57712,4.3989,0.2171,0.1391,0.1264,7.55619999836199
92,22.52089999092277,0.029999995604157448,22.490899995318614,0.01610000617802143,0.7779,0.0035999983083456755,21.544299990637228,0.3364,20.12401,20.2082,0.3383,0.1518,0.1427,22.454699996160343
93,5.871699991985224,0.02549999044276774,5.8462000015424564,0.014700010069645941,0.5104,0.0044000043999403715,5.236999990302138,0.2459,4.22828,4.1877,0.1913,0.0958,0.0852,5.838499986566603
94,26.88320000015665,0.022099993657320738,26.861100006499328,0.01200000406242907,0.4361,0.0033999967854470015,26.30969999881927,0.2978,25.20595,25.2183,0.2473,0.1124,0.0991,26.853099989239126
95,13.551099997130223,0.026699999580159783,13.524399997550063,0.012999997125007212,0.5058,0.0037999998312443495,12.823000011849217,0.2242,11.08279,11.1565,0.5301,0.2532,0.1866,13.474899998982437
96,34.360699995886534,0.05079999391455203,34.30990000197198,0.027900008717551827,1.7219,0.00549999822396785,32.445700009702705,0.3359,30.72585,30.8378,0.277,0.1042,0.2044,34.30070000467822
97,6.922599990502931,0.025999994250014424,6.896599996252917,0.013800003216601908,1.4314,0.0040000013541430235,5.347400001483038,0.3095,4.39352,4.4631,0.15,0.0943,0.1117,6.889600001159124
98,48.20639999525156,0.023200002033263445,48.183199993218295,0.012100004823878407,0.4013,0.0025000044843181968,47.59479999484029,0.2612,45.32611,45.4382,0.6338,0.351,0.4086,48.13340000691824
99,7.083400007104501,0.04510000871960074,7.0382999983849,0.02680000034160912,1.2296,0.0039000005926936865,5.655799992382526,0.344,4.06316,4.128,0.2115,0.1501,0.1241,7.026200008112937
100,22.28460001060739,0.03640000068116933,22.248200009926222,0.020199993741698563,0.7229,0.0045000051613897085,21.379099998739548,0.2953,20.17579,20.1874,0.2755,0.1197,0.1246,22.237700002733618
101,6.328499992378056,0.029999995604157448,6.298499996773899,0.017099999240599573,0.5302,0.0047000066842883825,5.6462999928044155,0.1993,4.62353,4.6398,0.198,0.0941,0.0886,6.273399994825013
102,41.8842999933986,0.020000006770715117,41.864299986627884,0.01170000177808106,0.5547,0.003100009053014219,41.21189999568742,0.1781,40.16519,40.2563,0.2551,0.1068,0.1003,41.85660000075586
103,8.52649999433197,0.02579999272711575,8.500700001604855,0.012400007108226418,0.4684,0.0037999998312443495,7.930600011604838,0.217,6.84988,6.8817,0.2092,0.0957,0.1085,8.493899993482046
104,39.10909999103751,0.022499996703118086,39.08659999433439,0.013100012438371778,0.4209,0.0017999991541728377,38.548999989870936,0.6236,37.48215,37.232,0.2184,0.1095,0.1059,39.05589999340009
105,6.734199996571988,0.024300010409206152,6.709899986162782,0.013199998647905886,0.6562,0.005699999746866524,5.9419000026537105,0.2168,5.00566,5.0375,0.1575,0.0974,0.1013,6.703499995637685
106,40.05650000181049,0.023300002794712782,40.03319999901578,0.013600001693703234,0.3702,0.0023000029614195228,39.53629999887198,0.3739,38.24562,38.2133,0.2389,0.1367,0.1217,40.02409998793155
107,7.400299989967607,0.031799994758330286,7.368499995209277,0.0315000070258975,0.5987,0.00650000583846122,6.630200005020015,0.2139,5.6188,5.6623,0.1639,0.0956,0.0926,7.341200005612336
108,47.62219999975059,0.020499996026046574,47.601700003724545,0.012800010154023767,0.7851,0.0043000036384910345,46.61689999920782,0.1744,44.43645,44.474,0.7769,0.3298,0.4553,47.58600000059232
109,8.306700008688495,0.049700000090524554,8.25700000859797,0.029799994081258774,1.8066,0.006300004315562546,6.276500003878027,0.3714,4.39689,4.4372,0.3156,0.1568,0.2774,8.245699995313771
110,20.80759999807924,0.05669999518431723,20.750900002894923,0.020199993741698563,0.9057,0.0045000051613897085,19.707800005562603,0.6011,18.58394,18.3584,0.2526,0.1113,0.125,20.719599997391924
111,12.847399993916042,0.027399990358389914,12.820000003557652,0.014500008546747267,0.5541,0.0040000013541430235,12.03140000870917,0.4887,9.90777,9.7892,0.7148,0.3117,0.2788,12.800600001355633
112,141.6476999875158,0.059300000430084765,141.58839998708572,0.039000005926936865,1.7262,0.005900001269765198,139.7067999932915,0.3931,138.09397,138.3055,0.2098,0.1036,0.083,141.58039999892935
113,6.486300000688061,0.02130000211764127,6.46499999857042,0.012300006346777081,0.6301,0.00449999060947448,5.699899993487634,0.2833,4.69561,4.7234,0.2049,0.1322,0.1049,6.437899995944463
114,22.961599999689497,0.02379999205004424,22.937800007639453,0.011600001016631722,1.063,0.0037999998312443495,21.760299991001375,0.1768,20.61853,20.6923,0.2617,0.1189,0.1194,22.9302999941865
115,7.561300008092076,0.02680000034160912,7.5345000077504665,0.014199991710484028,0.5706,0.0041000021155923605,6.858199994894676,0.1811,6.09369,6.1205,0.1509,0.0974,0.0923,7.527800000389107
116,40.640999999595806,0.023599990527145565,40.61740000906866,0.011800002539530396,0.5166,0.0025999906938523054,39.8985000065295,0.2672,38.74775,38.7678,0.2666,0.1224,0.1402,40.51839999738149
117,6.460999997216277,0.024599998141638935,6.436399999074638,0.015700003132224083,0.4103,0.003000008291564882,5.927999998675659,0.2235,5.02366,4.6936,0.2129,0.1043,0.0881,6.429100001696497
118,41.13189999770839,0.023100001271814108,41.108799996436574,0.013600001693703234,0.6485,0.0039000005926936865,40.348499998799525,0.171,39.29578,39.3916,0.2741,0.1037,0.1183,41.10079999372829
119,13.466099990182556,0.02649999805726111,13.439599992125295,0.013299999409355223,1.1644,0.0046000059228390455,11.962199991103262,0.3896,8.94343,8.8301,1.1116,0.477,0.3949,13.353100002859719
120,39.006199993309565,0.06799999391660094,38.938199999392964,0.0509000092279166,1.7093,0.006999995093792677,37.048099999083206,0.4403,35.33021,35.3765,0.2249,0.1168,0.2013,38.927600005990826
121,12.46700000774581,0.025000001187436283,12.442000006558374,0.01340000017080456,0.9142,0.005099995178170502,11.273700001765974,0.3774,7.52437,7.6079,1.4525,0.8867,0.4194,12.422799991327338
122,29.13010001066141,0.0740000104997307,29.056100000161678,0.041099992813542485,1.6128,0.006300004315562546,27.169799999683164,0.4309,24.55903,24.6547,0.6658,0.3071,0.2728,28.996000008191913
123,8.03829998767469,0.051700000767596066,7.986599986907095,0.03229999856557697,1.2697,0.0040000013541430235,6.565100004081614,0.3361,4.71677,4.7785,0.288,0.1814,0.2942,7.976099994266406
124,27.358599996659905,0.03199999628122896,27.326600000378676,0.015700003132224083,0.7041,0.004899993655271828,26.45229999325238,0.2102,24.50287,24.6759,0.5611,0.2646,0.215,27.312499994877726
125,7.534599993960001,0.050699993153102696,7.483900000806898,0.028600014047697186,1.3022,0.005500012775883079,5.9997000062139705,0.3967,4.3679,4.4139,0.3072,0.1794,0.1277,7.452400008332916
126,36.88259999034926,0.025699991965666413,36.8568999983836,0.015900004655122757,0.5994,0.0033999967854470015,36.14640000159852,0.2084,35.06972,35.1517,0.2375,0.1029,0.1057,36.84899999643676
127,5.464100002427585,0.02540000423323363,5.438699998194352,0.01410000550094992,0.5596,0.0033999967854470015,4.7774999984540045,0.3677,3.67084,3.564,0.1657,0.1019,0.0928,5.431099998531863
128,43.22870000032708,0.023200002033263445,43.20549999829382,0.012599994079209864,0.8726,0.004799992893822491,42.17139999673236,0.3622,40.68326,40.7247,0.3257,0.1722,0.2027,43.17140000057407
129,5.198200000450015,0.02710000262595713,5.171099997824058,0.01479999627918005,0.5325,0.0036999990697950125,4.532599996309727,0.1775,3.72164,3.6864,0.1647,0.0994,0.0974,5.163699999684468
130,40.56900000432506,0.022599997464567423,40.546400006860495,0.012400007108226418,0.5505,0.0034999975468963385,39.88329999265261,0.1706,38.8429,38.9489,0.2266,0.1167,0.1061,40.53800000110641
131,14.272900007199496,0.02649999805726111,14.246400009142235,0.014299992471933365,0.5531,0.00449999060947448,13.40699999127537,0.3245,11.28165,11.2747,0.6866,0.4671,0.2809,14.17740000761114
132,52.82029999943916,0.06520000169984996,52.75509999773931,0.03959999594371766,1.9026,0.004799992893822491,50.69359998742584,0.3662,49.29163,49.4164,0.273,0.1068,0.1011,52.7447999920696
133,6.285199997364543,0.03329999162815511,6.251900005736388,0.013500000932253897,0.5033,0.0036999990697950125,5.645299999741837,0.3149,4.54648,4.5229,0.1556,0.1034,0.1001,6.244299991521984
134,41.63680000056047,0.021499989088624716,41.615300011471845,0.012200005585327744,0.5013,0.0039000005926936865,40.96719999506604,0.4215,39.20255,39.1998,0.2561,0.1723,0.2898,41.58199999073986
135,5.571299989242107,0.02710000262595713,5.5441999866161495,0.014999997802078724,0.431,0.0016999983927235007,5.02559999586083,0.1954,3.94264,4.0117,0.1614,0.1049,0.0967,5.536600001505576
136,57.019599989871494,0.023200002033263445,56.99639998783823,0.01300001167692244,0.5953,0.004599991370923817,56.28170000272803,0.1604,55.13684,55.2728,0.2893,0.1147,0.1127,56.98829999892041
137,8.106900000711903,0.02540000423323363,8.08149999647867,0.013600001693703234,0.5674,0.0046000059228390455,7.372100008069538,0.1997,6.15602,6.2154,0.345,0.1482,0.1117,8.050200005527586
138,41.42100000171922,0.023300002794712782,41.39769999892451,0.01340000017080456,0.4067,0.0043000036384910345,40.86109998752363,0.4524,39.81051,39.6236,0.2835,0.1341,0.1236,41.38710000552237
139,7.1013999986462295,0.029799994081258774,7.071600004564971,0.01750000228639692,0.9472,0.005800000508315861,6.0024999984307215,0.3108,4.79961,4.8009,0.1867,0.1378,0.105,7.063900004141033
140,39.32689999055583,0.023100001271814108,39.303799989284016,0.01200000406242907,0.5082,0.002900007530115545,38.652999995974824,0.1634,37.67319,37.7474,0.245,0.1299,0.1095,39.27730000577867
141,6.341799991787411,0.02479999966453761,6.316999992122874,0.012900010915473104,0.5593,0.006299989763647318,5.636499990941957,0.2273,4.52444,4.526,0.2287,0.1168,0.1164,6.310500000836328
142,57.43899999652058,0.022799998987466097,57.41619999753311,0.012300006346777081,0.5603,0.0034999975468963385,56.7383999878075,0.1729,55.63347,55.8223,0.2336,0.118,0.1082,57.408499997109175
143,5.719299995689653,0.022899999748915434,5.696399995940737,0.013600001693703234,0.5041,0.0048000074457377195,5.061900010332465,0.3374,3.66396,3.6393,0.1646,0.1178,0.1099,5.667899997206405
144,26.90199999778997,0.021899992134422064,26.88010000565555,0.012600008631125093,0.4793,0.002700006007216871,26.301000005332753,0.2662,25.11328,25.1178,0.2409,0.1472,0.1127,26.872999995248392
145,5.93970000045374,0.02680000034160912,5.912900000112131,0.014999997802078724,0.4572,0.004799992893822491,5.329799998435192,0.1854,4.27223,4.304,0.2279,0.1728,0.109,5.905099998926744
146,40.629199997056276,0.029800008633174002,40.5993999884231,0.016399993910454214,0.5403,0.002800006768666208,39.91959999257233,0.1565,38.76133,38.9093,0.252,0.1196,0.1259,40.568700002040714
147,15.91470000857953,0.022799998987466097,15.891900009592064,0.012100004823878407,0.5509,0.0051000097300857306,15.17990000138525,0.1927,13.47201,13.6081,0.4196,0.2396,0.3414,15.87899999867659
148,21.271100005833432,0.04490000719670206,21.22619999863673,0.11929999163839966,1.1352,0.005299996701069176,19.912500007194467,0.3032,18.31045,18.4112,0.2451,0.1277,0.2328,21.212799998465925
149,7.781199994497001,0.026399997295811772,7.754799997201189,0.013600001693703234,1.244,0.0032999960239976645,6.378999998560175,0.2253,5.32966,5.3438,0.1826,0.1173,0.0976,7.728500000666827
150,24.931200008722953,0.021100000594742596,24.91010000812821,0.012499993317760527,0.449,0.0030999945010989904,24.352800013730302,0.1779,23.26744,23.3657,0.2547,0.1072,0.1497,24.90150000085123
151,6.573299993760884,0.028800001018680632,6.544499992742203,0.01340000017080456,0.4419,0.00449999060947448,5.997100000968203,0.435,4.73812,4.7026,0.2133,0.1283,0.1107,6.536600005347282
152,46.179500001017004,0.024200009647756815,46.15529999136925,0.013500000932253897,0.4584,0.0035999983083456755,45.47489999094978,0.4869,43.74342,43.5959,0.5947,0.2528,0.2176,46.09519999939948
153,7.4724000005517155,0.0602000072831288,7.412199993268587,0.033899996196851134,1.2408,0.0048000074457377195,6.020000000717118,0.4216,4.68889,4.0983,0.3118,0.189,0.1435,7.3998000007122755
154,27.066699985880405,0.0320999970426783,27.034599988837726,0.016900012269616127,1.2945,0.006200003554113209,25.53470000566449,0.2582,23.38526,23.3707,0.6353,0.3582,0.2445,27.01839999645017
155,7.568299988633953,0.05950000195298344,7.50879998668097,0.0340000115102157,1.1654,0.006200003554113209,6.147299995063804,0.3147,4.61219,4.6867,0.2655,0.1579,0.1348,7.470500000636093
156,35.95869999844581,0.027000001864507794,35.9316999965813,0.031200004741549492,0.7514,0.0031999952625483274,35.06720000586938,0.2129,33.7455,33.9383,0.239,0.1273,0.1098,35.92409999691881
157,6.9669000076828524,0.024499997380189598,6.942400010302663,0.013700002455152571,0.4782,0.002900007530115545,6.363899999996647,0.3373,5.29433,5.265,0.1434,0.106,0.0993,6.935700002941303
158,57.23579999175854,0.023300002794712782,57.21249998896383,0.012999997125007212,0.4043,0.0030999945010989904,56.66940000082832,0.3491,55.14692,55.2175,0.2899,0.1653,0.1936,57.17849999200553
159,5.921699994360097,0.026599998818710446,5.895099995541386,0.016300007700920105,0.5334,0.004699992132373154,5.251900001894683,0.2843,4.01056,4.0506,0.1975,0.0945,0.0892,5.887899998924695
160,40.851700003258884,0.02409999433439225,40.82760000892449,0.011900003300979733,0.5653,0.0032999960239976645,40.154600006644614,0.1804,39.05023,39.1465,0.24,0.1048,0.172,40.81959999166429
161,6.503000011434779,0.026000008801929653,6.477000002632849,0.013999990187585354,0.4839,0.0040000013541430235,5.811199996969663,0.376,4.61957,4.5604,0.21,0.104,0.1028,6.401799997547641
162,40.619699997478165,0.023899992811493576,40.59580000466667,0.014899997040629387,1.0149,0.005299996701069176,39.458300001570024,0.177,38.19219,38.2998,0.2678,0.1156,0.2047,40.58650000661146
163,5.827699991641566,0.0278999941656366,5.79979999747593,0.013500000932253897,0.5079,0.0031999952625483274,5.185200003325008,0.3136,4.05963,4.0619,0.1656,0.1079,0.203,5.7923999993363395
164,43.07420000259299,0.023500004317611456,43.05069999827538,0.01200000406242907,0.4191,0.0029999937396496534,42.493800006923266,0.175,41.32155,41.4208,0.2805,0.114,0.1666,43.01810001197737
165,5.930400002398528,0.027000001864507794,5.90340000053402,0.014899997040629387,0.7843,0.005800000508315861,5.01079999958165,0.1609,3.82134,3.9599,0.2136,0.1164,0.0998,5.895900001632981
166,39.490099996328354,0.02269999822601676,39.46739999810234,0.012200005585327744,0.4428,0.002800006768666208,38.91760000260547,0.1705,37.83385,37.923,0.2557,0.125,0.133,39.45959999691695
167,7.7597000054083765,0.027700007194653153,7.731999998213723,0.014999997802078724,0.4627,0.0029999937396496534,7.129499994334765,0.2378,5.91044,6.0215,0.2012,0.1327,0.0987,7.699900001171045
168,41.69240000192076,0.02510000194888562,41.667299999971874,0.01340000017080456,0.5727,0.006000002031214535,40.95450000022538,0.2639,39.65756,39.7566,0.3051,0.1324,0.1362,41.65939999802504
169,5.130700010340661,0.024500011932104826,5.106199998408556,0.015599987818859518,0.4495,0.003100009053014219,4.556499989121221,0.3169,3.47144,3.4437,0.146,0.115,0.113,5.099799993331544
170,57.66279999807011,0.022099993657320738,57.64070000441279,0.012899996363557875,0.4951,0.003100009053014219,57.01490001229104,0.3023,55.83175,55.915,0.2517,0.1295,0.116,57.61180000263266
171,5.437400002847426,0.023600005079060793,5.413799997768365,0.014999997802078724,0.6489,0.0040000013541430235,4.652400006307289,0.3137,3.6982,3.6415,0.2132,0.1148,0.1125,5.40710000495892
172,42.475999987800606,0.02439999661874026,42.451599991181865,0.012400007108226418,1.0378,0.005800000508315861,41.26070000347681,0.1889,39.90853,40.1209,0.2739,0.1171,0.1282,42.439799988642335
173,6.439400007366203,0.027900008717551827,6.411499998648651,0.015300000086426735,0.716,0.0045000051613897085,5.573000002186745,0.4605,4.13928,4.0448,0.162,0.0948,0.0904,6.386699998984113
174,38.81179999734741,0.02139998832717538,38.79040000902023,0.011900003300979733,0.5605,0.0030999945010989904,38.12209999887273,0.1785,37.06301,37.1549,0.2371,0.1117,0.1044,38.78269999404438
175,7.621099997777492,0.025599991204217076,7.595500006573275,0.012100004823878407,0.8629,0.006300004315562546,6.605100003071129,0.3826,5.48031,5.4834,0.1614,0.0908,0.096,7.588899999973364
176,40.75100000773091,0.02370000584051013,40.7273000018904,0.011799987987615168,0.7027,0.0042000028770416975,39.87500000221189,0.3816,38.69131,38.718,0.2397,0.1115,0.1098,40.69750000780914
177,7.179300009738654,0.025200002710334957,7.154100007028319,0.014599994756281376,0.686,0.0029999937396496534,6.359100007102825,0.3241,5.13328,5.0825,0.2176,0.0989,0.1714,7.146700008888729
178,41.75470001064241,0.025000001187436283,41.72970000945497,0.013899989426136017,0.4966,0.0039000005926936865,41.12179999356158,0.6578,40.08744,39.6933,0.2886,0.1139,0.096,41.72159999143332
179,6.023399997502565,0.02540000423323363,5.997999993269332,0.014599994756281376,1.1084,0.0043000036384910345,4.7737999993842095,0.7032,3.89841,3.3783,0.1548,0.0954,0.1854,5.972099999780767
180,49.06059999484569,0.020699997548945248,49.03989999729674,0.01170000177808106,0.4062,0.0033999967854470015,48.44509999384172,0.1635,47.17106,47.2899,0.3617,0.1629,0.1547,49.02829999628011
181,6.168299994897097,0.04329999501351267,6.124999999883585,0.020400009816512465,1.0295,0.005800000508315861,4.960499994922429,0.2453,3.7755,3.8486,0.2012,0.1258,0.1169,6.1167999956524
182,36.946200008969754,0.02540000423323363,36.92080000473652,0.014999997802078724,0.5931,0.0029999937396496534,36.199399997713044,0.1931,35.10303,35.2,0.2301,0.1118,0.1037,36.89190000295639
183,11.853799995151348,0.023899992811493576,11.829900002339855,0.014699995517730713,0.7535,0.0048000074457377195,10.708100002375431,0.3197,7.17441,7.1495,1.1491,0.7311,0.6749,11.791600001743063
184,38.41599999577738,0.1432999997632578,38.272699996014126,0.08100000559352338,2.3993,0.00689999433234334,35.65389999130275,0.552,33.71904,33.7645,0.2599,0.1269,0.11,38.257899999734946
185,6.356900004902855,0.02649999805726111,6.3304000068455935,0.013700002455152571,0.6271,0.0041000021155923605,5.580500001087785,0.1837,4.64912,4.7036,0.1446,0.1002,0.1083,6.3042999972822145
186,47.234099998604506,0.022100008209235966,47.21199999039527,0.012199991033412516,0.4888,0.003100009053014219,46.39760000281967,0.3058,42.40786,42.4595,1.4182,0.7103,0.7506,47.185500006889924
187,9.26890000118874,0.11000000813510269,9.158899993053637,0.0560000044060871,2.239,0.008800008799880743,6.679500002064742,0.4349,4.79717,4.8173,0.2251,0.1517,0.1505,9.143800009042025
188,21.165599988307804,0.03099998866673559,21.13459999964107,0.01780000457074493,1.4308,0.005400012014433742,19.520600006217137,0.2736,17.68494,17.7686,0.2512,0.1925,0.4359,21.096299999044277
189,6.031700002495199,0.06180000491440296,5.9698999975807965,0.017400001524947584,1.6031,0.006299989763647318,4.2437000083737075,0.2324,3.16776,3.1332,0.1947,0.0983,0.1003,5.96199999563396
190,56.081600007019006,0.023800006601959467,56.057800000417046,0.012799995602108538,0.4924,0.0035999983083456755,55.44569999619853,0.1969,54.16808,54.3074,0.2614,0.1288,0.2243,56.04900000616908
191,6.85170000360813,0.027599991881288588,6.824100011726841,0.013600001693703234,0.5161,0.0036999990697950125,6.182600001920946,0.3379,4.88513,4.866,0.1654,0.1104,0.0963,6.797499998356216
192,40.8154999895487,0.020699997548945248,40.79479999199975,0.011299998732283711,0.4797,0.0028999929782003164,40.187600010540336,0.1661,38.97211,39.0638,0.3391,0.1763,0.1145,40.78510000545066
193,7.291699992492795,0.03599999763537198,7.255699994857423,0.019000013708136976,0.8091,0.004699992132373154,6.335199999739416,0.2171,5.2116,5.2703,0.1696,0.1232,0.115,7.247599991387688
194,46.18130000017118,0.02260001201648265,46.158699988154694,0.012599994079209864,0.4575,0.0041000021155923605,45.39240000303835,0.174,43.19775,43.3052,0.627,0.484,0.3009,46.09000000345986
195,7.9849999892758206,0.06900000153109431,7.915999987744726,0.0416000111727044,2.0284,0.005199995939619839,5.7161000004271045,0.3822,4.1639,4.2059,0.2318,0.1292,0.1326,7.90430000051856
196,37.75099999620579,0.029199989512562752,37.72180000669323,0.016600009985268116,0.6677,0.003500012098811567,36.936500007868744,0.2513,35.62508,35.7745,0.2634,0.1241,0.1221,37.71379998943303
197,12.604500007000752,0.024900000425986946,12.579600006574765,0.014499993994832039,1.1095,0.0050000089686363935,11.239200001000427,0.3114,7.72822,7.7114,1.2541,0.829,0.6658,12.522699995315634
198,36.18369999458082,0.05639999289996922,36.12730000168085,0.03260000084992498,1.5209,0.005999987479299307,34.43430000334047,0.8819,32.82039,32.4613,0.2363,0.1185,0.138,36.117099996772595
199,6.700400001136586,0.030800001695752144,6.669599999440834,0.01679999695625156,0.8791,0.0035999983083456755,5.6865999940782785,0.2288,4.52087,4.5885,0.212,0.1061,0.1071,6.662100000539795
200,42.04359999857843,0.023100001271814108,42.020499997306615,0.012200005585327744,0.4901,0.0022000021999701858,41.39360001136083,0.444,40.00628,40.0085,0.2807,0.136,0.1297,41.98470000119414
201,6.285499999648891,0.02339998900424689,6.2621000106446445,0.01440000778529793,0.5636,0.0045000051613897085,5.585299993981607,0.1952,4.4492,4.4704,0.2058,0.1278,0.2198,6.25390000641346
202,42.327100003603846,0.026599998818710446,42.300500004785135,0.013699987903237343,0.5063,0.0033999967854470015,41.68290000234265,0.1945,40.41774,40.5405,0.2428,0.1375,0.1405,42.29060000216123
203,5.244499989203177,0.02579999272711575,5.218699996476062,0.01410000550094992,0.6781,0.005800000508315861,4.3489000090630725,0.4664,3.31156,3.2222,0.1719,0.1108,0.1056,5.1552999939303845
204,56.53899999742862,0.024599998141638935,56.51439999928698,0.014700010069645941,0.6054,0.007000009645707905,55.77509998693131,0.4977,54.38188,54.4406,0.2746,0.1155,0.109,56.50580000656191
205,7.759399988572113,0.027399990358389914,7.731999998213723,0.014200006262399256,0.5246,0.004899993655271828,7.098800007952377,0.3679,5.93913,5.9232,0.2342,0.1059,0.105,7.724899987806566
206,40.324599991436116,0.02379999205004424,40.30079999938607,0.012400007108226418,0.5142,0.0041000021155923605,39.65120000066236,0.3132,38.38272,38.4256,0.2724,0.1544,0.1351,40.27009999845177
207,7.737100007943809,0.024600012693554163,7.712499995250255,0.015199999324977398,0.4893,0.0035999983083456755,7.119200003216974,0.4333,5.91482,5.8584,0.1717,0.1032,0.1094,7.705399999395013
208,42.312999998102896,0.023199987481348217,42.28980001062155,0.012100004823878407,0.4354,0.0034999975468963385,41.7314000078477,0.3443,40.29781,40.259,0.3471,0.1403,0.116,42.279599991161376
209,6.554399995366111,0.032800002372823656,6.521599992993288,0.01829999382607639,1.64,0.006600006599910557,4.735499998787418,0.2666,3.56108,3.6128,0.1606,0.1076,0.1047,6.494600005680695
210,25.84460000798572,0.02059999678749591,25.824000011198223,0.01200000406242907,0.4497,0.002800006768666208,25.22569999564439,0.3159,23.87037,23.8778,0.3252,0.1749,0.1371,25.812599997152574
211,6.759500000043772,0.04230000195093453,6.717199998092838,0.026399997295811772,0.8822,0.0037999998312443495,5.723099995520897,0.6244,4.7416,4.4102,0.2343,0.1078,0.103,6.708699991577305
212,42.54840000066906,0.023100001271814108,42.52529999939725,0.01309999788645655,0.5296,0.0031999952625483274,41.855400006170385,0.4073,40.65906,40.6847,0.2493,0.1334,0.1174,42.49629999685567
213,6.582899994100444,0.02269999822601676,6.560199995874427,0.013299999409355223,0.5628,0.003500012098811567,5.8985000068787485,0.4154,4.78988,4.6942,0.2224,0.1203,0.0998,6.553200000780635
214,23.41320000414271,0.022099993657320738,23.39110001048539,0.012600008631125093,0.4969,0.0036999990697950125,22.78999998816289,0.1733,21.74367,21.7863,0.289,0.1139,0.1368,23.384399988572113
215,6.4153000130318105,0.02710000262595713,6.388200010405853,0.013499986380338669,0.6362,0.007499998901039362,5.603600002359599,0.1886,4.37745,4.617,0.1623,0.0995,0.108,6.36129999475088
216,40.975199997774325,0.022099993657320738,40.953100004117005,0.012699994840659201,0.4745,0.0035999983083456755,40.35719999228604,0.3208,39.13575,39.191,0.2612,0.1255,0.1331,40.94310000073165
217,6.404800005839206,0.03090000245720148,6.373900003382005,0.016699996194802225,0.9401,0.0042000028770416975,5.321200005710125,0.7576,4.26416,3.8856,0.2099,0.1155,0.1113,6.366600006003864
218,42.27980000723619,0.022799998987466097,42.257000008248724,0.012799995602108538,0.5016,0.0039000005926936865,41.6142000030959,0.1592,40.25121,40.3968,0.3039,0.1639,0.2439,42.22779998963233
219,7.196499995188788,0.025500004994682968,7.170999990194105,0.012899996363557875,0.564,0.0044000043999403715,6.487100006779656,0.3236,5.17247,5.1716,0.3162,0.1373,0.2305,7.16209999518469
220,40.6727000081446,0.02820001100189984,40.6444999971427,0.013299999409355223,0.5276,0.0042000028770416975,39.995799990720116,0.3375,38.85992,38.8285,0.2386,0.1295,0.1199,40.63609999138862
221,6.148400003439747,0.02570000651758164,6.122699996922165,0.01479999627918005,0.5876,0.006199989002197981,5.38780000351835,0.1988,4.47568,4.5376,0.1446,0.1118,0.1139,6.0975999949732795
222,41.021199998795055,0.020899999071843922,41.00029999972321,0.016299993149004877,0.4835,0.0030999945010989904,40.39320000447333,0.1798,39.15548,39.2558,0.3065,0.1528,0.1453,40.9905999986222
223,6.507400001282804,0.03359999391250312,6.473800007370301,0.01650000922381878,0.7718,0.006499991286545992,5.585599996265955,0.2314,4.3107,4.3809,0.1934,0.1067,0.1902,6.464799997047521
224,41.16809999686666,0.023600005079060793,41.1444999917876,0.012299991794861853,0.5707,0.0047000066842883825,40.42799999297131,0.1704,39.17442,39.2768,0.2977,0.1284,0.2471,41.11459999694489
225,7.420199995976873,0.025399989681318402,7.394800006295554,0.014900011592544615,0.5421,0.0042000028770416975,6.726299994625151,0.2006,5.69273,5.7402,0.1613,0.14,0.1178,7.385699995211326
226,42.77400000137277,0.03060000017285347,42.743400001199916,0.01619999238755554,0.611,0.0017999991541728377,42.03630000120029,0.1854,40.77212,40.9109,0.2688,0.1257,0.1648,42.734799993922934
227,5.054699999163859,0.027600006433203816,5.027099992730655,0.013700002455152571,0.6163,0.006000002031214535,4.269700002623722,0.1936,3.37232,3.4058,0.1586,0.1196,0.1163,5.000999997719191
228,48.303100003977306,0.020699997548945248,48.28240000642836,0.01170000177808106,0.4727,0.00340001133736223,47.65180000686087,0.1658,45.87736,45.983,0.5686,0.3022,0.2226,48.26899999170564
229,7.3708999989321455,0.046499990276061,7.3244000086560845,0.027300004148855805,1.2834,0.005400012014433742,5.893699999433011,0.3033,4.47124,4.5304,0.2384,0.1416,0.1501,7.31469999300316
230,36.329700000351295,0.027400004910305142,36.30229999544099,0.015999990864656866,0.8733,0.0035999983083456755,35.293500011903234,0.3165,33.99179,34.106,0.2454,0.1313,0.2339,36.271799996029586
231,8.493499990436248,0.023999993572942913,8.469499996863306,0.012800010154023767,0.489,0.0039000005926936865,7.86810000136029,0.378,6.69466,6.5927,0.1999,0.1404,0.1371,8.462199999485165
232,41.942700001527555,0.023500004317611456,41.919199997209944,0.013299999409355223,0.4956,0.0033999967854470015,41.27659999358002,0.3059,39.94101,40.0329,0.29,0.1352,0.1301,41.907800012268126
233,5.9053000004496425,0.025300003471784294,5.879999996977858,0.01580000389367342,0.6758,0.0051000097300857306,5.073600012110546,0.2023,4.19531,4.192,0.1683,0.1126,0.1224,5.8542000042507425
234,41.13779999897815,0.01990000600926578,41.11789999296889,0.012299991794861853,0.4335,0.0026999914553016424,40.575999999418855,0.3363,39.44843,39.4224,0.2334,0.1235,0.1303,41.10950000176672
235,6.935699988389388,0.02719998883549124,6.9084999995538965,0.015000012353993952,0.6485,0.005599998985417187,6.132900001830421,0.3421,5.04912,5.0252,0.164,0.1173,0.1328,6.90049999684561
236,40.37930000049528,0.023500004317611456,40.355799996177666,0.012500007869675756,0.7093,0.004899993655271828,39.48849999869708,0.204,38.22678,38.3707,0.2392,0.1276,0.151,40.32590000133496
237,14.642199996160343,0.024299995857290924,14.617900000303052,0.014599994756281376,0.9943,0.005199995939619839,13.43289999931585,0.3155,10.74292,10.7475,1.1991,0.4268,0.3192,14.601500006392598
238,45.1078000041889,0.05669999518431723,45.051100009004585,0.033200005418621004,2.1048,0.006100002792663872,42.721300007542595,0.3665,39.8648,39.9972,0.7655,0.3796,0.3188,45.032800000626594
239,20.368299999972805,0.056599994422867894,20.311700005549937,0.03290000313427299,2.9869,0.0045000051613897085,17.16889999806881,0.943,15.8853,15.4018,0.228,0.1249,0.1261,20.281299992348067
240,16.034999993280508,0.021799991372972727,16.013200001907535,0.012899996363557875,0.5455,0.0035999983083456755,15.286299996660091,0.172,13.06388,13.1454,0.7105,0.4584,0.4388,15.997399998013861
241,54.03999998816289,0.05119999696034938,53.98879999120254,0.03200001083314419,1.1589,0.005299996701069176,52.64520000491757,0.3711,50.70194,50.8455,0.3585,0.1723,0.2223,53.98060000152327
242,12.708199996268377,0.022099993657320738,12.686100002611056,0.01270000939257443,0.4415,0.0032999960239976645,12.001299997791648,0.287,10.22925,10.2142,0.3601,0.2388,0.4558,12.601300011738203
243,20.697799991467036,0.05629999213851988,20.641499999328516,0.03310000465717167,1.6726,0.005199995939619839,18.808699998771772,0.3548,17.18071,17.1975,0.2982,0.1938,0.1502,20.629899998311885
244,6.472000008216128,0.03239999932702631,6.4396000088891014,0.015400000847876072,0.4513,0.0050000089686363935,5.884700003662147,0.3109,4.67698,4.5387,0.1859,0.1026,0.1084,6.432700000004843
245,24.28110000619199,0.022499996703118086,24.258600009488873,0.012099990271963179,0.5093,0.0053000112529844046,23.53669999865815,0.1738,22.55585,22.6103,0.2556,0.1195,0.1565,24.172000004909933
246,5.840600002557039,0.02990000939462334,5.810699993162416,0.016399993910454214,0.5705,0.0021000014385208488,5.143000002135523,0.8369,4.0578,3.587,0.185,0.1177,0.1282,5.8019999996759
247,40.72150000138208,0.02649999805726111,40.69500000332482,0.013199998647905886,0.5017,0.0039000005926936865,40.082399995299056,0.3139,38.75158,38.8003,0.2449,0.1276,0.1383,40.68639999604784
248,6.558000008226372,0.02609999501146376,6.5319000132149085,0.013299999409355223,1.1139,0.007700000423938036,5.276999989291653,0.3359,4.18592,4.1951,0.154,0.1378,0.1589,6.506699995952658
249,41.12520000489894,0.022599997464567423,41.102600007434376,0.012499993317760527,0.482,0.0040000013541430235,40.49020000093151,0.1982,39.30526,39.4165,0.2526,0.1497,0.1408,41.09309999330435
250,7.4182000098517165,0.03220001235604286,7.385999997495674,0.01759998849593103,0.5597,0.00449999060947448,6.712600006721914,0.1752,5.6418,5.719,0.1916,0.1076,0.1115,7.378399997833185
251,39.69630000938196,0.02269999822601676,39.67360001115594,0.012599994079209864,0.4815,0.002800006768666208,39.066099998308346,0.3008,37.97125,37.9506,0.2209,0.1226,0.1151,39.6438999887323
252,7.331400003749877,0.02340000355616212,7.308000000193715,0.013499986380338669,0.646,0.005500012775883079,6.5368999930797145,0.3602,5.29626,5.3716,0.2243,0.1322,0.1213,7.299600008991547
253,48.15489999600686,0.02479999966453761,48.130099996342324,0.01340000017080456,0.4764,0.0039000005926936865,47.40660000243224,0.3405,44.42718,44.0305,1.0092,0.6837,0.384,48.10750001342967
254,9.243799999239855,0.0940000027185306,9.149799996521324,0.05950000195298344,2.651,0.005099995178170502,6.270600002608262,0.3127,4.68336,4.782,0.3337,0.1812,0.1392,9.109600010560825
255,26.801400003023446,0.034199998481199145,26.767200004542246,0.018400009139440954,1.0918,0.0040000013541430235,25.51230000972282,0.3688,23.34581,23.3805,0.497,0.3198,0.3946,26.75279999675695
256,7.572600006824359,0.050700007705017924,7.521899999119341,0.029399991035461426,1.3137,0.005900001269765198,6.045200003427453,0.342,4.54602,4.5702,0.281,0.1528,0.1631,7.507400005124509
257,26.992400002200156,0.02849999873433262,26.963900003465824,0.016599995433352888,1.005,0.0041000021155923605,25.7570000103442,0.2441,23.48491,23.6094,0.6695,0.3039,0.3559,26.912300003459677
258,7.500299994717352,0.048000001697801054,7.452299993019551,0.030499999411404133,1.5292,0.006099988240748644,5.765099995187484,0.3279,4.29404,4.3486,0.2124,0.1362,0.1358,7.442800007993355
259,138.03019998886157,0.02749999111983925,138.00269999774173,0.016700010746717453,0.6794,0.002800006768666208,137.22189998952672,0.2454,135.8659,136.119,0.2186,0.12,0.1044,137.9951999988407
260,5.960799986496568,0.022299995180219412,5.938499991316348,0.01300001167692244,0.6814,0.004899993655271828,5.130799996550195,0.338,3.92996,3.9213,0.1594,0.1038,0.1257,5.913200002396479
261,22.50399999320507,0.021800005924887955,22.482199987280183,0.012400007108226418,0.5042,0.0037999998312443495,21.873299992876127,0.4286,20.61624,20.5676,0.2669,0.1334,0.1182,22.47419999912381
262,8.417399993049912,0.025699991965666413,8.391700001084246,0.014900011592544615,0.4684,0.003600012860260904,7.822600004146807,0.3221,6.58853,6.583,0.2212,0.115,0.1227,8.384600005229004
263,38.949800000409596,0.02300000051036477,38.92679999989923,0.020100007532164454,0.4767,0.0031999952625483274,38.19619999558199,0.2649,37.00614,37.0482,0.2655,0.1244,0.1216,38.88569999253377
264,6.887399998959154,0.031099989428184927,6.856300009530969,0.018799997633323073,0.8873,0.005099995178170502,5.806300003314391,0.1915,4.56452,4.6472,0.2361,0.1306,0.1672,6.84789998922497
265,41.909199993824586,0.028399997972883284,41.8807999958517,0.01479999627918005,0.6694,0.0037999998312443495,41.08999999880325,0.2513,39.2758,39.368,0.3175,0.145,0.1283,41.87169999931939
266,6.55090001237113,0.03190001007169485,6.519000002299435,0.015500001609325409,0.4778,0.0046000059228390455,5.909999992582016,0.6294,4.94626,4.6031,0.2078,0.1167,0.1114,6.489899998996407
267,41.41459999664221,0.021800005924887955,41.39279999071732,0.011999989510513842,0.399,0.0023000029614195228,40.89899999962654,0.4437,39.8979,39.7384,0.2594,0.1176,0.1277,41.3849000033224
268,7.066599995596334,0.027699992642737925,7.038900002953596,0.024600012693554163,0.4937,0.002800006768666208,6.408799992641434,0.5677,5.30198,5.022,0.2464,0.1287,0.1387,7.026200008112937
269,24.912399996537715,0.027700007194653153,24.884699989343062,0.016599995433352888,1.2497,0.004999994416721165,23.494300010497682,0.3317,22.24854,22.2724,0.2169,0.1124,0.116,24.85739999974612
270,9.209899988491088,0.02169999061152339,9.188199997879565,0.01300001167692244,0.4043,0.006000002031214535,8.666900001117028,0.5084,7.35383,7.2791,0.2134,0.1431,0.1178,9.179699991364032
271,40.47849999915343,0.02479999966453761,40.45369999948889,0.012500007869675756,0.6224,0.004999994416721165,39.69879999931436,0.3361,38.38381,38.3674,0.2978,0.1323,0.1133,40.44560001057107
272,5.587300009210594,0.026699999580159783,5.560600009630434,0.014399993233382702,0.5368,0.0040000013541430235,4.8962999862851575,0.2043,3.96848,4.0222,0.1496,0.111,0.1238,5.5339999962598085
273,40.93450000800658,0.021400002879090607,40.91310000512749,0.012499993317760527,0.4704,0.003100009053014219,40.33039999194443,0.4084,39.04092,38.9983,0.243,0.1312,0.2346,40.904900000896305
274,7.406800010357983,0.027000001864507794,7.379800008493476,0.013899989426136017,0.4858,0.0026999914553016424,6.803199998103082,0.186,5.88578,5.6612,0.2235,0.1328,0.1105,7.372899999609217
275,31.570699997246265,0.02300000051036477,31.5476999967359,0.012499993317760527,0.5467,0.0047000066842883825,30.667999992147088,0.1805,28.04902,28.1518,0.809,0.4579,0.6572,31.46270000434015
276,8.902300003683195,0.0830000062705949,8.8192999974126,0.04959999932907522,2.7422,0.006200003554113209,5.868599997484125,0.3313,4.41104,4.51,0.3038,0.1771,0.1409,8.804900004179217
277,19.395800001802854,0.036900004488416016,19.35889999731444,0.020799998310394585,1.023,0.0025999906938523054,18.229399996926077,0.24,17.07769,16.8376,0.244,0.1201,0.1413,19.350699993083254
278,8.051299999351613,0.02540000423323363,8.02589999511838,0.015300000086426735,0.5169,0.003000008291564882,7.386299999780022,0.1879,6.3683,6.4135,0.1467,0.1324,0.171,7.99919999553822
279,39.88080000272021,0.020199993741698563,39.86060000897851,0.012300006346777081,0.8835,0.005199995939619839,38.84529999049846,0.3216,37.52458,37.6563,0.3327,0.1472,0.1034,39.8503000033088
280,6.980999998631887,0.04299999272916466,6.9380000059027225,0.017099999240599573,0.7058,0.004899993655271828,6.111200011218898,0.2146,4.9609,5.01,0.2095,0.1115,0.095,6.930000003194436
281,41.28130000026431,0.022799998987466097,41.25850000127684,0.013299999409355223,0.427,0.003000008291564882,40.70159999537282,0.1675,39.59804,39.7021,0.2452,0.1226,0.1127,41.229399997973815
282,8.08129999495577,0.025000001187436283,8.056299993768334,0.012899996363557875,0.4944,0.0037999998312443495,7.454599995980971,0.3314,5.63194,5.6894,0.2336,0.1412,0.2065,8.049199997913092
283,38.80340000614524,0.022700012777931988,38.78069999336731,0.01309999788645655,0.4532,0.0029999937396496534,38.221499999053776,0.1748,37.03647,37.119,0.262,0.1321,0.136,38.77319999446627
284,7.332299996051006,0.025899993488565087,7.306400002562441,0.014200006262399256,0.9757,0.005299996701069176,6.189300009282306,0.2103,5.29701,5.3713,0.1483,0.1186,0.1084,7.280000005266629
285,56.78220000118017,0.0219999928958714,56.7602000082843,0.01200000406242907,0.541,0.0046000059228390455,56.10020000312943,0.1801,55.06889,55.2373,0.2485,0.1186,0.1148,56.75280001014471
286,7.938599999761209,0.02479999966453761,7.913800000096671,0.015599987818859518,0.5167,0.0034999975468963385,7.294499999261461,0.3651,6.26088,6.1502,0.16,0.1087,0.1074,7.907099992735311
287,38.61180000239983,0.022799998987466097,38.589000003412366,0.01270000939257443,0.507,0.0050000089686363935,37.8939999936847,0.2228,36.72236,36.8852,0.2204,0.1099,0.1175,38.51690000738017
288,6.977199998800643,0.025999994250014424,6.951200004550628,0.016399993910454214,1.0808,0.0049000082071870565,5.751999997301027,0.7558,4.77236,4.3656,0.1494,0.1126,0.1032,6.943799991859123
289,57.78879999706987,0.022599997464567423,57.766199999605305,0.012500007869675756,0.4639,0.0031999952625483274,57.18989999149926,0.3057,55.88183,55.9459,0.2614,0.1247,0.1702,57.75809999613557
290,6.59389999054838,0.027799993404187262,6.5660999971441925,0.017099999240599573,0.5354,0.0036999990697950125,5.914099994697608,0.2842,4.77428,4.745,0.1869,0.1115,0.114,6.540400005178526
291,40.84790000342764,0.02099999983329326,40.826900003594346,0.012200005585327744,0.4945,0.0025000044843181968,40.22919999260921,0.1727,39.122,39.2212,0.2321,0.1183,0.117,40.819700006977655
292,14.65299999108538,0.033199990866705775,14.619800000218675,0.013500000932253897,0.489,0.0031999952625483274,13.957899995148182,0.304,11.11297,11.1173,0.8294,0.6241,0.2752,14.603399991756305
293,36.0625000030268,0.05700001202058047,36.00549999100622,0.06859999848529696,1.9482,0.006400005077011883,33.847899991087615,0.4015,31.97265,32.1063,0.2283,0.1219,0.2352,35.97579999768641
294,5.726500006858259,0.024100008886307478,5.702399997971952,0.01340000017080456,0.5954,0.0045000051613897085,4.992599991965108,0.2021,3.94978,4.078,0.1501,0.1062,0.1143,5.694899999070913
295,41.22600000118837,0.022500011255033314,41.203499989933334,0.012299991794861853,0.5165,0.005599998985417187,40.555800005677156,0.2219,39.40883,39.5279,0.241,0.1128,0.1007,41.19499999796972
296,7.539600002928637,0.02540000423323363,7.514199998695403,0.013199998647905886,0.5527,0.0035999983083456755,6.835099993622862,0.1852,5.76283,5.87,0.2114,0.1062,0.0972,7.487299997592345
297,40.93129999819212,0.021400002879090607,40.909899995313026,0.012300006346777081,0.4326,0.0036999990697950125,40.361199993640184,0.1749,39.24282,39.3491,0.2342,0.1311,0.1223,40.90189999260474
298,6.448300002375618,0.025500004994682968,6.422799997380935,0.014299992471933365,0.5915,0.0050000089686363935,5.713399994419888,0.3673,4.58461,4.5525,0.1985,0.1187,0.1045,6.415500000002794
299,43.53080000146292,0.023100001271814108,43.50770000019111,0.01340000017080456,1.0348,0.0040000013541430235,42.34620000352152,0.2062,40.93855,41.0644,0.257,0.1239,0.13,43.48010000830982
