frame,surf_acquire,vp_total,vp_setup,vp_create_view,vp_set_stream,vp_setter_fmt,vp_setter_src_rect,vp_setter_dst_rect,vp_blt,vp_submit_window,vp_range_pass,clear_prev_above,vp_chart_blend,chart_flush,vp_gauge_blend,gauge_flush,map_resample,vp_map_blend,map_flush1,map_flush2,above_blend,above_flush,flush_total,vp_hud_compute,vp_release_view,amf_create_surface,amf_submit_input,amf_query,amf_packet_write,process_frame_total,pool_index,decoder_tex_id,vp_out_tex_id,array_index,setters_skipped,state_sig,amf_submitted,amf_received,amf_query_calls,amf_outputs,retries,submit_result,query_result,decoder_copy
0,0.0799,23.9645,0.0934,0.0049,0.0883,0.0783,0.0047,0.0013,4.1339,4.1829,0.0038,0,0.0296,0.0001,0,0,0,0,0,0,0,0,0.0001,0.0051,0.0078,0.0572,2.9765,0.0144,0,27.1014,0,1624801888,1169286944,0,0,378072108,1,0,1,0,0,0,24,0
1,0.153,25.5587,0.6027,0.0192,0.5825,0.5451,0.021,0.0062,1.0935,1.3246,0.064,0,0.0824,0.0004,0,0,0,0,0,0,0,0,0.0004,0.03,0.0255,0.0273,0.6131,0.1517,0.3505,26.9795,1,1624801888,1169278496,1,0,378072108,2,1,1,1,0,0,0,0
2,0.0418,24.6282,0.1881,0.0045,0.1833,0.1674,0.0117,0.0016,0.215,0.2709,0.0064,0,0.0286,0.0001,0,0,0,0,0,0,0,0,0.0001,0.0075,0.007,0.0919,1.5081,0.5255,1.0829,28.0849,2,1624801888,1624800480,2,0,378072108,3,2,1,1,0,0,0,0
3,0.0345,24.8159,0.1109,0.0024,0.1084,0.093,0.0118,0.001,0.1778,0.2215,0.0036,0,0.0239,0.0001,0,0,0,0,0,0,0,0,0.0001,0.0042,0.0074,0.0224,0.2205,0.0666,0.1748,25.3759,3,1624801888,1624806112,0,0,378072108,4,3,1,1,0,0,0,0
4,0.0432,17.7592,0.1751,0.0047,0.1702,0.1537,0.0112,0.002,0.1658,0.2,0.0035,0,0.0159,0,0,0,0,0,0,0,0,0,0,0.0043,0.0049,0.0295,0.2221,0.0829,0.1383,18.3338,4,1624801888,1624801184,1,0,378072108,5,4,1,1,0,0,0,0
5,0.0473,23.6622,0.1332,0.0051,0.128,0.1207,0.003,0.0014,0.2212,0.2736,0.0064,0,0.024,0.0001,0,0,0,0,0,0,0,0,0.0001,0.0078,0.0052,0.0241,0.2403,0.0763,0.1261,24.2295,5,1624801888,1624798368,2,0,378072108,6,5,1,1,0,0,0,0
6,0.0323,27.0374,0.0493,0.0022,0.0469,0.0411,0.0026,0.001,0.1235,0.1531,0.0032,0,0.0136,0,0,0,0,0,0,0,0,0,0,0.0039,0.0021,0.0261,0.294,0.1538,0.1486,27.839,6,1624801888,1624806816,0,0,378072108,7,6,1,1,0,0,0,0
7,0.0381,26.0796,0.174,0.0051,0.1688,0.1274,0.004,0.0009,0.1461,0.1785,0.0034,0,0.0153,0.0001,0,0,0,0,0,0,0,0,0.0001,0.0042,0.0061,0.0215,0.2603,0.0929,0.088,26.6469,7,1624801888,1624805408,1,0,378072108,8,7,1,1,0,0,0,0
8,0.0347,14.4656,0.1251,0.0046,0.1203,0.1137,0.0035,0.0007,0.1087,0.1385,0.0031,0,0.0128,0,0,0,0,0,0,0,0,0,0,0.0037,0.0026,0.0282,0.2997,0.1644,0.1365,15.232,0,1624801888,1169286944,2,0,378072108,9,8,1,1,0,0,0,0
9,0.0379,8.3429,0.1325,0.0046,0.1278,0.1207,0.0038,0.0006,0.121,0.1534,0.0036,0,0.0133,0.0001,0,0,0,0,0,0,0,0,0.0001,0.004,0.0031,0.0169,0.9236,0.0101,0,9.3348,1,1624801888,1169278496,0,0,378072108,10,8,1,0,0,0,24,0
10,0.0339,18.9383,0.0532,0.0028,0.0504,0.0442,0.0028,0.0015,0.123,0.1529,0.0031,0,0.0129,0.0001,0,0,0,0,0,0,0,0,0.0001,0.0039,0.0019,0.0297,0.6541,0.1401,0.1246,20.0432,2,1624801888,1624800480,1,0,378072108,11,9,1,1,0,0,0,0
11,0.0411,32.86,0.1484,0.0053,0.1429,0.1263,0.0122,0.0013,0.2182,0.2708,0.0067,0,0.0232,0.0001,0,0,0,0,0,0,0,0,0.0001,0.008,0.0074,0.0294,0.4909,0.2201,0.1654,33.9207,3,1624801888,1624806112,2,0,378072108,12,10,1,1,0,0,0,0
12,0.0437,14.9182,0.2008,0.0035,0.197,0.1795,0.0124,0.0013,0.1739,0.2211,0.0035,0,0.0265,0.0001,0,0,0,0,0,0,0,0,0.0001,0.0051,0.0058,0.0229,0.2768,0.137,0.1178,15.6008,4,1624801888,1624801184,0,0,378072108,13,11,1,1,0,0,0,0
13,0.0394,7.3803,0.1551,0.0046,0.1503,0.1411,0.0058,0.0008,0.117,0.1543,0.0034,0,0.0179,0.0001,0,0,0,0,0,0,0,0,0.0001,0.0056,0.0038,0.0168,0.1548,0.0819,0.0924,7.8374,5,1624801888,1624798368,1,0,378072108,14,12,1,1,0,0,0,0
14,0.0388,7.6696,0.1233,0.0046,0.1186,0.1097,0.0048,0.0013,0.1906,0.236,0.0066,0,0.0184,0.0001,0,0,0,0,0,0,0,0,0.0001,0.007,0.0042,0.0166,0.1739,0.0764,0.08,8.1195,6,1624801888,1624806816,2,0,378072108,15,13,1,1,0,0,0,0
15,0.038,18.4526,0.146,0.0044,0.1415,0.0967,0.0028,0.0015,0.1862,0.2322,0.0066,0,0.0203,0.0001,0,0,0,0,0,0,0,0,0.0001,0.0069,0.0046,0.0254,0.2515,0.1153,0.0917,19.0784,7,1624801888,1624805408,0,0,378072108,16,14,1,1,0,0,0,0
16,0.0387,15.1683,0.1462,0.0049,0.1411,0.1262,0.0107,0.0013,0.1754,0.2205,0.0062,0,0.0198,0.0001,0,0,0,0,0,0,0,0,0.0001,0.0067,0.0057,0.0243,0.3294,0.1689,0.32,16.1703,0,1624801888,1169286944,1,0,378072108,17,15,1,1,0,0,0,0
17,0.0377,14.3687,0.1306,0.005,0.1254,0.1186,0.0028,0.0012,0.1746,0.2159,0.0063,0,0.0169,0.0001,0,0,0,0,0,0,0,0,0.0001,0.0052,0.0026,0.0308,1.3252,0.0089,0,15.7778,1,1624801888,1169278496,2,0,378072108,18,15,1,0,0,0,24,0
18,0.0377,7.1037,0.135,0.0049,0.1299,0.1224,0.0036,0.0012,0.1154,0.1463,0.0035,0,0.0131,0.0001,0,0,0,0,0,0,0,0,0.0001,0.0041,0.003,0.0148,0.4031,0.0754,0.0841,7.81,2,1624801888,1624800480,0,0,378072108,19,16,1,1,0,0,0,0
19,0.0306,17.8086,0.0721,0.0022,0.0698,0.0642,0.003,0.0011,0.115,0.1445,0.0032,0,0.0131,0.0001,0,0,0,0,0,0,0,0,0.0001,0.0036,0.0023,0.0156,0.1487,0.0839,0.2086,18.3594,3,1624801888,1624806112,1,0,378072108,20,17,1,1,0,0,0,0
20,0.0338,15.6453,0.1275,0.002,0.1254,0.1101,0.0115,0.0016,0.187,0.2345,0.0061,0,0.0195,0.0002,0,0,0,0,0,0,0,0,0.0002,0.0078,0.0067,0.021,0.3327,0.124,0.1187,16.3591,4,1624801888,1624801184,2,0,378072108,21,18,1,1,0,0,0,0
21,0.0396,14.1886,0.1545,0.005,0.1493,0.1325,0.012,0.0014,0.1884,0.2233,0.0039,0,0.0147,0.0003,0,0,0,0,0,0,0,0,0.0003,0.0048,0.0031,0.03,1.0966,0.0087,0,15.3689,5,1624801888,1624798368,0,0,378072108,22,18,1,0,0,0,24,0
22,0.0377,22.7181,0.1361,0.0045,0.1314,0.1232,0.0045,0.0009,0.1232,0.154,0.0035,0,0.0131,0.0001,0,0,0,0,0,0,0,0,0.0001,0.0038,0.0031,0.0214,0.4601,0.0915,0.1071,23.5228,6,1624801888,1624806816,1,0,378072108,23,19,1,1,0,0,0,0
23,0.0362,15.9675,0.1383,0.0041,0.134,0.0931,0.0054,0.0013,0.181,0.2276,0.0061,0,0.0201,0.0001,0,0,0,0,0,0,0,0,0.0001,0.0076,0.0043,0.0228,0.2644,0.1548,0.1375,16.6895,7,1624801888,1624805408,2,0,378072108,24,20,1,1,0,0,0,0
24,0.3135,21.8578,0.0645,0.0116,0.0526,0.041,0.0075,0.0013,0.203,0.2517,0.0066,0,0.0213,0.0001,0,0,0,0,0,0,0,0,0.0001,0.0072,0.006,0.016,0.189,0.0987,0.11,22.661,0,1624801888,1169286944,0,0,378072108,25,21,1,1,0,0,0,0
25,0.0383,13.8879,0.1129,0.0047,0.1081,0.1035,0.0016,0.0008,0.113,0.1438,0.0037,0,0.0129,0,0,0,0,0,0,0,0,0,0,0.0036,0.0028,0.0268,0.3606,0.1802,0.1759,14.7869,1,1624801888,1169278496,1,0,378072108,26,22,1,1,0,0,0,0
26,0.0332,19.8435,0.0712,0.0026,0.0684,0.0624,0.0034,0.0009,0.1314,0.1663,0.0038,0,0.0135,0.0001,0,0,0,0,0,0,0,0,0.0001,0.0043,0.0026,0.0175,0.1726,0.08,0.0797,20.2889,2,1624801888,1624800480,2,0,378072108,27,23,1,1,0,0,0,0
27,0.0273,7.4555,0.088,0.0028,0.0851,0.0786,0.0033,0.0008,0.108,0.1427,0.0033,0,0.0151,0,0,0,0,0,0,0,0,0,0,0.004,0.003,0.017,0.1756,0.0905,0.0997,7.9384,3,1624801888,1624806112,0,0,378072108,28,24,1,1,0,0,0,0
28,0.0382,26.4474,0.1269,0.0046,0.1221,0.1155,0.0023,0.0017,0.1803,0.227,0.006,0,0.0213,0.0001,0,0,0,0,0,0,0,0,0.0001,0.0069,0.0037,0.0202,0.2021,0.0888,0.0939,26.9635,4,1624801888,1624801184,1,0,378072108,29,25,1,1,0,0,0,0
29,0.0447,15.1655,0.1424,0.0047,0.1375,0.1301,0.0035,0.0009,0.1413,0.1737,0.0035,0,0.014,0,0,0,0,0,0,0,0,0,0,0.0043,0.0029,0.0271,0.2678,0.1564,0.175,15.9501,5,1624801888,1624798368,2,0,378072108,30,26,1,1,0,0,0,0
30,0.0392,4664.09,0.1509,0.0049,0.1459,0.1364,0.0064,0.0007,0.1152,1259.3,0.0035,0,0.0313,0.0002,0,0,0,0,0,0,0,0,0.0002,0.0208,0.011,0.0259,0.2393,0.1427,0.1071,4664.78,6,1624801888,1624806816,0,0,378072108,31,27,1,1,0,0,0,0
31,0.0474,15.1724,0.2223,0.0048,0.2173,0.1664,0.0122,0.0015,0.2058,0.2579,0.0064,0,0.0229,0.0001,0,0,0,0,0,0,0,0,0.0001,0.0083,0.007,0.0314,0.3288,0.1759,0.1585,16.0765,7,1624801888,1624805408,1,0,378072108,32,28,1,1,0,0,0,0
32,0.0458,15.5422,0.1543,0.005,0.1491,0.1325,0.0121,0.0014,0.2038,0.2558,0.0069,0,0.0225,0.0002,0,0,0,0,0,0,0,0,0.0002,0.008,0.01,0.0346,0.4386,0.2439,0.3104,16.781,0,1624801888,1169286944,2,0,378072108,33,29,1,1,0,0,0,0
33,0.0364,15.7296,0.079,0.0027,0.0762,0.0691,0.0042,0.001,0.1358,0.1689,0.004,0,0.0134,0,0,0,0,0,0,0,0,0,0,0.0042,0.0027,0.0254,0.3027,0.1772,0.1679,16.5575,1,1624801888,1169278496,0,0,378072108,34,30,1,1,0,0,0,0
34,0.0424,17.317,0.0919,0.0027,0.089,0.0809,0.0042,0.001,0.1936,0.2403,0.0048,0,0.0176,0.0001,0,0,0,0,0,0,0,0,0.0001,0.0046,0.0068,0.0359,0.7272,0.2945,0.2869,18.9193,2,1624801888,1624800480,1,0,378072108,35,31,1,1,0,0,0,0
35,0.0363,15.9726,0.0878,0.0032,0.0844,0.0773,0.0038,0.0011,0.1319,0.1667,0.0036,0,0.0162,0.0001,0,0,0,0,0,0,0,0,0.0001,0.0044,0.0058,0.0346,0.3723,0.1856,0.1623,16.9037,3,1624801888,1624806112,2,0,378072108,36,32,1,1,0,0,0,0
36,0.0329,16.2478,0.0824,0.0024,0.0799,0.0736,0.0034,0.001,0.1565,0.1934,0.0047,0,0.0156,0.0001,0,0,0,0,0,0,0,0,0.0001,0.0043,0.0057,0.0293,0.369,0.1815,0.1234,17.0963,4,1624801888,1624801184,0,0,378072108,37,33,1,1,0,0,0,0
37,0.0626,9.4722,0.235,0.0085,0.2263,0.2019,0.0166,0.0029,0.5015,0.6841,0.0162,0,0.1274,0.0003,0,0,0,0,0,0,0,0,0.0003,0.0126,0.0117,0.0277,0.2756,0.1382,0.149,10.2198,5,1624801888,1624798368,1,0,378072108,38,34,1,1,0,0,0,0
38,0.0453,7.9408,0.1174,0.0058,0.1113,0.1015,0.0056,0.0011,0.1742,0.2205,0.0064,0,0.019,0.0001,0,0,0,0,0,0,0,0,0.0001,0.0075,0.0057,0.023,0.2519,0.1302,0.1131,8.5882,6,1624801888,1624806816,2,0,378072108,39,35,1,1,0,0,0,0
39,0.0593,10.4711,0.2599,0.0056,0.2541,0.1906,0.017,0.0018,0.313,0.3947,0.0099,0,0.0376,0.0001,0,0,0,0,0,0,0,0,0.0001,0.0113,0.0142,0.0258,0.2547,0.1131,0.1089,11.1263,7,1624801888,1624805408,0,0,378072108,40,36,1,1,0,0,0,0
40,0.0584,18.403,0.1821,0.0054,0.1764,0.1606,0.0101,0.0023,0.3116,0.374,0.0064,0,0.0285,0.0001,0,0,0,0,0,0,0,0,0.0001,0.008,0.0147,0.04,0.5007,0.2444,0.1866,19.5898,0,1624801888,1169286944,1,0,378072108,41,37,1,1,0,0,0,0
41,0.0475,16.2997,0.1684,0.0051,0.1631,0.1503,0.0074,0.0016,0.218,0.2706,0.0073,0,0.0231,0.0002,0,0,0,0,0,0,0,0,0.0002,0.0078,0.0056,0.0331,0.3956,0.196,0.214,17.3157,1,1624801888,1169278496,2,0,378072108,42,38,1,1,0,0,0,0
42,0.0327,10.6971,0.056,0.0023,0.0535,0.0474,0.0033,0.0009,0.1216,0.1517,0.0035,0,0.013,0.0001,0,0,0,0,0,0,0,0,0.0001,0.0048,0.0032,0.0181,0.1602,0.0889,0.0963,11.159,2,1624801888,1624800480,0,0,378072108,43,39,1,1,0,0,0,0
43,0.0297,6.4829,0.0435,0.0022,0.0411,0.0359,0.0025,0.0011,0.1055,0.1329,0.003,0,0.0118,0.0001,0,0,0,0,0,0,0,0,0.0001,0.0037,0.0029,0.0165,0.1344,0.0956,0.1058,6.9315,3,1624801888,1624806112,1,0,378072108,44,40,1,1,0,0,0,0
44,0.0563,9.2582,0.1506,0.0065,0.1439,0.1302,0.008,0.0017,0.2665,0.3272,0.0081,0,0.0264,0.0002,0,0,0,0,0,0,0,0,0.0002,0.0102,0.0075,0.02,0.2159,0.1026,0.0934,9.8238,4,1624801888,1624801184,2,0,378072108,45,41,1,1,0,0,0,0
45,0.0314,34.3906,0.0826,0.0027,0.0797,0.0729,0.0027,0.0009,0.1212,0.1521,0.0032,0,0.0138,0,0,0,0,0,0,0,0,0,0,0.0041,0.0025,0.0187,0.8213,0.6235,1.0018,37.3046,5,1624801888,1624798368,0,0,378072108,46,42,1,1,0,0,0,0
46,0.0402,9.7697,0.1448,0.0041,0.1405,0.127,0.0098,0.001,0.2417,0.3023,0.008,0,0.0277,0.0003,0,0,0,0,0,0,0,0,0.0003,0.0086,0.0113,0.0185,0.1878,0.0827,0.0854,10.2588,6,1624801888,1624806816,1,0,378072108,47,43,1,1,0,0,0,0
47,0.0455,15.2199,0.2136,0.005,0.2084,0.1584,0.0131,0.0014,0.1834,0.2319,0.007,0,0.0208,0.0002,0,0,0,0,0,0,0,0,0.0002,0.0068,0.0081,0.046,0.277,0.1622,0.1432,16.002,7,1624801888,1624805408,2,0,378072108,48,44,1,1,0,0,0,0
48,0.047,8.4205,0.1603,0.0051,0.155,0.1438,0.0075,0.0012,0.1551,0.1879,0.0042,0,0.0148,0.0001,0,0,0,0,0,0,0,0,0.0001,0.0042,0.0053,0.0192,0.1901,0.0856,0.094,8.9257,0,1624801888,1169286944,0,0,378072108,49,45,1,1,0,0,0,0
49,0.0371,20.5752,0.141,0.0044,0.1364,0.1211,0.0109,0.0015,0.1973,0.2481,0.0061,0,0.0216,0.0002,0,0,0,0,0,0,0,0,0.0002,0.0082,0.0072,0.025,0.2746,0.1529,0.1472,21.3152,1,1624801888,1169278496,1,0,378072108,50,46,1,1,0,0,0,0
50,0.0466,34.5307,0.1343,0.0047,0.1292,0.1138,0.0107,0.0013,0.2098,0.2619,0.0072,0,0.0221,0.0002,0,0,0,0,0,0,0,0,0.0002,0.0083,0.009,0.0277,0.278,0.1594,0.1356,35.2755,2,1624801888,1624800480,2,0,378072108,51,47,1,1,0,0,0,0
51,0.0484,15.628,0.1865,0.0047,0.1815,0.1618,0.0147,0.0012,0.229,0.2879,0.0071,0,0.0279,0.0003,0,0,0,0,0,0,0,0,0.0003,0.0089,0.01,0.0485,0.2799,0.1878,0.1614,16.4613,3,1624801888,1624806112,0,0,378072108,52,48,1,1,0,0,0,0
52,0.0498,8.7592,0.1462,0.0052,0.1405,0.1252,0.0102,0.0014,0.2113,0.2637,0.0072,0,0.0224,0.0002,0,0,0,0,0,0,0,0,0.0002,0.0085,0.0095,0.0292,0.253,0.1035,0.0941,9.3684,4,1624801888,1624801184,1,0,378072108,53,49,1,1,0,0,0,0
53,0.3417,7.4361,0.0498,0.0045,0.0452,0.0386,0.0035,0.001,0.1354,0.1717,0.0039,0,0.015,0.0001,0,0,0,0,0,0,0,0,0.0001,0.0044,0.0028,0.0159,0.1398,0.0928,0.1112,8.2009,5,1624801888,1624798368,2,0,378072108,54,50,1,1,0,0,0,0
54,0.0416,27.4774,0.1331,0.0043,0.1287,0.1219,0.0026,0.0014,0.2046,0.2511,0.006,0,0.0194,0.0001,0,0,0,0,0,0,0,0,0.0001,0.0076,0.0081,0.0256,0.2966,0.1764,0.1453,28.2665,6,1624801888,1624806816,0,0,378072108,55,51,1,1,0,0,0,0
55,0.0431,15.0582,0.2018,0.0049,0.1967,0.156,0.0036,0.0015,0.2123,0.2679,0.0076,0,0.0252,0.0002,0,0,0,0,0,0,0,0,0.0002,0.0086,0.0088,0.0276,0.2958,0.1467,0.2428,15.9201,7,1624801888,1624805408,1,0,378072108,56,52,1,1,0,0,0,0
56,0.0357,15.1692,0.0623,0.0023,0.0598,0.0529,0.0035,0.001,0.1314,0.1628,0.0036,0,0.0139,0,0,0,0,0,0,0,0,0,0,0.004,0.002,0.0344,0.3548,0.2089,0.1781,16.1301,0,1624801888,1169286944,2,0,378072108,57,53,1,1,0,0,0,0
57,0.0382,27.2791,0.115,0.0045,0.1103,0.105,0.0018,0.0007,0.1251,0.156,0.0037,0,0.0129,0.0001,0,0,0,0,0,0,0,0,0.0001,0.0039,0.0031,0.0189,0.1951,0.1009,0.1019,27.8204,1,1624801888,1169278496,0,0,378072108,58,54,1,1,0,0,0,0
58,0.036,10.6811,0.1258,0.0042,0.1215,0.1142,0.0038,0.0005,0.1876,0.217,0.0033,0,0.013,0.0001,0,0,0,0,0,0,0,0,0.0001,0.0035,0.0031,0.0857,0.9612,0.6995,0.6346,13.5086,2,1624801888,1624800480,1,0,378072108,59,55,1,1,0,0,0,0
59,0.0448,7.653,0.1223,0.0049,0.1173,0.1114,0.0018,0.0011,0.1292,0.1644,0.0038,0,0.0165,0.0001,0,0,0,0,0,0,0,0,0.0001,0.0045,0.0033,0.0153,0.141,0.0928,0.0908,8.1038,3,1624801888,1624806112,2,0,378072108,60,56,1,1,0,0,0,0
60,0.0309,13.991,0.0679,0.0025,0.0651,0.0601,0.0019,0.0009,0.121,0.1498,0.0032,0,0.0117,0,0,0,0,0,0,0,0,0,0,0.0043,0.0022,0.0153,0.1319,0.0913,0.0981,14.4223,4,1624801888,1624801184,0,0,378072108,61,57,1,1,0,0,0,0
61,0.0258,33.9835,0.0882,0.0023,0.0859,0.0793,0.0035,0.0009,0.1225,0.1525,0.0032,0,0.0128,0,0,0,0,0,0,0,0,0,0,0.004,0.0027,0.0176,0.191,0.0889,0.1346,34.51,5,1624801888,1624798368,1,0,378072108,62,58,1,1,0,0,0,0
62,0.039,7.0319,0.1072,0.0047,0.1021,0.0958,0.0027,0.0007,0.1111,0.1416,0.0033,0,0.0138,0,0,0,0,0,0,0,0,0,0,0.0036,0.0027,0.0158,0.1378,0.0938,0.1465,7.528,6,1624801888,1624806816,2,0,378072108,63,59,1,1,0,0,0,0
63,0.044,20.0058,0.1938,0.0047,0.1888,0.1372,0.0139,0.0015,0.2078,0.259,0.0068,0,0.0217,0.0002,0,0,0,0,0,0,0,0,0.0002,0.0086,0.0078,0.0299,0.3426,0.303,0.3021,21.1561,7,1624801888,1624805408,0,0,378072108,64,60,1,1,0,0,0,0
64,0.0391,26.1839,0.1356,0.0046,0.1306,0.1235,0.0028,0.0015,0.1425,0.1714,0.0032,0,0.012,0.0001,0,0,0,0,0,0,0,0,0.0001,0.004,0.0022,0.019,0.2029,0.1316,0.191,26.8829,0,1624801888,1169286944,1,0,378072108,65,61,1,1,0,0,0,0
65,0.0369,9.406,0.1133,0.0043,0.1088,0.1022,0.0033,0.001,0.1086,0.1368,0.0034,0,0.0121,0.0001,0,0,0,0,0,0,0,0,0.0001,0.0035,0.0031,0.0172,0.1577,0.0915,0.0855,9.8585,1,1624801888,1169278496,2,0,378072108,66,62,1,1,0,0,0,0
66,0.0411,17.7919,0.1338,0.0043,0.129,0.122,0.0029,0.0015,0.1889,0.2382,0.006,0,0.0207,0.0001,0,0,0,0,0,0,0,0,0.0001,0.0072,0.0044,0.021,0.2203,0.1602,0.1853,18.5254,2,1624801888,1624800480,0,0,378072108,67,63,1,1,0,0,0,0
67,0.0402,27.4723,0.1048,0.0048,0.0999,0.0926,0.0038,0.001,0.1246,0.1565,0.0039,0,0.0133,0.0001,0,0,0,0,0,0,0,0,0.0001,0.0044,0.0033,0.0157,0.152,0.0783,0.087,27.911,3,1624801888,1624806112,1,0,378072108,68,64,1,1,0,0,0,0
68,0.0309,16.0517,0.0871,0.0025,0.0843,0.079,0.0022,0.0009,0.114,0.1462,0.0031,0,0.0136,0.0001,0,0,0,0,0,0,0,0,0.0001,0.0051,0.0051,0.0243,0.2765,0.1406,0.1331,16.7548,4,1624801888,1624801184,2,0,378072108,69,65,1,1,0,0,0,0
69,0.0384,14.3594,0.1377,0.0047,0.1327,0.1254,0.0041,0.0007,0.119,0.1497,0.0037,0,0.0136,0,0,0,0,0,0,0,0,0,0,0.0039,0.003,0.0264,0.3269,0.1556,0.1506,15.1641,5,1624801888,1624798368,0,0,378072108,70,66,1,1,0,0,0,0
70,0.0388,8.34,0.135,0.0043,0.1305,0.1229,0.0041,0.0008,0.1187,0.1498,0.0034,0,0.0139,0.0001,0,0,0,0,0,0,0,0,0.0001,0.0043,0.0026,0.0165,0.1297,0.0896,0.0925,8.7959,6,1624801888,1624806816,1,0,378072108,71,67,1,1,0,0,0,0
71,0.0381,22.2551,0.147,0.0044,0.1425,0.1007,0.0028,0.0007,0.1403,0.1711,0.0034,0,0.0133,0,0,0,0,0,0,0,0,0,0,0.0037,0.0033,0.0251,0.2685,0.1568,0.1292,22.9706,7,1624801888,1624805408,2,0,378072108,72,68,1,1,0,0,0,0
72,0.0394,30.8205,0.1221,0.0049,0.117,0.1042,0.0082,0.001,0.1634,0.201,0.0043,0,0.0174,0.0001,0,0,0,0,0,0,0,0,0.0001,0.0048,0.0072,0.0881,1.0975,0.6653,0.9998,34.0496,0,1624801888,1169286944,0,0,378072108,73,69,1,1,0,0,0,0
73,0.0382,9.2395,0.1382,0.0048,0.1331,0.1172,0.011,0.0019,0.2027,0.2541,0.0072,0,0.0219,0.0002,0,0,0,0,0,0,0,0,0.0002,0.008,0.006,0.0199,0.1802,0.094,0.0897,9.7279,1,1624801888,1169278496,1,0,378072108,74,70,1,1,0,0,0,0
74,0.0335,6.9441,0.0711,0.0037,0.0674,0.0627,0.0019,0.0008,0.1343,0.1674,0.0042,0,0.0136,0,0,0,0,0,0,0,0,0,0,0.0051,0.0031,0.0165,0.1408,0.0946,0.0923,7.3903,2,1624801888,1624800480,2,0,378072108,75,71,1,1,0,0,0,0
75,0.1501,8.8007,0.0421,0.0043,0.0375,0.0309,0.0033,0.0009,0.1236,0.4396,0.0033,0,0.2959,0.0001,0,0,0,0,0,0,0,0,0.0001,0.0066,0.0073,0.0182,0.1735,0.0853,0.0846,9.3743,3,1624801888,1624806112,0,0,378072108,76,72,1,1,0,0,0,0
76,0.0461,15.4595,0.1278,0.0043,0.1232,0.1083,0.01,0.0015,0.1989,0.2516,0.007,0,0.0213,0.0004,0,0,0,0,0,0,0,0,0.0004,0.0081,0.0096,0.0199,0.1587,0.0875,0.1028,15.9372,4,1624801888,1624801184,1,0,378072108,77,73,1,1,0,0,0,0
77,0.0434,37.1786,0.1399,0.0045,0.1352,0.1278,0.0035,0.0015,0.1336,0.1632,0.0034,0,0.0126,0,0,0,0,0,0,0,0,0,0,0.0038,0.0035,0.0262,0.3213,0.1503,0.1225,37.9261,5,1624801888,1624798368,2,0,378072108,78,74,1,1,0,0,0,0
78,0.0382,11.8865,0.1586,0.0049,0.1534,0.1364,0.0119,0.0012,0.1937,0.2432,0.0071,0,0.0212,0.0001,0,0,0,0,0,0,0,0,0.0001,0.0079,0.0057,0.0216,0.1999,0.092,0.0858,12.3921,6,1624801888,1624806816,0,0,378072108,79,75,1,1,0,0,0,0
79,0.037,15.6693,0.1372,0.0043,0.1326,0.0941,0.0039,0.0007,0.1241,0.1556,0.0033,0,0.0144,0.0001,0,0,0,0,0,0,0,0,0.0001,0.0037,0.0036,0.0258,0.2876,0.1542,0.1499,16.419,7,1624801888,1624805408,1,0,378072108,80,76,1,1,0,0,0,0
80,0.0319,14.8693,0.0979,0.0024,0.0953,0.0867,0.0051,0.0009,0.1147,0.1486,0.0037,0,0.0157,0.0001,0,0,0,0,0,0,0,0,0.0001,0.0047,0.0036,0.0229,0.269,0.1904,0.1513,15.6414,0,1624801888,1169286944,2,0,378072108,81,77,1,1,0,0,0,0
81,0.0424,8.8829,0.0888,0.0047,0.0839,0.0784,0.0021,0.0009,0.1553,0.1922,0.004,0,0.0159,0.0001,0,0,0,0,0,0,0,0,0.0001,0.0041,0.0043,0.0182,0.1771,0.0909,0.1157,9.3965,1,1624801888,1169278496,0,0,378072108,82,78,1,1,0,0,0,0
82,0.045,35.4295,0.2049,0.0054,0.1992,0.1741,0.0196,0.0017,0.1637,0.1971,0.0036,0,0.0155,0.0001,0,0,0,0,0,0,0,0,0.0001,0.0045,0.0062,0.018,0.1963,0.0886,0.0934,35.9369,2,1624801888,1624800480,1,0,378072108,83,79,1,1,0,0,0,0
83,0.0354,14.9932,0.1268,0.0045,0.1221,0.1088,0.0092,0.0013,0.1779,0.2253,0.0066,0,0.0194,0.0002,0,0,0,0,0,0,0,0,0.0002,0.007,0.0053,0.0259,0.292,0.2669,0.1671,15.901,3,1624801888,1624806112,2,0,378072108,84,80,1,1,0,0,0,0
84,0.0378,14.5771,0.1584,0.0048,0.1534,0.1366,0.0121,0.0015,0.1945,0.2431,0.0069,0,0.021,0.0001,0,0,0,0,0,0,0,0,0.0001,0.0078,0.006,0.0252,0.3286,0.1869,0.1565,15.4188,4,1624801888,1624801184,0,0,378072108,85,81,1,1,0,0,0,0
85,0.0377,8.9966,0.1086,0.0044,0.1041,0.0935,0.0059,0.0013,0.1668,0.1988,0.0041,0,0.013,0,0,0,0,0,0,0,0,0,0,0.0041,0.0023,0.0157,0.1527,0.0838,0.0821,9.4251,5,1624801888,1624798368,1,0,378072108,86,82,1,1,0,0,0,0
86,0.0336,21.421,0.0575,0.002,0.0554,0.0503,0.0028,0.0009,0.1278,0.1583,0.0033,0,0.0117,0,0,0,0,0,0,0,0,0,0,0.0036,0.0024,0.0259,0.2658,0.1579,0.2355,22.2493,6,1624801888,1624806816,2,0,378072108,87,83,1,1,0,0,0,0
87,0.0285,27.5824,0.0811,0.0025,0.0785,0.0487,0.0034,0.0009,0.155,0.1989,0.0046,0,0.0184,0,0,0,0,0,0,0,0,0,0,0.0058,0.0061,0.0213,0.1961,0.0883,0.1562,28.1479,7,1624801888,1624805408,0,0,378072108,88,84,1,1,0,0,0,0
88,0.0306,14.1989,0.0566,0.0021,0.0543,0.0496,0.0015,0.0009,0.1054,0.132,0.0031,0,0.0113,0,0,0,0,0,0,0,0,0,0,0.004,0.0019,0.0271,0.3315,0.2044,0.3125,15.2154,0,1624801888,1169286944,1,0,378072108,89,85,1,1,0,0,0,0
89,0.0601,11.4791,0.1297,0.0053,0.1241,0.1135,0.0063,0.0015,0.1923,0.2391,0.0064,0,0.0203,0.0001,0,0,0,0,0,0,0,0,0.0001,0.0072,0.0042,0.0162,0.1717,0.0866,0.0995,11.9743,1,1624801888,1169278496,2,0,378072108,90,86,1,1,0,0,0,0
90,0.2693,13.1832,0.0417,0.0078,0.0338,0.0289,0.0026,0.0006,0.1221,0.1505,0.0032,0,0.0119,0,0,0,0,0,0,0,0,0,0,0.0036,0.0024,0.0684,0.9756,0.6541,0.5148,15.9857,2,1624801888,1624800480,0,0,378072108,91,87,1,1,0,0,0,0
91,0.0506,8.8821,0.1426,0.0054,0.1371,0.128,0.0045,0.0012,0.2297,0.2665,0.0043,0,0.0168,0.0001,0,0,0,0,0,0,0,0,0.0001,0.0047,0.0045,0.0146,0.1291,0.0855,0.0788,9.2969,3,1624801888,1624806112,1,0,378072108,92,88,1,1,0,0,0,0
92,0.0373,32.9895,0.1026,0.0044,0.098,0.0923,0.0021,0.0008,0.1143,0.1435,0.0033,0,0.0131,0.0001,0,0,0,0,0,0,0,0,0.0001,0.0036,0.0024,0.0163,0.1899,0.0987,0.0926,33.4939,4,1624801888,1624801184,2,0,378072108,93,89,1,1,0,0,0,0
93,0.035,14.9725,0.1414,0.0045,0.1367,0.121,0.0107,0.0015,0.1745,0.2225,0.0064,0,0.0206,0.0001,0,0,0,0,0,0,0,0,0.0001,0.0074,0.0054,0.0239,0.2837,0.1894,0.1588,15.7908,5,1624801888,1624798368,0,0,378072108,94,90,1,1,0,0,0,0
94,0.0371,14.7532,0.1341,0.0045,0.1293,0.1229,0.0025,0.0013,0.1648,0.1957,0.0037,0,0.0126,0.0002,0,0,0,0,0,0,0,0,0.0002,0.0042,0.003,0.0268,0.3083,0.2526,0.3071,15.8846,6,1624801888,1624806816,1,0,378072108,95,91,1,1,0,0,0,0
95,0.0364,16.0478,0.1215,0.0025,0.1189,0.0902,0.0027,0.0009,0.1395,0.1753,0.0039,0,0.0158,0.0001,0,0,0,0,0,0,0,0,0.0001,0.0045,0.0039,0.0241,0.3026,0.1857,0.1782,16.884,7,1624801888,1624805408,2,0,378072108,96,92,1,1,0,0,0,0
96,0.0416,14.3206,0.1605,0.0051,0.1551,0.1452,0.0059,0.0008,0.1248,0.1561,0.0037,0,0.0134,0.0001,0,0,0,0,0,0,0,0,0.0001,0.0045,0.0028,0.0286,0.3171,0.2047,0.1861,15.2245,0,1624801888,1169286944,0,0,378072108,97,93,1,1,0,0,0,0
97,0.0468,7.7905,0.1841,0.0048,0.179,0.1587,0.0158,0.0013,0.2204,0.2747,0.0066,0,0.0225,0.0002,0,0,0,0,0,0,0,0,0.0002,0.0098,0.0096,0.0161,0.1518,0.0988,0.0868,8.2541,1,1624801888,1169278496,1,0,378072108,98,94,1,1,0,0,0,0
98,0.0378,35.7212,0.1371,0.0047,0.1323,0.1256,0.0027,0.0015,0.1854,0.2298,0.0057,0,0.0197,0.0001,0,0,0,0,0,0,0,0,0.0001,0.0068,0.0044,0.0182,0.2183,0.0988,0.1041,36.2731,2,1624801888,1624800480,2,0,378072108,99,95,1,1,0,0,0,0
99,0.0406,7.8509,0.144,0.0041,0.1397,0.1241,0.011,0.0012,0.1835,0.2336,0.0066,0,0.021,0.0002,0,0,0,0,0,0,0,0,0.0002,0.0073,0.0052,0.0167,0.1412,0.0897,0.0957,8.2947,3,1624801888,1624806112,0,0,378072108,100,96,1,1,0,0,0,0
100,0.0334,19.6874,0.1269,0.0024,0.1243,0.1152,0.0062,0.0008,0.1776,0.2292,0.0068,0,0.0226,0.0002,0,0,0,0,0,0,0,0,0.0002,0.008,0.0077,0.0257,0.2982,0.1806,0.1343,20.4652,4,1624801888,1624801184,1,0,378072108,101,97,1,1,0,0,0,0
101,0.0466,32.6423,0.1832,0.0047,0.1783,0.1594,0.0137,0.0015,0.2092,0.2599,0.0072,0,0.0217,0.0002,0,0,0,0,0,0,0,0,0.0002,0.0077,0.0082,0.025,0.2718,0.1465,0.2301,33.5283,5,1624801888,1624798368,2,0,378072108,102,98,1,1,0,0,0,0
102,0.0458,14.31,0.1888,0.0044,0.1841,0.1655,0.0138,0.0013,0.1948,0.2443,0.0066,0,0.0214,0.0002,0,0,0,0,0,0,0,0,0.0002,0.0075,0.01,0.0243,0.3127,0.1791,0.3533,15.3345,6,1624801888,1624806816,0,0,378072108,103,99,1,1,0,0,0,0
103,0.0393,15.7691,0.1643,0.0048,0.1594,0.112,0.0068,0.0008,0.1451,0.1829,0.0041,0,0.0184,0.0001,0,0,0,0,0,0,0,0,0.0001,0.0041,0.0065,0.0272,0.3189,0.153,0.1366,16.5528,7,1624801888,1624805408,1,0,378072108,104,100,1,1,0,0,0,0
104,0.0294,14.4138,0.0879,0.0026,0.0852,0.0798,0.0025,0.0007,0.1209,0.1529,0.0035,0,0.0137,0,0,0,0,0,0,0,0,0,0,0.0038,0.0027,0.0289,0.3246,0.1834,0.1713,15.2483,0,1624801888,1169286944,2,0,378072108,105,101,1,1,0,0,0,0
105,0.0396,6.8792,0.1074,0.0051,0.1021,0.0929,0.0048,0.0012,0.1128,0.1452,0.004,0,0.0135,0.0001,0,0,0,0,0,0,0,0,0.0001,0.0039,0.0031,0.018,0.1601,0.0915,0.0857,7.3367,1,1624801888,1169278496,0,0,378072108,106,102,1,1,0,0,0,0
106,0.0333,6.2936,0.1141,0.0034,0.1105,0.1022,0.005,0.0009,0.139,0.1777,0.0043,0,0.0167,0.0001,0,0,0,0,0,0,0,0,0.0001,0.0062,0.0045,0.0156,0.1434,0.0935,0.0933,6.7326,2,1624801888,1624800480,1,0,378072108,107,103,1,1,0,0,0,0
107,0.0351,18.8929,0.0984,0.0043,0.0939,0.0875,0.0032,0.0007,0.1238,0.1541,0.0031,0,0.0136,0,0,0,0,0,0,0,0,0,0,0.0038,0.0028,0.0183,0.1723,0.0972,0.1001,19.3897,3,1624801888,1624806112,2,0,378072108,108,104,1,1,0,0,0,0
108,0.0342,8.7734,0.1396,0.0043,0.1351,0.1199,0.011,0.0013,0.1752,0.2208,0.0063,0,0.0189,0.0002,0,0,0,0,0,0,0,0,0.0002,0.0077,0.0052,0.0168,0.1679,0.0866,0.0893,9.2326,4,1624801888,1624801184,0,0,378072108,109,105,1,1,0,0,0,0
109,0.0397,19.3341,0.1316,0.0044,0.1269,0.1184,0.0046,0.0011,0.1867,0.2337,0.0057,0,0.0197,0.0001,0,0,0,0,0,0,0,0,0.0001,0.0075,0.0042,0.0241,0.2644,0.1678,0.1462,20.0759,5,1624801888,1624798368,1,0,378072108,110,106,1,1,0,0,0,0
110,0.0421,9.7852,0.1203,0.005,0.1151,0.1048,0.0066,0.001,0.1292,0.161,0.0038,0,0.0149,0.0001,0,0,0,0,0,0,0,0,0.0001,0.0041,0.0031,0.0141,0.1449,0.0958,0.1038,10.2495,6,1624801888,1624806816,2,0,378072108,111,107,1,1,0,0,0,0
111,0.0417,21.4462,0.1441,0.0048,0.1389,0.107,0.0033,0.0007,0.2604,0.2985,0.0037,0,0.0166,0.0001,0,0,0,0,0,0,0,0,0.0001,0.0043,0.0045,0.0287,0.3176,0.1619,0.1554,22.3009,7,1624801888,1624805408,0,0,378072108,112,108,1,1,0,0,0,0
112,0.0497,16.7497,0.1893,0.0046,0.1844,0.1676,0.0121,0.0012,0.1819,0.2219,0.0039,0,0.0185,0,0,0,0,0,0,0,0,0,0,0.0052,0.0053,0.0237,0.2466,0.1426,0.1492,17.4894,0,1624801888,1169286944,1,0,378072108,113,109,1,1,0,0,0,0
113,0.0308,18.5153,0.0751,0.0031,0.0719,0.0647,0.0036,0.0008,0.1296,0.1602,0.0032,0,0.0142,0.0001,0,0,0,0,0,0,0,0,0.0001,0.0038,0.0035,0.0227,0.2328,0.151,0.1506,19.2463,1,1624801888,1169278496,2,0,378072108,114,110,1,1,0,0,0,0
114,0.0396,13.0476,0.1527,0.0046,0.1478,0.1307,0.0124,0.0013,0.2091,0.2645,0.0068,0,0.0258,0.0002,0,0,0,0,0,0,0,0,0.0002,0.0073,0.0061,0.0721,0.955,0.6863,0.5495,15.6816,2,1624801888,1624800480,0,0,378072108,115,111,1,1,0,0,0,0
115,0.0314,6.5245,0.1048,0.0029,0.1017,0.0943,0.004,0.0011,0.1438,0.18,0.0042,0,0.0157,0.0001,0,0,0,0,0,0,0,0,0.0001,0.005,0.0059,0.0163,0.1429,0.0936,0.0892,6.9628,3,1624801888,1624806112,1,0,378072108,116,112,1,1,0,0,0,0
116,0.0474,27.0375,0.1226,0.0049,0.1175,0.1096,0.0034,0.001,0.1483,0.1792,0.0033,0,0.0142,0,0,0,0,0,0,0,0,0,0,0.0045,0.0055,0.024,0.2701,0.1748,0.1508,27.8617,4,1624801888,1624801184,2,0,378072108,117,113,1,1,0,0,0,0
117,0.0288,7.4693,0.0961,0.0024,0.0934,0.0868,0.0039,0.0006,0.1128,0.1442,0.0039,0,0.0135,0.0001,0,0,0,0,0,0,0,0,0.0001,0.0041,0.0033,0.0147,0.1302,0.0928,0.098,7.8983,5,1624801888,1624798368,0,0,378072108,118,114,1,1,0,0,0,0
118,0.0352,19.7712,0.1403,0.0041,0.1359,0.1209,0.011,0.0013,0.1847,0.2314,0.006,0,0.0201,0.0001,0,0,0,0,0,0,0,0,0.0001,0.0072,0.0093,0.0189,0.1848,0.0945,0.0845,20.2541,6,1624801888,1624806816,1,0,378072108,119,115,1,1,0,0,0,0
119,0.0285,14.7201,0.115,0.0022,0.1127,0.0804,0.0031,0.0006,0.2163,0.2533,0.0034,0,0.0158,0.0001,0,0,0,0,0,0,0,0,0.0001,0.0042,0.0046,0.027,0.3168,0.1658,0.4234,15.8119,7,1624801888,1624805408,2,0,378072108,120,116,1,1,0,0,0,0
120,0.0285,28.4788,0.0606,0.0024,0.0581,0.0519,0.0038,0.0006,0.1207,0.1559,0.0035,0,0.016,0.0001,0,0,0,0,0,0,0,0,0.0001,0.0048,0.0037,0.0267,0.3064,0.1739,0.2339,29.3947,0,1624801888,1169286944,0,0,378072108,121,117,1,1,0,0,0,0
121,0.0293,7.9895,0.0909,0.0026,0.0882,0.0813,0.0034,0.0017,0.113,0.1451,0.0035,0,0.014,0.0001,0,0,0,0,0,0,0,0,0.0001,0.0042,0.0102,0.0141,0.1311,0.0894,0.1703,8.5234,1,1624801888,1169278496,1,0,378072108,122,118,1,1,0,0,0,0
122,0.2175,22.6001,0.0382,0.0049,0.0331,0.026,0.0042,0.0009,0.1189,0.1468,0.0031,0,0.0125,0,0,0,0,0,0,0,0,0,0,0.0037,0.0025,0.0154,0.1573,0.0848,0.0842,23.2141,2,1624801888,1624800480,2,0,378072108,123,119,1,1,0,0,0,0
123,0.3136,15.3799,0.0562,0.0114,0.0446,0.0374,0.003,0.0012,0.134,0.1777,0.0054,0,0.0206,0.0002,0,0,0,0,0,0,0,0,0.0002,0.0042,0.0044,0.0213,0.2609,0.1406,0.1673,16.4566,3,1624801888,1624806112,0,0,378072108,124,120,1,1,0,0,0,0
124,0.0394,18.9909,0.117,0.0049,0.1119,0.1061,0.0018,0.0007,0.1268,0.1589,0.0035,0,0.0145,0.0001,0,0,0,0,0,0,0,0,0.0001,0.0041,0.003,0.0209,0.187,0.1227,0.1595,19.6707,4,1624801888,1624801184,1,0,378072108,125,121,1,1,0,0,0,0
125,0.0353,7.5399,0.1495,0.0048,0.1446,0.1293,0.0106,0.0017,0.1764,0.2222,0.0063,0,0.0184,0.0001,0,0,0,0,0,0,0,0,0.0001,0.0072,0.0055,0.0674,1.7585,0.6749,0.5767,11.3261,5,1624801888,1624798368,2,0,378072108,126,122,1,1,0,0,0,0
126,0.0384,24.3207,0.1418,0.0049,0.1365,0.1287,0.0043,0.0009,0.143,0.1777,0.004,0,0.0148,0.0001,0,0,0,0,0,0,0,0,0.0001,0.0045,0.0033,0.0311,0.3492,0.1429,0.1415,25.1189,6,1624801888,1624806816,0,0,378072108,127,123,1,1,0,0,0,0
127,0.3151,14.4804,0.0704,0.0044,0.0659,0.031,0.0071,0.0015,0.1863,0.2373,0.0071,0,0.0218,0.0002,0,0,0,0,0,0,0,0,0.0002,0.0083,0.006,0.0228,0.2792,0.1462,0.1717,15.5746,7,1624801888,1624805408,1,0,378072108,128,124,1,1,0,0,0,0
128,0.0356,21.6983,0.0633,0.0032,0.06,0.0551,0.0024,0.0008,0.1351,0.1798,0.0034,0,0.0263,0.0001,0,0,0,0,0,0,0,0,0.0001,0.004,0.0026,0.0162,0.1624,0.0908,0.0904,22.1577,0,1624801888,1169286944,2,0,378072108,129,125,1,1,0,0,0,0
129,0.0482,10.5629,0.1892,0.0047,0.1842,0.1761,0.0049,0.0009,0.1329,0.1663,0.0036,0,0.0143,0.0002,0,0,0,0,0,0,0,0,0.0002,0.0044,0.0052,0.0199,0.1953,0.0819,0.0966,11.0595,1,1624801888,1169278496,0,0,378072108,130,126,1,1,0,0,0,0
130,0.0568,23.6019,0.1574,0.0068,0.1503,0.134,0.0113,0.0014,0.231,0.2686,0.0036,0,0.0171,0.0001,0,0,0,0,0,0,0,0,0.0001,0.0042,0.0035,0.0227,0.2547,0.1714,0.1466,24.3557,2,1624801888,1624800480,1,0,378072108,131,127,1,1,0,0,0,0
131,0.0387,14.5416,0.1163,0.0049,0.1113,0.1049,0.0027,0.0013,0.1842,0.2331,0.0067,0,0.0198,0.0001,0,0,0,0,0,0,0,0,0.0001,0.0083,0.004,0.025,0.3296,0.1745,0.1502,15.358,3,1624801888,1624806112,2,0,378072108,132,128,1,1,0,0,0,0
132,0.0382,17.2369,0.0967,0.0031,0.0934,0.079,0.0092,0.0016,0.2154,0.2705,0.007,0,0.0251,0.0001,0,0,0,0,0,0,0,0,0.0001,0.0078,0.0063,0.0169,0.1616,0.08,0.0888,17.6862,4,1624801888,1624801184,0,0,378072108,133,129,1,1,0,0,0,0
133,0.3157,20.5391,0.0667,0.0086,0.0579,0.0434,0.0108,0.0013,0.201,0.2502,0.007,0,0.0204,0.0002,0,0,0,0,0,0,0,0,0.0002,0.0082,0.0052,0.0235,0.2489,0.1691,0.204,21.6473,5,1624801888,1624798368,1,0,378072108,134,130,1,1,0,0,0,0
134,0.0421,16.1695,0.2015,0.0051,0.1962,0.1757,0.0156,0.0016,0.225,0.2762,0.0077,0,0.0216,0.0001,0,0,0,0,0,0,0,0,0.0001,0.0077,0.0068,0.0231,0.2898,0.1842,0.1564,17.0266,6,1624801888,1624806816,2,0,378072108,135,131,1,1,0,0,0,0
135,0.0404,18.3027,0.1823,0.0048,0.1773,0.118,0.0156,0.0023,0.2421,0.2965,0.0071,0,0.0244,0.0002,0,0,0,0,0,0,0,0,0.0002,0.0077,0.013,0.0265,0.3338,0.178,0.1341,19.1067,7,1624801888,1624805408,0,0,378072108,136,132,1,1,0,0,0,0
136,0.047,16.7169,0.1386,0.0045,0.134,0.1271,0.0026,0.0013,0.2106,0.2663,0.0068,0,0.0266,0.0001,0,0,0,0,0,0,0,0,0.0001,0.0073,0.0049,0.0223,0.2311,0.1654,0.1393,17.4084,0,1624801888,1169286944,1,0,378072108,137,133,1,1,0,0,0,0
137,0.0414,11.1636,0.1439,0.0046,0.139,0.1318,0.0037,0.0009,0.132,0.1677,0.0046,0,0.0152,0.0001,0,0,0,0,0,0,0,0,0.0001,0.0047,0.0031,0.0171,0.1357,0.114,0.1645,11.6966,1,1624801888,1169278496,2,0,378072108,138,134,1,1,0,0,0,0
138,0.0356,17.6187,0.1447,0.0041,0.1403,0.1256,0.0106,0.0014,0.1899,0.2361,0.0062,0,0.0191,0.0001,0,0,0,0,0,0,0,0,0.0001,0.0067,0.0055,0.0193,0.1844,0.0932,0.1606,18.183,2,1624801888,1624800480,0,0,378072108,139,135,1,1,0,0,0,0
139,0.0473,15.3068,0.118,0.0064,0.1112,0.1006,0.0062,0.0012,0.1908,0.253,0.0065,0,0.0205,0.0002,0,0,0,0,0,0,0,0,0.0002,0.0225,0.0064,0.024,0.3166,0.1763,0.2699,16.2482,3,1624801888,1624806112,1,0,378072108,140,136,1,1,0,0,0,0
140,0.0389,20.9962,0.1863,0.0049,0.1813,0.1644,0.0124,0.0014,0.2104,0.2593,0.0068,0,0.0212,0.0002,0,0,0,0,0,0,0,0,0.0002,0.0075,0.0068,0.0194,0.2846,0.1138,0.1785,21.727,4,1624801888,1624801184,2,0,378072108,141,137,1,1,0,0,0,0
141,0.0358,14.1312,0.1209,0.0046,0.1162,0.1099,0.0023,0.0013,0.1701,0.2153,0.006,0,0.019,0.0001,0,0,0,0,0,0,0,0,0.0001,0.007,0.0039,0.0215,0.2499,0.1775,0.1643,14.8889,5,1624801888,1624798368,0,0,378072108,142,138,1,1,0,0,0,0
142,0.0288,25.8441,0.0734,0.0022,0.0711,0.0666,0.0013,0.0009,0.1235,0.156,0.0035,0,0.0143,0.0001,0,0,0,0,0,0,0,0,0.0001,0.0048,0.0027,0.0226,0.3657,0.1761,0.1594,26.7008,6,1624801888,1624806816,1,0,378072108,143,139,1,1,0,0,0,0
143,0.0307,13.915,0.1218,0.0025,0.1191,0.0839,0.0063,0.0011,0.1424,0.1779,0.0039,0,0.0159,0.0001,0,0,0,0,0,0,0,0,0.0001,0.0043,0.0063,0.0292,0.327,0.1595,0.1432,14.7078,7,1624801888,1624805408,2,0,378072108,144,140,1,1,0,0,0,0
144,0.4781,11.0457,0.1264,0.0384,0.0871,0.0733,0.0076,0.0011,0.24,0.4008,0.0051,0,0.0233,0.0001,0,0,0,0,0,0,0,0,0.0001,0.0951,0.0074,0.0177,0.1695,0.097,0.1029,11.9776,0,1624801888,1169286944,0,0,378072108,145,141,1,1,0,0,0,0
145,0.0462,19.8668,0.1366,0.0071,0.1294,0.1213,0.0032,0.0013,0.1839,0.2319,0.0062,0,0.0216,0.0002,0,0,0,0,0,0,0,0,0.0002,0.0073,0.0037,0.0192,0.1906,0.096,0.094,20.378,1,1624801888,1169278496,1,0,378072108,146,142,1,1,0,0,0,0
146,0.0372,14.5924,0.1477,0.0043,0.1433,0.1347,0.0054,0.0009,0.1108,0.1406,0.0036,0,0.0125,0.0001,0,0,0,0,0,0,0,0,0.0001,0.0036,0.0027,0.0277,0.3126,0.1623,0.1505,15.3812,2,1624801888,1624800480,2,0,378072108,147,143,1,1,0,0,0,0
147,0.045,27.9779,0.1747,0.0046,0.17,0.1535,0.0121,0.0012,0.2108,0.2601,0.0065,0,0.0211,0.0001,0,0,0,0,0,0,0,0,0.0001,0.0077,0.0061,0.0265,0.3343,0.1794,0.1681,28.8411,3,1624801888,1624806112,0,0,378072108,148,144,1,1,0,0,0,0
148,0.0363,13.9879,0.1804,0.0043,0.176,0.1584,0.0134,0.0012,0.181,0.2293,0.0066,0,0.0205,0.0002,0,0,0,0,0,0,0,0,0.0002,0.008,0.0056,0.0289,0.3466,0.1957,0.1876,14.888,4,1624801888,1624801184,1,0,378072108,149,145,1,1,0,0,0,0
149,0.0411,11.1166,0.166,0.0046,0.1612,0.1507,0.0062,0.0012,0.1478,0.185,0.004,0,0.0165,0.0001,0,0,0,0,0,0,0,0,0.0001,0.0042,0.0028,0.0156,0.1474,0.0984,0.0925,11.5711,5,1624801888,1624798368,2,0,378072108,150,146,1,1,0,0,0,0
150,0.0446,24.0847,0.2018,0.0106,0.191,0.1748,0.0121,0.0012,0.7574,0.9663,0.0048,0,0.1761,0.0001,0,0,0,0,0,0,0,0,0.0001,0.0098,0.2242,0.0216,0.3303,0.1319,0.0901,24.8623,6,1624801888,1624806816,0,0,378072108,151,147,1,1,0,0,0,0
151,0.0381,14.6324,0.1951,0.0047,0.1903,0.1422,0.0142,0.0016,0.2684,0.3452,0.0102,0,0.0353,0.0002,0,0,0,0,0,0,0,0,0.0002,0.0114,0.0139,0.0241,0.2937,0.1329,0.122,15.3816,7,1624801888,1624805408,1,0,378072108,152,148,1,1,0,0,0,0
152,0.036,21.4163,0.1103,0.0025,0.1076,0.1015,0.0025,0.0013,0.2625,0.3129,0.0044,0,0.0251,0.0001,0,0,0,0,0,0,0,0,0.0001,0.0052,0.0104,0.0221,0.308,0.1712,0.1472,22.2402,0,1624801888,1169286944,2,0,378072108,153,149,1,1,0,0,0,0
153,0.0531,13.8535,0.1301,0.0042,0.1254,0.1064,0.0123,0.0017,0.3157,0.3791,0.0077,0,0.0282,0.0001,0,0,0,0,0,0,0,0,0.0001,0.0072,0.0167,0.0509,0.5692,0.2893,0.2224,15.3172,1,1624801888,1169278496,0,0,378072108,154,150,1,1,0,0,0,0
154,0.0413,23.8545,0.1123,0.0048,0.1071,0.0968,0.0058,0.0015,0.2051,0.2521,0.0063,0,0.0209,0.0001,0,0,0,0,0,0,0,0,0.0001,0.0074,0.0057,0.0222,0.2764,0.1948,0.3385,24.9532,2,1624801888,1624800480,1,0,378072108,155,151,1,1,0,0,0,0
155,0.0351,13.875,0.0629,0.0024,0.0602,0.0548,0.0031,0.0008,0.1225,0.1536,0.0034,0,0.0138,0,0,0,0,0,0,0,0,0,0,0.0041,0.0026,0.016,0.1424,0.0818,0.0998,14.3523,3,1624801888,1624806112,2,0,378072108,156,152,1,1,0,0,0,0
156,0.036,12.9046,0.099,0.0043,0.0946,0.0874,0.0029,0.0009,0.1185,0.1516,0.0032,0,0.0161,0.0001,0,0,0,0,0,0,0,0,0.0001,0.0041,0.0028,0.0408,0.4686,0.2615,0.2184,14.1448,4,1624801888,1624801184,0,0,378072108,157,153,1,1,0,0,0,0
157,0.0393,13.8769,0.1558,0.005,0.1505,0.1339,0.012,0.0016,0.1854,0.2352,0.007,0,0.0198,0.0002,0,0,0,0,0,0,0,0,0.0002,0.0076,0.006,0.0372,0.409,0.2738,0.2153,15.0657,5,1624801888,1624798368,1,0,378072108,158,154,1,1,0,0,0,0
158,0.0448,19.5358,0.1621,0.005,0.1569,0.1487,0.0044,0.001,0.1598,0.1989,0.0041,0,0.0172,0.0001,0,0,0,0,0,0,0,0,0.0001,0.0046,0.007,0.0173,0.2116,0.0936,0.1548,20.1631,6,1624801888,1624806816,2,0,378072108,159,155,1,1,0,0,0,0
159,0.0376,39.7392,0.1477,0.0042,0.1434,0.0985,0.0084,0.0006,0.164,0.1973,0.0035,0,0.0161,0.0001,0,0,0,0,0,0,0,0,0.0001,0.0042,0.0062,0.0241,0.2736,0.1743,0.1462,40.5015,7,1624801888,1624805408,0,0,378072108,160,156,1,1,0,0,0,0
160,0.0371,14.5195,0.1436,0.0045,0.1386,0.1286,0.0068,0.0006,0.1136,0.1449,0.0034,0,0.0135,0.0001,0,0,0,0,0,0,0,0,0.0001,0.0041,0.003,0.033,0.4211,0.2401,0.1474,15.515,0,1624801888,1169286944,1,0,378072108,161,157,1,1,0,0,0,0
161,0.0329,7.8697,0.0699,0.0033,0.0665,0.0624,0.0018,0.0008,0.112,0.141,0.0034,0,0.0128,0,0,0,0,0,0,0,0,0,0,0.0039,0.002,0.018,0.1634,0.0994,0.0896,8.3848,1,1624801888,1169278496,2,0,378072108,162,158,1,1,0,0,0,0
162,0.0379,10.5744,0.1152,0.0044,0.1105,0.1052,0.0015,0.0009,0.1291,0.1617,0.0032,0,0.0144,0.0001,0,0,0,0,0,0,0,0,0.0001,0.004,0.0031,0.015,0.1476,0.113,0.1096,11.1296,2,1624801888,1624800480,0,0,378072108,163,159,1,1,0,0,0,0
163,0.0361,42.5336,0.0944,0.0045,0.0898,0.0849,0.0014,0.001,0.11,0.1385,0.0033,0,0.0124,0.0001,0,0,0,0,0,0,0,0,0.0001,0.0039,0.0031,0.0246,0.2645,0.1386,0.1364,43.2795,3,1624801888,1624806112,1,0,378072108,164,160,1,1,0,0,0,0
164,0.0392,14.6295,0.1581,0.0051,0.1528,0.1361,0.012,0.0014,0.1941,0.2435,0.0071,0,0.0206,0.0002,0,0,0,0,0,0,0,0,0.0002,0.0079,0.0061,0.0293,0.3155,0.1819,0.1742,15.5701,4,1624801888,1624801184,2,0,378072108,165,161,1,1,0,0,0,0
165,0.034,12.0186,0.1137,0.0026,0.1109,0.1058,0.0018,0.0009,0.1277,0.1649,0.0043,0,0.0158,0.0001,0,0,0,0,0,0,0,0,0.0001,0.0044,0.0045,0.0183,0.1868,0.1166,0.112,12.5754,5,1624801888,1624798368,0,0,378072108,166,162,1,1,0,0,0,0
166,0.0292,15.5142,0.0841,0.0022,0.0815,0.0771,0.0014,0.0008,0.1084,0.1396,0.0031,0,0.0135,0,0,0,0,0,0,0,0,0,0,0.0044,0.0024,0.0207,0.248,0.1284,0.1297,16.1613,6,1624801888,1624806816,1,0,378072108,167,163,1,1,0,0,0,0
167,0.032,16.0862,0.1808,0.0035,0.1772,0.1325,0.0144,0.0015,0.3343,0.3889,0.0065,0,0.0248,0.0002,0,0,0,0,0,0,0,0,0.0002,0.0079,0.01,0.0725,0.2867,0.1397,0.1256,16.835,7,1624801888,1624805408,2,0,378072108,168,164,1,1,0,0,0,0
168,0.1513,34.0427,0.4778,0.0196,0.4573,0.4271,0.0154,0.005,0.5107,0.6484,0.0202,0,0.0635,0.0003,0,0,0,0,0,0,0,0,0.0003,0.0201,0.0142,0.0254,0.2804,0.1293,0.12,34.8452,0,1624801888,1169286944,0,0,378072108,169,165,1,1,0,0,0,0
169,0.2806,17.7017,0.0648,0.015,0.0495,0.0435,0.003,0.0007,0.1379,0.1754,0.0044,0,0.0177,0.0001,0,0,0,0,0,0,0,0,0.0001,0.0043,0.0048,0.0272,0.402,0.186,0.1083,18.8185,1,1624801888,1169278496,1,0,378072108,170,166,1,1,0,0,0,0
170,0.0345,16.7081,0.1064,0.0027,0.1035,0.0874,0.0118,0.0017,0.2116,0.2632,0.007,0,0.0221,0.0002,0,0,0,0,0,0,0,0,0.0002,0.0078,0.0085,0.0307,0.378,0.1983,0.1331,17.5858,2,1624801888,1624800480,2,0,378072108,171,167,1,1,0,0,0,0
171,0.0454,14.8039,0.2547,0.0024,0.2522,0.0344,0.003,0.0007,0.1168,0.1497,0.0037,0,0.0134,0.0001,0,0,0,0,0,0,0,0,0.0001,0.0039,0.0028,0.0269,0.3102,0.1593,0.1385,15.5904,3,1624801888,1624806112,0,0,378072108,172,168,1,1,0,0,0,0
172,0.2618,15.4932,0.1245,0.0054,0.1189,0.108,0.0071,0.0007,0.1281,0.1648,0.0037,0,0.0174,0.0002,0,0,0,0,0,0,0,0,0.0002,0.0045,0.0059,0.0307,0.3799,0.214,0.1432,16.6379,4,1624801888,1624801184,1,0,378072108,173,169,1,1,0,0,0,0
173,0.0506,15.0182,0.0995,0.0039,0.0955,0.0854,0.0061,0.0013,0.186,0.2341,0.006,0,0.0203,0.0001,0,0,0,0,0,0,0,0,0.0001,0.0061,0.0112,0.0349,0.404,0.2083,0.2349,16.0907,5,1624801888,1624798368,2,0,378072108,174,170,1,1,0,0,0,0
174,0.3764,14.6169,0.0981,0.0326,0.0652,0.0568,0.0042,0.0011,0.1803,0.2201,0.0044,0,0.0192,0.0001,0,0,0,0,0,0,0,0,0.0001,0.0046,0.0091,0.0249,0.2882,0.1691,0.2469,15.8273,6,1624801888,1624806816,0,0,378072108,175,171,1,1,0,0,0,0
175,0.0394,15.5916,0.1401,0.0026,0.1374,0.1036,0.0061,0.0013,0.1444,0.1802,0.0033,0,0.0161,0.0001,0,0,0,0,0,0,0,0,0.0001,0.005,0.0062,0.0287,0.3588,0.1969,0.1178,16.457,7,1624801888,1624805408,1,0,378072108,176,172,1,1,0,0,0,0
176,0.0577,7.6112,0.1837,0.0063,0.1771,0.1628,0.0085,0.0014,0.2346,0.2909,0.0074,0,0.0237,0.0002,0,0,0,0,0,0,0,0,0.0002,0.0095,0.0074,0.0259,0.249,0.133,0.1019,8.2646,0,1624801888,1169286944,2,0,378072108,177,173,1,1,0,0,0,0
177,0.0266,7.716,0.0875,0.0022,0.0851,0.0799,0.0029,0.0007,0.106,0.137,0.0033,0,0.0134,0,0,0,0,0,0,0,0,0,0,0.0037,0.002,0.0161,0.1584,0.0867,0.0882,8.1611,1,1624801888,1169278496,0,0,378072108,178,174,1,1,0,0,0,0
178,0.2198,19.1009,0.0479,0.0074,0.0401,0.0339,0.0028,0.0006,0.1129,0.1431,0.0039,0,0.0121,0.0001,0,0,0,0,0,0,0,0,0.0001,0.0036,0.003,0.0161,0.1528,0.0867,0.0971,19.7438,2,1624801888,1624800480,1,0,378072108,179,175,1,1,0,0,0,0
179,0.1175,15.216,0.5447,0.0073,0.5372,0.0509,0.0123,0.0012,0.1884,0.2373,0.0065,0,0.02,0.0002,0,0,0,0,0,0,0,0,0.0002,0.0076,0.0068,0.0245,0.2693,0.1433,0.1329,16.004,3,1624801888,1624806112,2,0,378072108,180,176,1,1,0,0,0,0
180,0.0354,19.8607,0.1024,0.0023,0.1,0.0883,0.0083,0.0012,0.208,0.2579,0.0068,0,0.0205,0.0002,0,0,0,0,0,0,0,0,0.0002,0.0087,0.0083,0.0309,0.2396,0.0944,0.0985,20.4343,4,1624801888,1624801184,0,0,378072108,181,177,1,1,0,0,0,0
181,0.0409,6.274,0.1019,0.0046,0.0971,0.0909,0.0026,0.0014,0.171,0.216,0.0059,0,0.0195,0.0001,0,0,0,0,0,0,0,0,0.0001,0.0072,0.004,0.017,0.1817,0.1035,0.0996,6.7942,5,1624801888,1624798368,1,0,378072108,182,178,1,1,0,0,0,0
182,0.3336,18.7629,0.0892,0.0195,0.0691,0.0537,0.011,0.0013,0.2472,0.3001,0.0065,0,0.022,0.0002,0,0,0,0,0,0,0,0,0.0002,0.0083,0.0079,0.0237,0.2717,0.1539,0.1416,19.8245,6,1624801888,1624806816,2,0,378072108,183,179,1,1,0,0,0,0
183,0.042,15.5096,0.1444,0.0049,0.1394,0.098,0.0029,0.0016,0.2047,0.2535,0.0063,0,0.021,0.0001,0,0,0,0,0,0,0,0,0.0001,0.0075,0.0039,0.0259,0.2596,0.143,0.1473,16.2378,7,1624801888,1624805408,0,0,378072108,184,180,1,1,0,0,0,0
184,0.0452,9.9649,0.1787,0.0044,0.1741,0.1645,0.0047,0.0014,0.242,0.3006,0.0071,0,0.0262,0.0002,0,0,0,0,0,0,0,0,0.0002,0.0083,0.0104,0.0184,0.1702,0.1275,0.1579,10.5858,0,1624801888,1169286944,1,0,378072108,185,181,1,1,0,0,0,0
185,0.0301,19.7695,0.0753,0.0027,0.0724,0.0673,0.0027,0.0009,0.1238,0.152,0.003,0,0.0121,0.0001,0,0,0,0,0,0,0,0,0.0001,0.0037,0.0022,0.0192,0.1785,0.1051,0.0967,20.2805,1,1624801888,1169278496,2,0,378072108,186,182,1,1,0,0,0,0
186,0.0352,7.6663,0.1424,0.0039,0.1382,0.1229,0.0108,0.0013,0.1754,0.2208,0.0061,0,0.0192,0.0001,0,0,0,0,0,0,0,0,0.0001,0.0068,0.0057,0.014,0.13,0.0999,0.1905,8.2068,2,1624801888,1624800480,0,0,378072108,187,183,1,1,0,0,0,0
187,0.0425,27.1927,0.1459,0.0045,0.1412,0.1304,0.0064,0.0009,0.1212,0.1545,0.0042,0,0.0152,0.0001,0,0,0,0,0,0,0,0,0.0001,0.0038,0.0056,0.0197,0.1927,0.1052,0.0985,27.7312,3,1624801888,1624806112,1,0,378072108,188,184,1,1,0,0,0,0
188,0.0352,29.1217,0.1214,0.0044,0.1168,0.1068,0.0061,0.0012,0.1743,0.209,0.0063,0,0.013,0.0001,0,0,0,0,0,0,0,0,0.0001,0.0038,0.002,0.0233,0.2047,0.116,0.1004,29.6819,4,1624801888,1624801184,2,0,378072108,189,185,1,1,0,0,0,0
189,0.0512,9.3874,0.1933,0.0052,0.1878,0.1692,0.014,0.0011,0.1866,0.2347,0.0062,0,0.0206,0.0001,0,0,0,0,0,0,0,0,0.0001,0.0064,0.0069,0.0173,0.1943,0.1057,0.1375,9.968,5,1624801888,1624798368,0,0,378072108,190,186,1,1,0,0,0,0
190,0.0278,26.4782,0.1082,0.003,0.1048,0.0968,0.0054,0.0007,0.1157,0.1485,0.0036,0,0.0164,0.0001,0,0,0,0,0,0,0,0,0.0001,0.004,0.0034,0.0321,0.3225,0.1791,0.1701,27.3359,6,1624801888,1624806816,1,0,378072108,191,187,1,1,0,0,0,0
191,0.0444,11.3981,0.1234,0.0043,0.1188,0.0771,0.0039,0.0008,0.136,0.1694,0.004,0,0.0151,0.0002,0,0,0,0,0,0,0,0,0.0002,0.005,0.0057,0.0155,0.1477,0.0976,0.1005,11.88,7,1624801888,1624805408,2,0,378072108,192,188,1,1,0,0,0,0
192,0.0392,22.935,0.1333,0.0045,0.1286,0.1111,0.0127,0.0014,0.2307,0.3166,0.0066,0,0.0567,0.0002,0,0,0,0,0,0,0,0,0.0002,0.0076,0.0089,0.0436,0.2485,0.158,0.2872,23.8453,0,1624801888,1169286944,0,0,378072108,193,189,1,1,0,0,0,0
193,0.0449,25.1611,0.1438,0.0046,0.1389,0.1315,0.0028,0.0017,0.1681,0.1968,0.0031,0,0.0126,0.0001,0,0,0,0,0,0,0,0,0.0001,0.0042,0.0042,0.1019,1.1405,0.7096,0.6417,28.2492,1,1624801888,1169278496,1,0,378072108,194,190,1,1,0,0,0,0
194,0.044,5.909,0.1893,0.0044,0.1847,0.1662,0.014,0.0012,0.1957,0.2448,0.0064,0,0.0199,0.0001,0,0,0,0,0,0,0,0,0.0001,0.0088,0.0089,0.0133,0.1397,0.0985,0.0939,6.3748,2,1624801888,1624800480,2,0,378072108,195,191,1,1,0,0,0,0
195,0.0369,21.3469,0.1346,0.0049,0.1295,0.1206,0.0046,0.0013,0.1758,0.2209,0.0059,0,0.0194,0.0001,0,0,0,0,0,0,0,0,0.0001,0.0069,0.0046,0.0185,0.1849,0.1074,0.1121,21.8951,3,1624801888,1624806112,0,0,378072108,196,192,1,1,0,0,0,0
196,0.0356,15.0023,0.1732,0.0042,0.1688,0.1517,0.0127,0.0014,0.1747,0.2214,0.0062,0,0.0199,0.0001,0,0,0,0,0,0,0,0,0.0001,0.007,0.0056,0.0989,0.3808,0.2378,0.2897,16.2301,4,1624801888,1624801184,1,0,378072108,197,193,1,1,0,0,0,0
197,0.0456,20.7776,0.1893,0.0048,0.1843,0.1672,0.0124,0.0014,0.2068,0.2545,0.0066,0,0.0212,0.0001,0,0,0,0,0,0,0,0,0.0001,0.0061,0.0045,0.0206,0.2076,0.1054,0.125,21.3759,5,1624801888,1624798368,2,0,378072108,198,194,1,1,0,0,0,0
198,0.0359,15.0026,0.1415,0.0044,0.1369,0.1214,0.011,0.0016,0.1748,0.221,0.0067,0,0.019,0.0001,0,0,0,0,0,0,0,0,0.0001,0.007,0.0055,0.0239,0.2626,0.2064,0.1828,15.8432,6,1624801888,1624806816,0,0,378072108,199,195,1,1,0,0,0,0
199,0.0345,14.5319,0.1347,0.0028,0.1317,0.0944,0.0084,0.0016,0.1369,0.1721,0.0038,0,0.0163,0.0001,0,0,0,0,0,0,0,0,0.0001,0.0043,0.0039,0.0259,0.2735,0.1702,0.1521,15.3048,7,1624801888,1624805408,1,0,378072108,200,196,1,1,0,0,0,0
200,0.0271,29.9413,0.0559,0.0024,0.0535,0.0481,0.003,0.0008,0.1186,0.15,0.0043,0,0.0128,0.0001,0,0,0,0,0,0,0,0,0.0001,0.0045,0.002,0.0305,0.3501,0.2045,0.2144,30.9021,0,1624801888,1169286944,2,0,378072108,201,197,1,1,0,0,0,0
201,0.0329,7.0227,0.0619,0.0026,0.0592,0.0546,0.0014,0.0008,0.1137,0.1435,0.0036,0,0.0119,0.0001,0,0,0,0,0,0,0,0,0.0001,0.0047,0.003,0.0148,0.1492,0.0982,0.16,7.5479,1,1624801888,1169278496,0,0,378072108,202,198,1,1,0,0,0,0
202,0.0417,27.8537,0.1637,0.0045,0.159,0.1433,0.0112,0.0012,0.2005,0.2512,0.0065,0,0.0235,0.0002,0,0,0,0,0,0,0,0,0.0002,0.0069,0.0089,0.0244,0.2588,0.1451,0.1405,28.5661,2,1624801888,1624800480,1,0,378072108,203,199,1,1,0,0,0,0
203,0.0489,14.8044,0.1674,0.005,0.1622,0.1521,0.0061,0.0008,0.1276,0.1635,0.0043,0,0.0161,0.0001,0,0,0,0,0,0,0,0,0.0001,0.0048,0.0041,0.0293,0.3652,0.2093,0.3526,15.9394,3,1624801888,1624806112,2,0,378072108,204,200,1,1,0,0,0,0
204,0.0498,19.7402,0.1415,0.0063,0.1347,0.1214,0.0083,0.0015,0.1729,0.2169,0.0043,0,0.0202,0.0001,0,0,0,0,0,0,0,0,0.0001,0.0052,0.0073,0.0307,0.357,0.2082,0.3085,20.8423,4,1624801888,1624801184,0,0,378072108,205,201,1,1,0,0,0,0
205,0.0379,7.2472,0.1914,0.005,0.1862,0.1639,0.0173,0.0016,0.224,0.2772,0.0073,0,0.0237,0.0002,0,0,0,0,0,0,0,0,0.0002,0.0073,0.0098,0.0265,0.1461,0.0873,0.0938,7.7419,5,1624801888,1624798368,1,0,378072108,206,202,1,1,0,0,0,0
206,0.0304,17.0336,0.092,0.0031,0.0886,0.0761,0.0076,0.0017,0.187,0.2363,0.0065,0,0.0204,0.0002,0,0,0,0,0,0,0,0,0.0002,0.008,0.0078,0.0186,0.1816,0.0986,0.0973,17.561,6,1624801888,1624806816,2,0,378072108,207,203,1,1,0,0,0,0
207,0.0354,15.6177,0.3505,0.0044,0.346,0.3025,0.0109,0.0015,0.1827,0.2301,0.0062,0,0.021,0.0001,0,0,0,0,0,0,0,0,0.0001,0.0071,0.0064,0.0264,0.3046,0.2399,0.2042,16.5775,7,1624801888,1624805408,0,0,378072108,208,204,1,1,0,0,0,0
208,0.0413,6.4981,0.1435,0.0051,0.1383,0.1308,0.0034,0.0011,0.1679,0.2047,0.0045,0,0.0169,0.0001,0,0,0,0,0,0,0,0,0.0001,0.004,0.0065,0.0158,0.1472,0.0919,0.0938,6.9606,0,1624801888,1169286944,1,0,378072108,209,205,1,1,0,0,0,0
209,0.0396,39.8542,0.132,0.0044,0.1274,0.1207,0.0035,0.0009,0.126,0.1563,0.0035,0,0.0135,0.0001,0,0,0,0,0,0,0,0,0.0001,0.0036,0.003,0.0294,0.3378,0.1761,0.1759,40.7301,1,1624801888,1169278496,2,0,378072108,210,206,1,1,0,0,0,0
210,0.0377,8.2077,0.1083,0.0024,0.1058,0.0912,0.0099,0.0013,0.1875,0.2367,0.0065,0,0.0202,0.0001,0,0,0,0,0,0,0,0,0.0001,0.0087,0.0072,0.0179,0.1736,0.0953,0.0962,8.705,2,1624801888,1624800480,0,0,378072108,211,207,1,1,0,0,0,0
211,0.0381,20.2715,0.1232,0.0042,0.1189,0.1127,0.0024,0.0012,0.1907,0.2357,0.0061,0,0.0201,0.0001,0,0,0,0,0,0,0,0,0.0001,0.007,0.0037,0.0168,0.1395,0.1008,0.1203,20.7647,3,1624801888,1624806112,1,0,378072108,212,208,1,1,0,0,0,0
212,0.0377,14.4681,0.12,0.0042,0.1156,0.1022,0.0093,0.0013,0.1863,0.2344,0.006,0,0.0192,0.0002,0,0,0,0,0,0,0,0,0.0002,0.0085,0.0054,0.0226,0.252,0.1616,0.1464,15.2008,4,1624801888,1624801184,2,0,378072108,213,209,1,1,0,0,0,0
213,0.0359,25.6103,0.1541,0.0046,0.1492,0.133,0.012,0.0012,0.2123,0.266,0.0106,0,0.0234,0.0001,0,0,0,0,0,0,0,0,0.0001,0.005,0.005,0.0288,0.3494,0.18,0.1997,26.5275,5,1624801888,1624798368,0,0,378072108,214,210,1,1,0,0,0,0
214,0.0461,7.2997,0.1554,0.0046,0.1506,0.1334,0.012,0.0018,0.1319,0.165,0.0037,0,0.0142,0,0,0,0,0,0,0,0,0,0,0.0047,0.003,0.0148,0.1405,0.1199,0.1342,7.8558,6,1624801888,1624806816,1,0,378072108,215,211,1,1,0,0,0,0
215,0.0359,20.3193,0.177,0.0042,0.1725,0.1281,0.0089,0.0012,0.1966,0.2467,0.006,0,0.0229,0.0002,0,0,0,0,0,0,0,0,0.0002,0.0074,0.0072,0.0213,0.1976,0.1062,0.1107,20.8702,7,1624801888,1624805408,2,0,378072108,216,212,1,1,0,0,0,0
216,0.0441,6.6442,0.1858,0.0045,0.1807,0.1637,0.012,0.0012,0.1843,0.2327,0.0067,0,0.0216,0.0002,0,0,0,0,0,0,0,0,0.0002,0.0071,0.0088,0.0154,0.1277,0.0932,0.0898,7.0848,0,1624801888,1169286944,0,0,378072108,217,213,1,1,0,0,0,0
217,0.0343,29.9313,0.1438,0.0043,0.1391,0.1305,0.0054,0.0007,0.1258,0.1552,0.0033,0,0.0131,0,0,0,0,0,0,0,0,0,0,0.0038,0.003,0.0227,0.2046,0.1003,0.1183,30.4946,1,1624801888,1169278496,1,0,378072108,218,214,1,1,0,0,0,0
218,0.0264,13.1637,0.1022,0.0022,0.0998,0.0917,0.0046,0.0016,0.1681,0.2116,0.0059,0,0.0186,0.0001,0,0,0,0,0,0,0,0,0.0001,0.0071,0.0041,0.0365,0.4793,0.3423,0.2473,14.4631,2,1624801888,1624800480,2,0,378072108,219,215,1,1,0,0,0,0
219,0.0406,19.3507,0.1801,0.0047,0.1752,0.1628,0.0092,0.0008,0.1364,0.1687,0.0038,0,0.0143,0,0,0,0,0,0,0,0,0,0,0.0041,0.0033,0.0202,0.1861,0.1026,0.1648,19.9423,3,1624801888,1624806112,0,0,378072108,220,216,1,1,0,0,0,0
220,0.0352,14.8216,0.1721,0.0041,0.1675,0.1521,0.0113,0.0013,0.1739,0.2225,0.0065,0,0.02,0.0001,0,0,0,0,0,0,0,0,0.0001,0.0076,0.0087,0.0212,0.2531,0.1699,0.2587,15.6778,4,1624801888,1624801184,1,0,378072108,221,217,1,1,0,0,0,0
221,0.0436,28.037,0.1898,0.0044,0.1851,0.1666,0.0132,0.0016,0.2147,0.2647,0.0073,0,0.0193,0.0001,0,0,0,0,0,0,0,0,0.0001,0.0093,0.0073,0.025,0.3203,0.1824,0.2769,29.016,5,1624801888,1624798368,2,0,378072108,222,218,1,1,0,0,0,0
222,0.0438,7.7424,0.1532,0.0047,0.1483,0.132,0.0121,0.0013,0.1906,0.2388,0.0069,0,0.0201,0.0001,0,0,0,0,0,0,0,0,0.0001,0.0079,0.0057,0.0204,0.1678,0.0977,0.1035,8.2492,6,1624801888,1624806816,0,0,378072108,223,219,1,1,0,0,0,0
223,0.0468,15.9585,0.239,0.0049,0.2339,0.1682,0.0288,0.0019,0.2294,0.2865,0.008,0,0.0258,0.0002,0,0,0,0,0,0,0,0,0.0002,0.0085,0.0093,0.0228,0.2011,0.0966,0.1146,16.5173,7,1624801888,1624805408,1,0,378072108,224,220,1,1,0,0,0,0
224,0.033,12.7584,0.0538,0.0027,0.0509,0.0463,0.0015,0.0007,0.1225,0.1511,0.0032,0,0.0121,0,0,0,0,0,0,0,0,0,0,0.0037,0.0026,0.0182,0.1863,0.1185,0.117,13.308,0,1624801888,1169286944,2,0,378072108,225,221,1,1,0,0,0,0
225,0.0409,26.8145,0.1701,0.0043,0.1657,0.1491,0.0119,0.0012,0.213,0.2624,0.0062,0,0.0216,0.0003,0,0,0,0,0,0,0,0,0.0003,0.0077,0.008,0.0268,0.335,0.1905,0.1939,27.7316,1,1624801888,1169278496,0,0,378072108,226,222,1,1,0,0,0,0
226,0.3319,6.5658,0.0626,0.0153,0.0468,0.04,0.0037,0.001,0.1249,0.1628,0.0042,0,0.0168,0.0001,0,0,0,0,0,0,0,0,0.0001,0.0051,0.0031,0.014,0.1283,0.1007,0.1132,7.3282,2,1624801888,1624800480,1,0,378072108,227,223,1,1,0,0,0,0
227,0.0351,20.9814,0.1189,0.0041,0.1146,0.1084,0.0032,0.0007,0.111,0.1416,0.0031,0,0.0134,0.0001,0,0,0,0,0,0,0,0,0.0001,0.0038,0.0026,0.0254,0.2326,0.1078,0.1069,21.5785,3,1624801888,1624806112,2,0,378072108,228,224,1,1,0,0,0,0
228,0.0386,7.8631,0.1146,0.0042,0.1099,0.1048,0.0016,0.0009,0.1105,0.1419,0.0035,0,0.0129,0.0001,0,0,0,0,0,0,0,0,0.0001,0.0039,0.0046,0.022,0.1796,0.11,0.1139,8.4149,4,1624801888,1624801184,0,0,378072108,229,225,1,1,0,0,0,0
229,0.0338,28.8001,0.0509,0.0024,0.0484,0.0435,0.0026,0.0006,0.1219,0.1499,0.003,0,0.0117,0,0,0,0,0,0,0,0,0,0,0.0039,0.0023,0.0186,0.1907,0.0979,0.126,29.3471,5,1624801888,1624798368,1,0,378072108,230,226,1,1,0,0,0,0
230,0.0277,6.8977,0.0903,0.0023,0.0878,0.0817,0.0031,0.0008,0.1093,0.1405,0.0032,0,0.0141,0,0,0,0,0,0,0,0,0,0,0.0037,0.004,0.0185,0.1662,0.105,0.1902,7.5032,6,1624801888,1624806816,2,0,378072108,231,227,1,1,0,0,0,0
231,0.0355,33.9127,0.2045,0.0044,0.1999,0.1496,0.014,0.0015,0.2362,0.2897,0.007,0,0.0242,0.0002,0,0,0,0,0,0,0,0,0.0002,0.0081,0.0091,0.0243,0.2721,0.19,0.2924,34.876,7,1624801888,1624805408,0,0,378072108,232,228,1,1,0,0,0,0
232,0.0415,11.7302,0.1541,0.0049,0.149,0.1382,0.0069,0.0009,0.1221,0.1528,0.0035,0,0.0134,0.0001,0,0,0,0,0,0,0,0,0.0001,0.004,0.0031,0.0191,0.1868,0.1092,0.1972,12.3699,0,1624801888,1169286944,1,0,378072108,233,229,1,1,0,0,0,0
233,0.0413,25.4536,0.1454,0.0044,0.1407,0.1306,0.0061,0.0009,0.119,0.1521,0.004,0,0.0146,0.0001,0,0,0,0,0,0,0,0,0.0001,0.0041,0.0059,0.0231,0.2734,0.1564,0.1498,26.2186,1,1624801888,1169278496,2,0,378072108,234,230,1,1,0,0,0,0
234,0.0387,14.6155,0.136,0.005,0.1306,0.1232,0.0039,0.0009,0.1181,0.1498,0.0035,0,0.0133,0,0,0,0,0,0,0,0,0,0,0.0045,0.0026,0.0265,0.2995,0.1824,0.1809,15.4677,2,1624801888,1624800480,0,0,378072108,235,231,1,1,0,0,0,0
235,0.037,20.5937,0.137,0.0044,0.1323,0.124,0.0043,0.001,0.1367,0.1719,0.0037,0,0.0147,0.0001,0,0,0,0,0,0,0,0,0.0001,0.0044,0.003,0.0212,0.2445,0.1718,0.1428,21.3288,3,1624801888,1624806112,1,0,378072108,236,232,1,1,0,0,0,0
236,0.0391,17.6015,0.1485,0.0049,0.1434,0.1351,0.0044,0.0011,0.1395,0.1744,0.0038,0,0.0155,0.0001,0,0,0,0,0,0,0,0,0.0001,0.0044,0.003,0.0217,0.2757,0.1978,0.2094,18.4719,4,1624801888,1624801184,2,0,378072108,237,233,1,1,0,0,0,0
237,0.0466,15.1437,0.116,0.0045,0.1114,0.1053,0.0023,0.0015,0.1368,0.1675,0.0037,0,0.0121,0.0001,0,0,0,0,0,0,0,0,0.0001,0.0046,0.0034,0.0247,0.3019,0.1817,0.1952,16.0161,5,1624801888,1624798368,0,0,378072108,238,234,1,1,0,0,0,0
238,0.0402,16.9413,0.1456,0.0045,0.1408,0.1326,0.0043,0.0009,0.1476,0.1875,0.0038,0,0.0163,0,0,0,0,0,0,0,0,0,0,0.0048,0.0036,0.0221,0.2421,0.1655,0.1617,17.6853,6,1624801888,1624806816,1,0,378072108,239,235,1,1,0,0,0,0
239,0.0343,18.1641,0.1473,0.0025,0.1447,0.0986,0.0035,0.0012,0.1666,0.2039,0.0036,0,0.0181,0.0001,0,0,0,0,0,0,0,0,0.0001,0.0047,0.0035,0.0188,0.1846,0.1007,0.1011,18.678,7,1624801888,1624805408,2,0,378072108,240,236,1,1,0,0,0,0
240,0.0338,18.0013,0.107,0.0028,0.104,0.0946,0.0059,0.0012,0.129,0.1645,0.0034,0,0.0168,0.0001,0,0,0,0,0,0,0,0,0.0001,0.0039,0.0034,0.0278,0.2834,0.1807,0.1898,18.8446,0,1624801888,1169286944,0,0,378072108,241,237,1,1,0,0,0,0
241,0.0454,17.544,0.1072,0.0051,0.102,0.0928,0.0057,0.0013,0.2064,0.2579,0.0073,0,0.0209,0.0001,0,0,0,0,0,0,0,0,0.0001,0.0073,0.0056,0.0273,0.3035,0.2204,0.1646,18.4278,1,1624801888,1169278496,1,0,378072108,242,238,1,1,0,0,0,0
242,0.0415,19.6355,0.1625,0.0048,0.1574,0.1399,0.0127,0.0015,0.2162,0.2711,0.0074,0,0.0219,0.0005,0,0,0,0,0,0,0,0,0.0005,0.0081,0.0062,0.0284,0.3093,0.2142,0.2986,20.6724,2,1624801888,1624800480,2,0,378072108,243,239,1,1,0,0,0,0
243,0.0372,8.0261,0.1602,0.0048,0.1552,0.1397,0.0113,0.0013,0.1804,0.2287,0.007,0,0.0208,0.0001,0,0,0,0,0,0,0,0,0.0001,0.0073,0.0059,0.0158,0.1339,0.0993,0.1031,8.4983,3,1624801888,1624806112,0,0,378072108,244,240,1,1,0,0,0,0
244,0.0336,6.3558,0.0962,0.0032,0.0928,0.0808,0.0075,0.0013,0.1839,0.2305,0.0065,0,0.0197,0.0001,0,0,0,0,0,0,0,0,0.0001,0.0081,0.0088,0.0157,0.1787,0.1386,0.1661,7.0162,4,1624801888,1624801184,1,0,378072108,245,241,1,1,0,0,0,0
245,0.0364,24.9493,0.077,0.0027,0.0742,0.0696,0.0015,0.0007,0.1384,0.171,0.0033,0,0.0146,0,0,0,0,0,0,0,0,0,0,0.0048,0.004,0.0249,0.2855,0.1481,0.207,25.7491,5,1624801888,1624798368,2,0,378072108,246,242,1,1,0,0,0,0
246,0.0392,14.3161,0.1333,0.0049,0.1282,0.1217,0.0026,0.0014,0.1813,0.2229,0.0065,0,0.0164,0.0001,0,0,0,0,0,0,0,0,0.0001,0.0057,0.0035,0.0256,0.2883,0.1875,0.1988,15.1812,6,1624801888,1624806816,0,0,378072108,247,243,1,1,0,0,0,0
247,0.1347,17.6375,0.315,0.0088,0.305,0.0361,0.0035,0.0013,0.151,0.1933,0.0041,0,0.0191,0.0001,0,0,0,0,0,0,0,0,0.0001,0.0051,0.0062,0.0382,0.3101,0.1756,0.1594,18.5883,7,1624801888,1624805408,1,0,378072108,248,244,1,1,0,0,0,0
248,0.0451,11.289,0.1651,0.0043,0.1606,0.1502,0.0064,0.0007,0.1249,0.1587,0.0038,0,0.0149,0.0002,0,0,0,0,0,0,0,0,0.0002,0.0036,0.0062,0.0182,0.2054,0.0989,0.1676,11.9023,0,1624801888,1169286944,2,0,378072108,249,245,1,1,0,0,0,0
249,0.0434,17.3392,0.0803,0.0043,0.0759,0.0605,0.0116,0.0013,0.1945,0.2399,0.006,0,0.0196,0.0002,0,0,0,0,0,0,0,0,0.0002,0.0067,0.0066,0.019,0.1511,0.1055,0.1189,17.8675,1,1624801888,1169278496,0,0,378072108,250,246,1,1,0,0,0,0
250,0.0378,6.5257,0.1357,0.0044,0.131,0.1209,0.006,0.0012,0.168,0.2162,0.0065,0,0.0208,0.0002,0,0,0,0,0,0,0,0,0.0002,0.0075,0.0055,0.0168,0.1536,0.1049,0.0988,7.0122,2,1624801888,1624800480,1,0,378072108,251,247,1,1,0,0,0,0
251,0.0377,35.6698,0.1369,0.0044,0.1323,0.1235,0.0047,0.0015,0.1935,0.2388,0.0061,0,0.0192,0.0001,0,0,0,0,0,0,0,0,0.0001,0.0074,0.004,0.0243,0.3123,0.2139,0.1766,36.5672,3,1624801888,1624806112,2,0,378072108,252,248,1,1,0,0,0,0
252,0.0396,14.5964,0.1878,0.0045,0.183,0.1666,0.0117,0.0014,0.1938,0.2436,0.0066,0,0.0209,0.0001,0,0,0,0,0,0,0,0,0.0001,0.0075,0.0066,0.0273,0.3031,0.181,0.3084,15.5883,4,1624801888,1624801184,0,0,378072108,253,249,1,1,0,0,0,0
253,0.0345,10.6724,0.0591,0.0024,0.0565,0.05,0.0032,0.0009,0.1378,0.1699,0.0036,0,0.0142,0.0001,0,0,0,0,0,0,0,0,0.0001,0.004,0.0019,0.0167,0.16,0.1003,0.1573,11.2141,5,1624801888,1624798368,1,0,378072108,254,250,1,1,0,0,0,0
254,0.0321,26.149,0.086,0.0023,0.0836,0.0794,0.0014,0.0009,0.1446,0.1933,0.0072,0,0.0204,0.0001,0,0,0,0,0,0,0,0,0.0001,0.0071,0.0046,0.0259,0.2675,0.1527,0.2491,26.9775,6,1624801888,1624806816,2,0,378072108,255,251,1,1,0,0,0,0
255,0.0378,15.1862,0.1889,0.0049,0.1838,0.1416,0.0061,0.0009,0.1322,0.1634,0.004,0,0.0141,0.0001,0,0,0,0,0,0,0,0,0.0001,0.0042,0.003,0.0265,0.2969,0.1475,0.1497,15.9525,7,1624801888,1624805408,0,0,378072108,256,252,1,1,0,0,0,0
256,0.0334,18.165,0.0582,0.0021,0.056,0.052,0.0013,0.0009,0.1267,0.1587,0.0034,0,0.0142,0,0,0,0,0,0,0,0,0,0,0.0043,0.0019,0.0223,0.2577,0.1666,0.162,18.9137,0,1624801888,1169286944,1,0,378072108,257,253,1,1,0,0,0,0
257,0.0395,17.8182,0.2421,0.0051,0.2368,0.164,0.0151,0.0013,0.2297,0.2819,0.0068,0,0.0227,0.0001,0,0,0,0,0,0,0,0,0.0001,0.0075,0.0081,0.0225,0.3024,0.1934,0.1696,18.6642,1,1624801888,1169278496,2,0,378072108,258,254,1,1,0,0,0,0
258,0.3691,15.9634,0.0869,0.0216,0.065,0.0541,0.0047,0.0012,0.1527,0.1926,0.004,0,0.0174,0,0,0,0,0,0,0,0,0,0,0.0055,0.0031,0.0262,0.2855,0.1566,0.1367,17.0421,2,1624801888,1624800480,0,0,378072108,259,255,1,1,0,0,0,0
259,0.031,15.7961,0.0624,0.0023,0.0599,0.0533,0.0036,0.0011,0.1357,0.1687,0.0036,0,0.0145,0.0001,0,0,0,0,0,0,0,0,0.0001,0.0039,0.0036,0.0249,0.2925,0.161,0.1703,16.5832,3,1624801888,1624806112,1,0,378072108,260,256,1,1,0,0,0,0
260,0.0365,17.8217,0.1034,0.0031,0.1002,0.0946,0.0024,0.0011,0.1517,0.185,0.0038,0,0.014,0,0,0,0,0,0,0,0,0,0,0.0041,0.0023,0.0302,0.281,0.1719,0.1533,18.6008,4,1624801888,1624801184,2,0,378072108,261,257,1,1,0,0,0,0
261,0.0427,16.6918,0.1417,0.0055,0.1361,0.1195,0.0105,0.0013,0.217,0.2697,0.007,0,0.0215,0.0001,0,0,0,0,0,0,0,0,0.0001,0.0083,0.0061,0.0206,0.2617,0.1607,0.1752,17.4584,5,1624801888,1624798368,0,0,378072108,262,258,1,1,0,0,0,0
262,0.0411,18.3282,0.1514,0.0049,0.1463,0.1363,0.0052,0.0014,0.2014,0.2528,0.0071,0,0.0217,0.0001,0,0,0,0,0,0,0,0,0.0001,0.008,0.0045,0.0265,0.2916,0.2658,0.1619,19.2373,6,1624801888,1624806816,1,0,378072108,263,259,1,1,0,0,0,0
263,0.0464,15.6058,0.1406,0.0049,0.1352,0.0923,0.0028,0.0014,0.2723,0.3252,0.0064,0,0.0236,0.0001,0,0,0,0,0,0,0,0,0.0001,0.0078,0.0053,0.022,0.2548,0.1992,0.1938,16.4629,7,1624801888,1624805408,2,0,378072108,264,260,1,1,0,0,0,0
264,0.0296,6.9287,0.0544,0.0021,0.0522,0.0456,0.0033,0.0011,0.1225,0.159,0.0042,0,0.0141,0.0002,0,0,0,0,0,0,0,0,0.0002,0.0039,0.0043,0.0158,0.1374,0.1086,0.105,7.3913,0,1624801888,1169286944,0,0,378072108,265,261,1,1,0,0,0,0
265,0.0359,42.7689,0.1128,0.002,0.1107,0.0975,0.009,0.0013,0.206,0.2538,0.0057,0,0.0217,0.0001,0,0,0,0,0,0,0,0,0.0001,0.0072,0.0088,0.0278,0.3474,0.1973,0.1707,43.6642,1,1624801888,1169278496,1,0,378072108,266,262,1,1,0,0,0,0
266,0.0442,8.1447,0.1485,0.0043,0.1439,0.1344,0.0052,0.0007,0.1252,0.1589,0.0039,0,0.0152,0.0001,0,0,0,0,0,0,0,0,0.0001,0.0036,0.0055,0.0173,0.1609,0.1163,0.1224,8.6883,2,1624801888,1624800480,2,0,378072108,267,263,1,1,0,0,0,0
267,0.0341,6.9382,0.0882,0.0038,0.0843,0.0739,0.0068,0.0013,0.1423,0.1816,0.0052,0,0.0172,0.0001,0,0,0,0,0,0,0,0,0.0001,0.0055,0.0046,0.0185,0.1849,0.0989,0.0967,7.4416,3,1624801888,1624806112,0,0,378072108,268,264,1,1,0,0,0,0
268,0.2011,10.3895,0.0574,0.0154,0.0417,0.0354,0.0037,0.0007,0.1103,0.1437,0.0038,0,0.0137,0.0001,0,0,0,0,0,0,0,0,0.0001,0.0037,0.0048,0.0167,0.1652,0.1111,0.0906,11.0444,4,1624801888,1624801184,1,0,378072108,269,265,1,1,0,0,0,0
269,0.5277,10.3606,0.0604,0.004,0.0562,0.0432,0.0099,0.0007,0.1371,0.1692,0.0033,0,0.0143,0.0001,0,0,0,0,0,0,0,0,0.0001,0.0041,0.0028,0.017,0.1495,0.1059,0.1683,11.4038,5,1624801888,1624798368,2,0,378072108,270,266,1,1,0,0,0,0
270,0.0384,18.7043,0.0878,0.0043,0.0833,0.0766,0.0025,0.0015,0.1767,0.2213,0.0059,0,0.0184,0.0001,0,0,0,0,0,0,0,0,0.0001,0.0073,0.0038,0.0179,0.1647,0.1022,0.1002,19.1926,6,1624801888,1624806816,0,0,378072108,271,267,1,1,0,0,0,0
271,0.0405,15.6562,0.1835,0.0045,0.1788,0.1357,0.0065,0.0008,0.1509,0.1996,0.0041,0,0.0226,0.0001,0,0,0,0,0,0,0,0,0.0001,0.0054,0.0076,0.0291,0.2922,0.1766,0.237,16.5495,7,1624801888,1624805408,1,0,378072108,272,268,1,1,0,0,0,0
272,0.0428,18.7518,0.0962,0.0025,0.0936,0.0886,0.0018,0.0011,0.1433,0.1748,0.0034,0,0.014,0,0,0,0,0,0,0,0,0,0,0.0039,0.002,0.0325,0.1785,0.1134,0.1767,19.3707,0,1624801888,1169286944,2,0,378072108,273,269,1,1,0,0,0,0
273,0.0301,6.0262,0.0622,0.0023,0.0598,0.0555,0.0015,0.0007,0.1093,0.1364,0.0033,0,0.0118,0.0001,0,0,0,0,0,0,0,0,0.0001,0.0037,0.002,0.0139,0.1238,0.0907,0.1054,6.4935,1,1624801888,1169278496,0,0,378072108,274,270,1,1,0,0,0,0
274,0.1558,31.8974,0.5857,0.0185,0.5665,0.5208,0.0288,0.0052,0.6204,0.764,0.018,0,0.0697,0.0004,0,0,0,0,0,0,0,0,0.0004,0.0204,0.0171,0.0176,0.1982,0.1207,0.1593,32.6712,2,1624801888,1624800480,1,0,378072108,275,271,1,1,0,0,0,0
275,0.0298,14.5057,0.087,0.0022,0.0846,0.0787,0.0029,0.0014,0.1142,0.1441,0.0031,0,0.0124,0,0,0,0,0,0,0,0,0,0,0.0039,0.0021,0.0237,0.227,0.1723,0.1388,15.1827,3,1624801888,1624806112,2,0,378072108,276,272,1,1,0,0,0,0
276,0.0311,22.6347,0.0731,0.003,0.0699,0.0659,0.0013,0.0008,0.1359,0.1673,0.0035,0,0.0141,0.0001,0,0,0,0,0,0,0,0,0.0001,0.0042,0.002,0.0215,0.2525,0.1371,0.1319,23.2971,4,1624801888,1624801184,0,0,378072108,277,273,1,1,0,0,0,0
277,0.0375,16.7359,0.16,0.0047,0.155,0.1381,0.0116,0.0016,0.2056,0.2605,0.0064,0,0.0224,0.0002,0,0,0,0,0,0,0,0,0.0002,0.0091,0.0096,0.0224,0.2291,0.1506,0.1544,17.4156,5,1624801888,1624798368,1,0,378072108,278,274,1,1,0,0,0,0
278,0.0371,15.6483,0.0848,0.0031,0.0814,0.0736,0.0038,0.0013,0.1419,0.1777,0.0038,0,0.0161,0,0,0,0,0,0,0,0,0,0,0.0046,0.0042,0.021,0.2754,0.155,0.1467,16.3811,6,1624801888,1624806816,2,0,378072108,279,275,1,1,0,0,0,0
279,0.042,29.55,0.1089,0.0026,0.1061,0.0743,0.0038,0.001,0.1999,0.2391,0.004,0,0.0171,0.0002,0,0,0,0,0,0,0,0,0.0002,0.0043,0.0071,0.0178,0.1659,0.0932,0.1146,30.0537,7,1624801888,1624805408,0,0,378072108,280,276,1,1,0,0,0,0
280,0.0389,6.3827,0.1483,0.0048,0.1433,0.1319,0.0081,0.0006,0.1183,0.1488,0.0032,0,0.0133,0,0,0,0,0,0,0,0,0,0,0.0039,0.004,0.0171,0.1579,0.0957,0.0964,6.8569,0,1624801888,1169286944,1,0,378072108,281,277,1,1,0,0,0,0
281,0.0351,8.5374,0.0733,0.0025,0.0707,0.0651,0.0029,0.0007,0.1254,0.1553,0.0031,0,0.0133,0,0,0,0,0,0,0,0,0,0,0.004,0.0019,0.0258,0.1324,0.1006,0.1025,9.0013,1,1624801888,1169278496,2,0,378072108,282,278,1,1,0,0,0,0
282,0.0364,42.0606,0.0722,0.0025,0.0691,0.0648,0.0017,0.0008,0.1281,0.1595,0.0031,0,0.0139,0,0,0,0,0,0,0,0,0,0,0.0046,0.0036,0.0831,0.414,0.277,0.1479,43.1218,2,1624801888,1624800480,0,0,378072108,283,279,1,1,0,0,0,0
283,0.0447,6.9362,0.1911,0.0046,0.1863,0.1686,0.0128,0.0016,0.197,0.2471,0.0065,0,0.0215,0.0001,0,0,0,0,0,0,0,0,0.0001,0.0077,0.0061,0.018,0.1746,0.0971,0.1047,7.4457,3,1624801888,1624806112,1,0,378072108,284,280,1,1,0,0,0,0
284,0.0374,6.4452,0.1363,0.0041,0.132,0.1254,0.0025,0.0014,0.17,0.2152,0.0062,0,0.0192,0.0001,0,0,0,0,0,0,0,0,0.0001,0.007,0.0033,0.015,0.1437,0.0972,0.0999,6.9011,4,1624801888,1624801184,2,0,378072108,285,281,1,1,0,0,0,0
285,0.2388,24.3222,0.0565,0.018,0.0383,0.032,0.0029,0.0008,0.1199,0.1522,0.0045,0,0.0137,0,0,0,0,0,0,0,0,0,0,0.0046,0.0022,0.0233,0.2631,0.1647,0.1512,25.2655,5,1624801888,1624798368,0,0,378072108,286,282,1,1,0,0,0,0
286,0.0449,6.7699,0.1813,0.0045,0.1767,0.16,0.0122,0.0013,0.2282,0.2782,0.0067,0,0.0208,0.0002,0,0,0,0,0,0,0,0,0.0002,0.0085,0.0073,0.0532,0.8853,0.6356,1.034,9.876,6,1624801888,1624806816,1,0,378072108,287,283,1,1,0,0,0,0
287,0.0424,25.3497,0.1999,0.005,0.1946,0.148,0.0079,0.0009,0.2617,0.2996,0.0039,0,0.0177,0.0002,0,0,0,0,0,0,0,0,0.0002,0.0048,0.007,0.0217,0.2328,0.0986,0.1014,25.9283,7,1624801888,1624805408,2,0,378072108,288,284,1,1,0,0,0,0
288,0.2062,6.5746,0.0592,0.0037,0.0552,0.0473,0.0052,0.0007,0.1251,0.1538,0.0029,0,0.013,0.0001,0,0,0,0,0,0,0,0,0.0001,0.0037,0.0016,0.0147,0.1339,0.0992,0.1144,7.2046,0,1624801888,1169286944,0,0,378072108,289,285,1,1,0,0,0,0
289,0.1434,14.7899,0.4227,0.0184,0.4041,0.2348,0.0008,0.0007,0.1349,0.1691,0.0037,0,0.0156,0.0001,0,0,0,0,0,0,0,0,0.0001,0.0037,0.005,0.0164,0.1542,0.095,0.0987,15.3672,1,1624801888,1169278496,1,0,378072108,290,286,1,1,0,0,0,0
290,0.0361,18.2855,0.1903,0.0042,0.186,0.1709,0.0107,0.0015,0.1921,0.2383,0.0059,0,0.0191,0.0004,0,0,0,0,0,0,0,0,0.0004,0.0071,0.0064,0.021,0.1884,0.1162,0.1702,18.8952,2,1624801888,1624800480,2,0,378072108,291,287,1,1,0,0,0,0
291,0.035,14.5019,0.1234,0.0044,0.1189,0.105,0.0095,0.0014,0.178,0.2249,0.0062,0,0.0191,0.0001,0,0,0,0,0,0,0,0,0.0001,0.0072,0.0051,0.0217,0.2643,0.2025,0.1618,15.2928,3,1624801888,1624806112,0,0,378072108,292,288,1,1,0,0,0,0
292,0.0285,28.4485,0.1153,0.0028,0.1122,0.1019,0.0067,0.001,0.1315,0.1667,0.0036,0,0.0161,0.0002,0,0,0,0,0,0,0,0,0.0002,0.0052,0.0046,0.0255,0.2912,0.1607,0.1525,29.2004,4,1624801888,1624801184,1,0,378072108,293,289,1,1,0,0,0,0
293,0.0382,14.1229,0.1553,0.0046,0.1504,0.1399,0.0071,0.0007,0.115,0.1451,0.0033,0,0.0132,0.0001,0,0,0,0,0,0,0,0,0.0001,0.004,0.0027,0.0269,0.3017,0.1972,0.1974,15.0029,5,1624801888,1624798368,2,0,378072108,294,290,1,1,0,0,0,0
294,0.0394,21.4133,0.1371,0.0045,0.1325,0.1237,0.0048,0.0014,0.1976,0.2494,0.0067,0,0.0214,0.0002,0,0,0,0,0,0,0,0,0.0002,0.0088,0.008,0.0214,0.2368,0.1909,0.1542,22.155,6,1624801888,1624806816,0,0,378072108,295,291,1,1,0,0,0,0
295,0.0394,17.1895,0.1913,0.0049,0.1862,0.1308,0.0149,0.0012,0.2388,0.2936,0.0073,0,0.0252,0.0002,0,0,0,0,0,0,0,0,0.0002,0.0081,0.0085,0.3388,0.9705,0.4752,0.3028,19.538,7,1624801888,1624805408,1,0,378072108,296,292,1,1,0,0,0,0
296,0.0479,6.5113,0.1566,0.0054,0.1509,0.1331,0.0123,0.0014,0.1991,0.2484,0.0066,0,0.02,0.0001,0,0,0,0,0,0,0,0,0.0001,0.0079,0.0056,0.0209,0.1924,0.1148,0.0971,7.0512,0,1624801888,1169286944,2,0,378072108,297,293,1,1,0,0,0,0
297,0.036,16.7014,0.1198,0.0043,0.1153,0.1088,0.0033,0.0006,0.1132,0.1408,0.0031,0,0.0117,0.0001,0,0,0,0,0,0,0,0,0.0001,0.0037,0.0029,0.0211,0.1779,0.118,0.1142,17.2444,1,1624801888,1169278496,0,0,378072108,298,294,1,1,0,0,0,0
298,0.0348,7.275,0.1455,0.0044,0.1409,0.126,0.0107,0.0013,0.1763,0.2213,0.0061,0,0.0186,0.0002,0,0,0,0,0,0,0,0,0.0002,0.0071,0.0051,0.0158,0.1314,0.1232,0.102,7.7489,2,1624801888,1624800480,1,0,378072108,299,295,1,1,0,0,0,0
299,0.0289,35.8535,0.056,0.0022,0.0537,0.0496,0.0015,0.0009,0.1142,0.1426,0.0031,0,0.012,0,0,0,0,0,0,0,0,0,0,0.0041,0.002,0.024,0.2527,0.1493,0.1773,36.5796,3,1624801888,1624806112,2,0,378072108,300,296,1,1,0,0,0,0
300,0.0396,746.401,0.1472,0.0046,0.1424,0.1275,0.011,0.001,0.1193,0.1535,0.0033,0,0.0154,0,0,0,0,0,0,0,0,0,0,0.0042,0.0036,0.1537,0.4263,0.2372,0.2341,747.663,4,1624801888,1624801184,0,0,378072108,301,297,1,1,0,0,0,0
301,0.0487,15.2391,0.1965,0.0051,0.1913,0.1735,0.0128,0.0013,0.3948,0.4481,0.0073,0,0.0231,0.0001,0,0,0,0,0,0,0,0,0.0001,0.0081,0.0062,0.0345,0.2177,0.1177,0.1241,15.8724,5,1624801888,1624798368,1,0,378072108,302,298,1,1,0,0,0,0
302,0.045,7.5569,0.1896,0.0045,0.1849,0.1679,0.0125,0.0012,0.2894,0.3193,0.0032,0,0.0133,0.0001,0,0,0,0,0,0,0,0,0.0001,0.0037,0.003,0.0182,0.1686,0.1139,0.1971,8.1777,6,1624801888,1624806816,2,0,378072108,303,299,1,1,0,0,0,0
303,0.0399,23.031,0.1561,0.0054,0.1504,0.108,0.0023,0.0011,0.1801,0.2354,0.0072,0,0.026,0.0003,0,0,0,0,0,0,0,0,0.0003,0.0076,0.008,0.0561,0.3367,0.1853,0.2052,23.9769,7,1624801888,1624805408,0,0,378072108,304,300,1,1,0,0,0,0
304,0.0368,58.7242,0.126,0.0026,0.1232,0.1075,0.0113,0.0014,0.2595,0.316,0.0072,0,0.0254,0.0002,0,0,0,0,0,0,0,0,0.0002,0.0077,0.0091,0.016,0.2088,0.1292,0.2554,59.4717,0,1624801888,1169286944,1,0,378072108,305,301,1,1,0,0,0,0
305,0.0437,8.0552,0.1624,0.0049,0.1573,0.1408,0.0121,0.0014,0.3487,0.4012,0.0064,0,0.0219,0.0001,0,0,0,0,0,0,0,0,0.0001,0.0075,0.0071,0.0179,0.1898,0.1345,0.1169,8.6535,1,1624801888,1169278496,2,0,378072108,306,302,1,1,0,0,0,0
306,0.0285,13.9918,0.0668,0.0021,0.0645,0.0606,0.0016,0.0009,0.1089,0.1378,0.0032,0,0.0122,0,0,0,0,0,0,0,0,0,0,0.0035,0.0025,0.0297,0.3648,0.2295,0.1822,14.9926,2,1624801888,1624800480,0,0,378072108,307,303,1,1,0,0,0,0
307,0.4019,12.497,0.0632,0.0087,0.0543,0.0372,0.0133,0.0013,0.1841,0.2349,0.0072,0,0.0215,0.0001,0,0,0,0,0,0,0,0,0.0001,0.0077,0.0061,0.0177,0.1884,0.099,0.1045,13.3931,3,1624801888,1624806112,1,0,378072108,308,304,1,1,0,0,0,0
308,0.0348,32.2207,0.1392,0.0045,0.1346,0.1282,0.0025,0.0013,0.1825,0.2278,0.006,0,0.0198,0.0001,0,0,0,0,0,0,0,0,0.0001,0.007,0.0044,0.0212,0.2395,0.1093,0.1305,32.8699,4,1624801888,1624801184,2,0,378072108,309,305,1,1,0,0,0,0
309,0.0721,7.1087,0.2327,0.0037,0.2288,0.0226,0.0062,0.0006,0.1147,0.146,0.0042,0,0.0131,0,0,0,0,0,0,0,0,0,0,0.0034,0.0046,0.0143,0.1383,0.0976,0.1022,7.6098,5,1624801888,1624798368,0,0,378072108,310,306,1,1,0,0,0,0
310,0.0455,10.3144,0.1532,0.0048,0.148,0.1399,0.0032,0.0016,0.2356,0.2877,0.0064,0,0.0232,0.0002,0,0,0,0,0,0,0,0,0.0002,0.0079,0.0065,0.0173,0.1698,0.0953,0.1152,10.8387,6,1624801888,1624806816,1,0,378072108,311,307,1,1,0,0,0,0
311,0.0363,36.2045,0.132,0.0043,0.1276,0.0911,0.0025,0.0013,0.194,0.2387,0.0058,0,0.0187,0.0001,0,0,0,0,0,0,0,0,0.0001,0.007,0.005,0.0232,0.2029,0.093,0.0957,36.7416,7,1624801888,1624805408,2,0,378072108,312,308,1,1,0,0,0,0
312,0.0286,7.2388,0.0689,0.0025,0.0663,0.0621,0.0017,0.0008,0.1049,0.132,0.0031,0,0.0117,0,0,0,0,0,0,0,0,0,0,0.0038,0.0031,0.0148,0.1525,0.1008,0.1153,7.7298,0,1624801888,1169286944,0,0,378072108,313,309,1,1,0,0,0,0
313,0.0372,19.2509,0.1614,0.0041,0.1571,0.142,0.0107,0.0013,0.2092,0.2612,0.0072,0,0.0208,0.0002,0,0,0,0,0,0,0,0,0.0002,0.008,0.0073,0.0293,0.3556,0.2061,0.1957,20.2218,1,1624801888,1169278496,1,0,378072108,314,310,1,1,0,0,0,0
314,0.0371,27.6143,0.152,0.0044,0.1474,0.132,0.0113,0.0013,0.1988,0.2465,0.0064,0,0.0198,0.0002,0,0,0,0,0,0,0,0,0.0002,0.0073,0.0104,0.0818,1.0252,1.0601,0.7757,31.0762,2,1624801888,1624800480,2,0,378072108,315,311,1,1,0,0,0,0
315,0.0307,8.8226,0.1143,0.0028,0.1113,0.1013,0.0071,0.001,0.1339,0.1687,0.0041,0,0.0152,0.0002,0,0,0,0,0,0,0,0,0.0002,0.0047,0.0038,0.0171,0.1461,0.0963,0.0968,9.2875,3,1624801888,1624806112,0,0,378072108,316,312,1,1,0,0,0,0
316,0.0346,14.5532,0.1272,0.0044,0.1226,0.1158,0.0033,0.0008,0.1156,0.1453,0.0033,0,0.0125,0.0001,0,0,0,0,0,0,0,0,0.0001,0.0038,0.0028,0.0266,0.3113,0.1945,0.1672,15.4317,4,1624801888,1624801184,1,0,378072108,317,313,1,1,0,0,0,0
317,0.0484,8.7024,0.1864,0.0046,0.1815,0.163,0.0138,0.0012,0.1783,0.2163,0.0041,0,0.0166,0.0002,0,0,0,0,0,0,0,0,0.0002,0.006,0.0057,0.0144,0.1386,0.1018,0.1157,9.199,5,1624801888,1624798368,2,0,378072108,318,314,1,1,0,0,0,0
318,0.0379,19.1875,0.154,0.004,0.1497,0.1349,0.0106,0.0015,0.1935,0.2425,0.0066,0,0.021,0.0001,0,0,0,0,0,0,0,0,0.0001,0.0073,0.0089,0.0256,0.2643,0.1575,0.2553,20.0417,6,1624801888,1624806816,0,0,378072108,319,315,1,1,0,0,0,0
319,0.0373,34.5367,0.2128,0.0044,0.2082,0.1603,0.0118,0.0013,0.1523,0.1886,0.0039,0,0.0178,0.0002,0,0,0,0,0,0,0,0,0.0002,0.0044,0.0062,0.0228,0.2497,0.1505,0.2274,35.33,7,1624801888,1624805408,1,0,378072108,320,316,1,1,0,0,0,0
320,0.0401,12.244,0.143,0.005,0.1379,0.1312,0.0033,0.0009,0.1117,0.1409,0.0036,0,0.013,0.0001,0,0,0,0,0,0,0,0,0.0001,0.0037,0.0032,0.0171,0.2068,0.0927,0.1047,12.8041,0,1624801888,1169286944,2,0,378072108,321,317,1,1,0,0,0,0
321,0.0358,9.7521,0.1448,0.0041,0.1406,0.1257,0.0106,0.0013,0.1738,0.2227,0.0067,0,0.0196,0.0002,0,0,0,0,0,0,0,0,0.0002,0.0077,0.007,0.0185,0.1736,0.1024,0.1791,10.342,1,1624801888,1169278496,0,0,378072108,322,318,1,1,0,0,0,0
322,0.1335,17.2241,0.3115,0.0073,0.304,0.0463,0.0036,0.001,0.1352,0.1748,0.0037,0,0.0183,0.0001,0,0,0,0,0,0,0,0,0.0001,0.0054,0.0061,0.0243,0.2466,0.1293,0.123,17.9792,2,1624801888,1624800480,1,0,378072108,323,319,1,1,0,0,0,0
323,0.0359,30.5249,0.0906,0.0024,0.0881,0.083,0.002,0.0009,0.1649,0.2101,0.0041,0,0.0209,0.0001,0,0,0,0,0,0,0,0,0.0001,0.0041,0.004,0.0221,0.2018,0.094,0.1082,31.0681,3,1624801888,1624806112,2,0,378072108,324,320,1,1,0,0,0,0
324,0.0345,8.6518,0.2111,0.0041,0.2068,0.1919,0.0109,0.0013,0.1977,0.2471,0.0066,0,0.0206,0.0001,0,0,0,0,0,0,0,0,0.0001,0.0075,0.0077,0.0174,0.1739,0.0849,0.0979,9.1342,4,1624801888,1624801184,0,0,378072108,325,321,1,1,0,0,0,0
325,0.0401,16.7332,0.1291,0.0043,0.1244,0.1165,0.0033,0.0016,0.357,0.4035,0.0063,0,0.0203,0.0001,0,0,0,0,0,0,0,0,0.0001,0.0072,0.0042,0.0245,0.1882,0.0963,0.1027,17.2626,5,1624801888,1624798368,1,0,378072108,326,322,1,1,0,0,0,0
326,0.035,7.3938,0.1503,0.0046,0.1455,0.1306,0.0107,0.0016,0.1781,0.2251,0.0061,0,0.0194,0.0002,0,0,0,0,0,0,0,0,0.0002,0.007,0.005,0.0149,0.1252,0.0943,0.1009,7.8303,6,1624801888,1624806816,2,0,378072108,327,323,1,1,0,0,0,0
327,0.0289,17.5534,0.1238,0.0027,0.121,0.089,0.0019,0.0008,0.2362,0.269,0.0037,0,0.0153,0,0,0,0,0,0,0,0,0,0,0.0044,0.0045,0.0214,0.2411,0.1377,0.1371,18.2146,7,1624801888,1624805408,0,0,378072108,328,324,1,1,0,0,0,0
328,0.0479,19.0086,0.1407,0.0049,0.1356,0.1247,0.0072,0.0009,0.1349,0.1705,0.0039,0,0.0158,0.0001,0,0,0,0,0,0,0,0,0.0001,0.0039,0.0067,0.0181,0.1742,0.0989,0.1016,19.5265,0,1624801888,1169286944,1,0,378072108,329,325,1,1,0,0,0,0
329,0.0452,19.1382,0.0759,0.0043,0.0712,0.0564,0.01,0.0014,0.2946,0.3289,0.0037,0,0.0159,0,0,0,0,0,0,0,0,0,0,0.0041,0.0031,0.0251,0.352,0.1775,0.1694,20.0213,1,1624801888,1169278496,2,0,378072108,330,326,1,1,0,0,0,0
