frame,map_gpu_ms,chart_gpu_ms,gauge_gpu_ms,lean_gpu_ms,final_gpu_ms
0,0.0004,0.0004,0.0004,0.035,12.7589
1,0.0016,0.0015,0.0014,0.035,9.11574
2,0.00135,0.00125,0.0012,0.035,12.1642
3,0.00036,0.00036,0.0004,0.035,6.26311
4,0.00072,0.00164,0.00072,0.035,5.93943
5,0.00032,0.00028,0.00028,0.035,8.45445
6,0.00024,0.0002,0.00028,0.035,3.6966
7,0.00032,0.00032,0.00028,0.035,3.652
8,0.00092,0.0006,0.00076,0.035,4.25347
9,0.0012,0.0011,0.0013,0.035,7.59234
10,0.00052,0.00044,0.00044,0.035,5.16518
11,0.00032,0.00036,0.00036,0.035,5.62371
12,0.00072,0.00056,0.0008,0.035,5.78322
13,0.00108,0.00072,0.00072,0.035,5.74543
14,0.00044,0.0004,0.00048,0.035,5.02179
15,0.00056,0.00052,0.00052,0.035,5.59673
16,0.00115,0.0011,0.00135,0.035,6.41451
17,0.00076,0.00048,0.00052,0.035,4.94033
18,0.00036,0.0004,0.0004,0.035,6.02306
19,0.00115,0.00115,0.0013,0.035,5.88508
20,0.00044,0.00044,0.00052,0.035,5.18509
21,0.00048,0.0006,0.00072,0.035,5.29038
22,0.0016,0.00135,0.00165,0.035,5.75004
23,0.00044,0.00044,0.00044,0.035,5.038
24,0.00052,0.00044,0.00044,0.035,4.59784
25,0.00036,0.00036,0.00036,0.035,5.19224
26,0.00044,0.0004,0.00044,0.035,6.21094
27,0.00044,0.00052,0.00048,0.035,5.26397
28,0.00064,0.00064,0.00072,0.035,6.09654
29,0.00064,0.00056,0.00052,0.035,5.11298
30,0.00052,0.00048,0.00052,0.035,5.16569
31,0.00028,0.00028,0.00032,0.035,4.74808
32,0.00056,0.00044,0.0004,0.035,5.03195
33,0.00048,0.00044,0.00044,0.035,5.10129
34,0.00036,0.00032,0.00044,0.035,4.45304
35,0.00024,0.00024,0.00024,0.035,4.98444
36,0.001,0.00068,0.00068,0.035,6.06768
37,0.00028,0.00028,0.00032,0.035,3.9502
38,0.00048,0.00044,0.00044,0.035,5.53588
39,0.00036,0.00036,0.00036,0.035,3.80948
40,0.00036,0.00036,0.0004,0.035,4.11024
41,0.00068,0.0006,0.00068,0.035,4.60709
42,0.00036,0.00036,0.00036,0.035,3.96804
43,0.00032,0.00028,0.00028,0.035,3.93168
44,0.00032,0.00028,0.0004,0.035,4.18656
45,0.00044,0.00044,0.00052,0.035,4.80385
46,0.0004,0.0004,0.00052,0.035,4.67504
47,0.00096,0.00068,0.00076,0.035,6.04821
48,0.0004,0.0004,0.00052,0.035,4.55284
49,0.00165,0.0013,0.0019,0.035,10.5481
50,0.0004,0.0004,0.0004,0.035,6.37536
51,0.00028,0.00028,0.00028,0.035,4.08828
52,0.00036,0.00028,0.00052,0.035,4.2224
53,0.0008,0.00072,0.00076,0.035,5.79975
54,0.00044,0.00044,0.00052,0.035,5.36237
55,0.00048,0.0004,0.00052,0.035,5.27708
56,0.00032,0.00024,0.00032,0.035,10.2843
57,0.0002,0.0002,0.00024,0.035,3.44268
58,0.00024,0.00024,0.00032,0.035,3.97952
59,0.00028,0.00028,0.00028,0.035,3.76664
60,0.00072,0.00056,0.00044,0.035,4.917
61,0.00032,0.00032,0.00032,0.035,3.86436
62,0.0019,0.00145,0.00155,0.035,6.77126
63,0.00048,0.00044,0.00048,0.035,5.17437
64,0.00032,0.00032,0.00056,0.035,4.3713
65,0.00032,0.00032,0.0004,0.035,4.44632
66,0.00056,0.00036,0.00044,0.035,5.1506
67,0.00028,0.00028,0.00036,0.035,3.85156
68,0.00044,0.00044,0.00048,0.035,5.37181
69,0.00052,0.00048,0.00048,0.035,5.13736
70,0.00175,0.00135,0.0019,0.035,7.71182
71,0.0006,0.00056,0.00048,0.035,5.07128
72,0.00052,0.00032,0.00036,0.035,4.70112
73,0.00028,0.00028,0.00032,0.035,4.39284
74,0.00028,0.00028,0.00028,0.035,4.7949
75,0.00052,0.00056,0.00048,0.035,4.95676
76,0.00028,0.00024,0.00028,0.035,4.167
77,0.00052,0.00052,0.00052,0.035,5.1484
78,0.00072,0.00064,0.00072,0.035,5.67658
79,0.00044,0.00044,0.00044,0.035,5.30005
80,0.00064,0.0006,0.00072,0.035,5.71702
81,0.0006,0.00044,0.00048,0.035,4.32256
82,0.00044,0.00044,0.00052,0.035,5.19217
83,0.00028,0.00028,0.00032,0.035,4.03884
84,0.0004,0.00036,0.0004,0.035,4.32784
85,0.00044,0.00036,0.00036,0.035,4.07248
86,0.00096,0.00064,0.00072,0.035,4.26195
87,0.00048,0.00044,0.00044,0.035,4.12336
88,0.00036,0.00036,0.0004,0.035,5.1622
89,0.00032,0.00028,0.00032,0.035,4.20124
90,0.00036,0.00036,0.0004,0.035,3.95328
91,0.00028,0.00028,0.00028,0.035,3.73456
92,0.00032,0.00032,0.00036,0.035,3.9768
93,0.00032,0.00032,0.00036,0.035,4.5234
94,0.00028,0.00032,0.00028,0.035,3.9902
95,0.00024,0.00024,0.00028,0.035,3.68428
96,0.00048,0.00044,0.00072,0.035,5.35834
97,0.00032,0.00028,0.00032,0.035,4.32008
98,0.00032,0.00032,0.00036,0.035,5.68308
99,0.00056,0.00036,0.00036,0.035,4.47556
100,0.00028,0.00028,0.00032,0.035,3.99428
101,0.00104,0.00072,0.00072,0.035,5.98331
102,0.00032,0.00028,0.00032,0.035,3.88556
103,0.00036,0.00032,0.00036,0.035,4.95313
104,0.0018,0.00155,0.00165,0.035,9.38464
105,0.00036,0.00028,0.00036,0.035,4.37252
106,0.00036,0.00036,0.0004,0.035,4.26716
107,0.00032,0.00032,0.00032,0.035,4.30368
108,0.00028,0.00024,0.00032,0.035,3.61632
109,0.00028,0.00024,0.00028,0.035,3.97316
110,0.00032,0.00028,0.00032,0.035,3.77408
111,0.00092,0.00084,0.0012,0.035,6.33072
112,0.00032,0.00028,0.00028,0.035,3.82172
113,0.00028,0.00028,0.00036,0.035,3.99288
114,0.00032,0.00024,0.00032,0.035,3.81736
115,0.00028,0.00028,0.00032,0.035,4.24528
116,0.00032,0.00032,0.00028,0.035,4.1778
117,0.00068,0.00064,0.0008,0.035,6.32097
118,0.00032,0.00032,0.0004,0.035,5.08258
119,0.00028,0.00032,0.00032,0.035,4.0752
120,0.00044,0.0004,0.00044,0.035,10.4373
121,0.00044,0.00044,0.00048,0.035,5.19926
122,0.00056,0.00056,0.00048,0.035,5.24842
123,0.00032,0.00032,0.00032,0.035,4.37616
124,0.00052,0.0004,0.00044,0.035,4.83488
125,0.00028,0.00032,0.00032,0.035,3.67912
126,0.00036,0.00032,0.0004,0.035,3.78348
127,0.00024,0.0002,0.00028,0.035,4.21392
128,0.00056,0.00048,0.00064,0.035,5.39521
129,0.00032,0.00036,0.00036,0.035,4.63325
130,0.00072,0.00084,0.00076,0.035,6.36118
131,0.00028,0.00032,0.00036,0.035,3.8748
132,0.00032,0.00028,0.00028,0.035,9.5128
133,0.0004,0.00036,0.00044,0.035,7.31235
134,0.00115,0.00115,0.0013,0.035,11.332
135,0.00068,0.00068,0.00068,0.035,6.07521
136,0.00072,0.00064,0.00072,0.035,5.6943
137,0.00048,0.00048,0.00052,0.035,5.47949
138,0.00084,0.00064,0.00096,0.035,6.26034
139,0.00028,0.00028,0.00028,0.035,4.11384
140,0.00044,0.00044,0.00048,0.035,5.48433
141,0.00052,0.00052,0.00048,0.035,5.08816
142,0.00044,0.0004,0.0004,0.035,5.25896
143,0.00084,0.00064,0.001,0.035,6.46785
144,0.00048,0.00044,0.00052,0.035,5.10016
145,0.00028,0.00028,0.00036,0.035,4.10096
146,0.00056,0.00056,0.00052,0.035,5.31108
147,0.00044,0.00036,0.0004,0.035,4.26976
148,0.00135,0.0013,0.00155,0.035,7.51778
149,0.0008,0.0008,0.00076,0.035,5.58215
150,0.00052,0.00048,0.00044,0.035,5.49812
151,0.0012,0.0011,0.00135,0.035,11.3065
152,0.00028,0.00028,0.00028,0.035,3.64772
153,0.00096,0.00076,0.00072,0.035,5.57101
154,0.00044,0.00032,0.00036,0.035,4.08444
155,0.0014,0.0018,0.0016,0.035,8.94209
156,0.0015,0.0013,0.00195,0.035,6.90062
157,0.00036,0.00032,0.00036,0.035,5.1124
158,0.00036,0.0004,0.00036,0.035,4.1284
159,0.0018,0.0016,0.00155,0.035,6.61033
160,0.0006,0.00044,0.00048,0.035,4.27436
161,0.00068,0.00044,0.00052,0.035,5.04336
162,0.00032,0.00036,0.00036,0.035,6.13669
163,0.00092,0.0006,0.001,0.035,6.0906
164,0.00032,0.00032,0.0004,0.035,10.3318
165,0.00064,0.00052,0.00052,0.035,5.27813
166,0.00205,0.00135,0.00155,0.035,7.10336
167,0.00044,0.00044,0.00052,0.035,5.49213
168,0.00036,0.00032,0.00056,0.035,4.24424
169,0.0018,0.0015,0.0016,0.035,9.32129
170,0.00072,0.00064,0.00072,0.035,5.5962
171,0.00096,0.00072,0.00072,0.035,6.04309
172,0.00032,0.00032,0.00032,0.035,4.03284
173,0.00032,0.00032,0.00028,0.035,3.9876
174,0.00024,0.00024,0.00028,0.035,3.71428
175,0.00024,0.00024,0.00024,0.035,3.76472
176,0.00024,0.00024,0.0002,0.035,3.5126
177,0.00052,0.00048,0.00044,0.035,5.00628
178,0.00024,0.0002,0.00024,0.035,3.64896
179,0.00024,0.00028,0.00028,0.035,3.4974
180,0.00048,0.0004,0.00032,0.035,4.367
181,0.00028,0.00028,0.00036,0.035,3.9022
182,0.00036,0.00032,0.00036,0.035,4.97205
183,0.00028,0.00028,0.00036,0.035,5.36078
184,0.00044,0.00028,0.00028,0.035,3.73252
185,0.00032,0.00036,0.00036,0.035,3.9846
186,0.0018,0.00155,0.00155,0.035,6.27824
187,0.00052,0.00048,0.00048,0.035,5.50272
188,0.00088,0.00076,0.00088,0.035,6.34145
189,0.00032,0.00028,0.00036,0.035,4.04396
190,0.00028,0.00028,0.00032,0.035,4.0252
191,0.00032,0.00032,0.00032,0.035,4.05972
192,0.00028,0.00028,0.00028,0.035,3.76196
193,0.00036,0.00028,0.00032,0.035,3.8318
194,0.00195,0.0014,0.00165,0.035,8.58335
195,0.00024,0.00028,0.00028,0.035,3.63848
196,0.00044,0.00044,0.00052,0.035,5.06477
197,0.00068,0.00064,0.00072,0.035,6.50772
198,0.00052,0.00048,0.00044,0.035,5.48182
199,0.00032,0.00036,0.00032,0.035,3.92956
200,0.00032,0.00032,0.00032,0.035,4.00752
201,0.00036,0.00032,0.00036,0.035,4.23888
202,0.00036,0.00036,0.00036,0.035,4.92076
203,0.00044,0.00044,0.00052,0.035,5.08185
204,0.0017,0.0013,0.0014,0.035,8.56447
205,0.00064,0.00052,0.00052,0.035,5.67058
206,0.00064,0.00064,0.00068,0.035,6.12953
207,0.00052,0.00056,0.00048,0.035,5.53577
208,0.00032,0.00036,0.0004,0.035,4.50144
209,0.00175,0.0017,0.00165,0.035,9.26631
210,0.00028,0.00032,0.00036,0.035,5.29789
211,0.00032,0.00032,0.00036,0.035,4.13848
212,0.00068,0.00052,0.00044,0.035,5.23612
213,0.00052,0.00116,0.00116,0.035,5.02172
214,0.00032,0.00028,0.00036,0.035,3.98888
215,0.00032,0.00032,0.00028,0.035,3.82936
216,0.00112,0.00072,0.00076,0.035,5.75825
217,0.00165,0.0016,0.0017,0.035,7.33905
218,0.00032,0.00028,0.00036,0.035,3.97916
219,0.00024,0.00028,0.00028,0.035,3.75744
220,0.00024,0.0002,0.00024,0.035,3.51708
221,0.00024,0.00024,0.00028,0.035,3.595
222,0.00024,0.00024,0.00024,0.035,3.82068
223,0.00032,0.00032,0.00032,0.035,3.9964
224,0.00072,0.00068,0.001,0.035,5.5101
225,0.00028,0.00028,0.00032,0.035,4.30984
226,0.0004,0.0004,0.00044,0.035,4.15012
227,0.00076,0.00064,0.00076,0.035,6.31846
228,0.0017,0.0015,0.00155,0.035,7.50446
229,0.0004,0.00036,0.00044,0.035,4.94661
230,0.00044,0.00036,0.00048,0.035,5.22837
231,0.0004,0.00044,0.00052,0.035,4.05208
232,0.00044,0.0004,0.00044,0.035,4.82772
233,0.00028,0.00032,0.00028,0.035,3.83528
234,0.00052,0.00036,0.00036,0.035,3.9534
235,0.0019,0.00145,0.00165,0.035,10.268
236,0.00036,0.00028,0.00036,0.035,3.99352
237,0.00024,0.00028,0.00028,0.035,3.72932
238,0.00028,0.00028,0.00028,0.035,3.94924
239,0.00072,0.00064,0.00076,0.035,5.75138
240,0.00104,0.0008,0.00072,0.035,6.38887
241,0.00032,0.00032,0.00032,0.035,4.16636
242,0.00032,0.00028,0.00032,0.035,4.359
243,0.00032,0.00028,0.0004,0.035,4.19876
244,0.00044,0.00044,0.00052,0.035,4.793
245,0.00036,0.00032,0.00032,0.035,4.00004
246,0.00052,0.00056,0.00048,0.035,5.30393
247,0.00175,0.0013,0.00195,0.035,7.45947
248,0.00084,0.00072,0.0008,0.035,6.16198
249,0.00028,0.00024,0.00028,0.035,3.62032
250,0.00036,0.00036,0.00032,0.035,4.22864
251,0.00175,0.0013,0.00195,0.035,7.49073
252,0.00392,0.0008,0.00084,0.035,6.36338
253,0.00036,0.00036,0.00036,0.035,4.28752
254,0.00076,0.00068,0.00096,0.035,5.68314
255,0.00032,0.00028,0.00032,0.035,4.585
256,0.00024,0.00028,0.00028,0.035,3.80736
257,0.00028,0.00028,0.00028,0.035,3.99656
258,0.0002,0.0002,0.00024,0.035,3.49064
259,0.00028,0.00032,0.00024,0.035,3.70916
260,0.00056,0.00044,0.00068,0.035,5.42263
261,0.00044,0.00048,0.00044,0.035,4.30456
262,0.00036,0.00032,0.0004,0.035,4.7486
263,0.00048,0.00048,0.00048,0.035,5.51442
264,0.00036,0.00032,0.0004,0.035,4.3432
265,0.00028,0.00028,0.00032,0.035,3.7734
266,0.00032,0.00032,0.00036,0.035,4.15524
267,0.00028,0.00028,0.00028,0.035,3.82164
268,0.00036,0.00036,0.0004,0.035,4.1412
269,0.00036,0.00032,0.00028,0.035,3.84876
270,0.00036,0.00028,0.00032,0.035,5.33253
271,0.00036,0.00032,0.0004,0.035,4.28572
272,0.00068,0.00048,0.00044,0.035,4.09444
273,0.00048,0.0004,0.00048,0.035,4.40785
274,0.0004,0.0004,0.0004,0.035,4.77322
275,0.00155,0.0017,0.00145,0.035,6.50867
276,0.00072,0.00032,0.00032,0.035,4.1624
277,0.00028,0.00024,0.00024,0.035,3.56812
278,0.00036,0.00032,0.00032,0.035,4.52592
279,0.00044,0.00032,0.0004,0.035,4.33952
280,0.00032,0.00032,0.00036,0.035,4.08968
281,0.00028,0.00024,0.00028,0.035,4.72268
282,0.00036,0.00032,0.00032,0.035,4.66396
283,0.00032,0.00028,0.00032,0.035,4.50468
284,0.00155,0.00155,0.0018,0.035,7.34626
285,0.00028,0.00028,0.00036,0.035,4.24572
286,0.0015,0.0013,0.00145,0.035,6.8861
287,0.0015,0.00145,0.0015,0.035,7.58372
288,0.00032,0.00032,0.00036,0.035,3.85808
289,0.00056,0.00048,0.00068,0.035,5.08409
290,0.00032,0.00028,0.00032,0.035,4.16016
291,0.00044,0.00044,0.00048,0.035,5.10072
292,0.0016,0.0014,0.002,0.035,6.87396
293,0.00044,0.00044,0.00048,0.035,3.94336
294,0.00036,0.00032,0.00032,0.035,4.42232
295,0.00048,0.00048,0.00048,0.035,5.02456
296,0.00048,0.00044,0.00052,0.035,6.66807
297,0.00052,0.0004,0.00052,0.035,5.7882
298,0.00032,0.00036,0.0004,0.035,4.06784
299,0.00028,0.00032,0.00032,0.035,3.622
300,0.00044,0.00044,0.00048,0.035,8.98098
301,0.0017,0.00155,0.00185,0.035,7.33067
302,0.00032,0.00036,0.00036,0.035,4.634
303,0.00036,0.00028,0.00032,0.035,4.19524
304,0.00155,0.0013,0.002,0.035,6.56176
305,0.00048,0.00056,0.00052,0.035,5.21263
306,0.00044,0.00044,0.00048,0.035,5.05004
307,0.00048,0.0004,0.00048,0.035,5.30132
308,0.00036,0.00036,0.0004,0.035,4.0202
309,0.00032,0.00032,0.00032,0.035,4.25496
310,0.0004,0.00032,0.00036,0.035,4.16664
311,0.00036,0.00032,0.00032,0.035,4.26824
312,0.00036,0.00028,0.00032,0.035,3.81968
313,0.00032,0.00032,0.00036,0.035,3.85028
314,0.00084,0.00072,0.0008,0.035,6.33045
315,0.00096,0.00072,0.00088,0.035,5.99334
316,0.00024,0.00024,0.00032,0.035,3.71656
317,0.00032,0.00028,0.00028,0.035,3.89112
318,0.00044,0.00032,0.00032,0.035,4.3212
319,0.00115,0.00115,0.00135,0.035,4.26789
320,0.00044,0.00032,0.00032,0.035,3.99228
321,0.00044,0.0004,0.00048,0.035,3.95444
322,0.00072,0.00064,0.0006,0.035,4.00023
323,0.0015,0.00155,0.00165,0.035,6.45069
324,0.00036,0.0004,0.0004,0.035,4.1198
325,0.00032,0.00024,0.00028,0.035,4.19428
326,0.0004,0.00036,0.00036,0.035,4.33648
327,0.00072,0.0006,0.00068,0.035,11.271
328,0.00064,0.00044,0.00064,0.035,5.18853
329,0.0004,0.00036,0.0004,0.035,3.79616
330,0.0008,0.00064,0.001,0.035,5.99857
331,0.00036,0.00032,0.00036,0.035,3.9876
332,0.00036,0.00032,0.00036,0.035,4.25652
333,0.00024,0.00028,0.00024,0.035,4.08804
334,0.00036,0.00032,0.0004,0.035,4.02672
335,0.0004,0.0004,0.00044,0.035,3.93472
336,0.00032,0.00028,0.00032,0.035,4.39704
337,0.00024,0.00024,0.00028,0.035,3.7692
338,0.00036,0.00036,0.0004,0.035,3.771
339,0.00032,0.00032,0.00032,0.035,3.9344
340,0.0006,0.0006,0.00072,0.035,4.81284
341,0.0004,0.00032,0.00036,0.035,4.06932
342,0.00036,0.00032,0.00036,0.035,3.862
343,0.00052,0.00044,0.00052,0.035,5.35742
344,0.0004,0.00044,0.00044,0.035,4.87756
345,0.00084,0.0008,0.0008,0.035,5.58308
346,0.00088,0.00072,0.0008,0.035,6.1642
347,0.00044,0.0004,0.0004,0.035,4.08388
348,0.00044,0.00044,0.00048,0.035,6.21702
349,0.00135,0.00185,0.0012,0.035,5.74862
350,0.00084,0.0006,0.00064,0.035,5.34364
351,0.00056,0.00052,0.00056,0.035,5.21812
352,0.0008,0.00068,0.001,0.035,6.23132
353,0.00068,0.0006,0.00076,0.035,5.67957
354,0.00072,0.00072,0.00076,0.035,5.61955
355,0.00048,0.00048,0.00044,0.035,4.47425
356,0.0006,0.00052,0.00044,0.035,5.55016
357,0.00036,0.00036,0.0004,0.035,4.76224
358,0.00036,0.00036,0.0004,0.035,5.42585
359,0.00044,0.0004,0.00052,0.035,5.57183
360,0.0004,0.00032,0.0004,0.035,3.96936
361,0.00072,0.00072,0.00084,0.035,5.92031
362,0.0004,0.00036,0.0004,0.035,4.22208
363,0.00135,0.0012,0.00135,0.035,6.82878
364,0.00036,0.00032,0.00032,0.035,4.30092
365,0.00044,0.00044,0.00052,0.035,5.53106
366,0.00044,0.0004,0.00052,0.035,6.95127
367,0.00044,0.0004,0.00036,0.035,5.72693
368,0.00076,0.00064,0.00068,0.035,5.82403
369,0.00032,0.00028,0.00024,0.035,3.76088
370,0.00028,0.00036,0.00032,0.035,4.1612
371,0.00048,0.0004,0.00052,0.035,5.31106
372,0.00024,0.00024,0.00028,0.035,5.65817
373,0.00064,0.00052,0.00048,0.035,5.27627
374,0.00036,0.00036,0.0004,0.035,4.44656
375,0.001,0.00064,0.00072,0.035,7.13783
376,0.00036,0.00032,0.00044,0.035,4.3526
377,0.00032,0.00028,0.00032,0.035,3.8142
378,0.00064,0.0006,0.0006,0.035,11.2523
379,0.0004,0.0004,0.0004,0.035,8.18037
380,0.00048,0.00044,0.00052,0.035,5.19233
381,0.0008,0.00092,0.00072,0.035,6.07111
382,0.0004,0.0004,0.00048,0.035,5.95599
383,0.00052,0.00044,0.00052,0.035,5.32513
384,0.00048,0.00032,0.0004,0.035,5.15526
385,0.00044,0.00044,0.00048,0.035,4.22892
386,0.00036,0.00032,0.00036,0.035,4.08232
387,0.00036,0.00036,0.00036,0.035,3.85404
388,0.00048,0.00044,0.00048,0.035,5.02428
389,0.0004,0.00036,0.00036,0.035,3.75336
390,0.0004,0.0004,0.0004,0.035,3.99952
391,0.00048,0.00048,0.00056,0.035,5.51
392,0.00175,0.00155,0.0015,0.035,6.59933
393,0.00028,0.00024,0.00024,0.035,3.45772
394,0.00028,0.00028,0.00032,0.035,4.34508
395,0.00028,0.00028,0.00024,0.035,3.93792
396,0.00032,0.00028,0.00032,0.035,3.97968
397,0.00032,0.00036,0.00036,0.035,4.09632
398,0.00032,0.00032,0.00028,0.035,4.55844
399,0.00024,0.00028,0.00032,0.035,3.73216
400,0.00028,0.00024,0.00024,0.035,3.6026
401,0.00116,0.00068,0.00076,0.035,5.46691
402,0.00032,0.00032,0.00032,0.035,4.18244
403,0.0006,0.0006,0.00072,0.035,4.25599
404,0.00048,0.00044,0.00048,0.035,5.0284
405,0.00068,0.00064,0.00076,0.035,5.82285
406,0.00036,0.00036,0.00036,0.035,4.06712
407,0.00028,0.00028,0.00028,0.035,6.40465
408,0.00028,0.00028,0.00028,0.035,5.74272
409,0.00028,0.00028,0.00032,0.035,4.28936
410,0.001,0.00064,0.00076,0.035,6.22813
411,0.00032,0.00032,0.00032,0.035,5.07041
412,0.00032,0.00028,0.00048,0.035,4.28568
413,0.00028,0.00024,0.00032,0.035,4.05116
414,0.00048,0.00044,0.00052,0.035,4.84105
415,0.00032,0.00032,0.00036,0.035,4.38144
416,0.00028,0.00028,0.00028,0.035,4.15986
417,0.00052,0.00044,0.00048,0.035,5.40477
418,0.0006,0.00048,0.0006,0.035,5.0824
419,0.00028,0.00028,0.00028,0.035,3.6854
420,0.00036,0.00028,0.00036,0.035,4.86502
421,0.00032,0.00032,0.0004,0.035,8.61952
422,0.00036,0.00032,0.00036,0.035,4.3194
423,0.00028,0.00028,0.00036,0.035,4.13272
424,0.00036,0.00032,0.0004,0.035,4.13796
425,0.0004,0.0004,0.00044,0.035,5.0098
426,0.0016,0.00165,0.00155,0.035,9.44707
427,0.00092,0.0006,0.00096,0.035,5.74829
428,0.00032,0.00028,0.00032,0.035,3.84356
429,0.00044,0.00044,0.00052,0.035,5.00633
430,0.00165,0.0016,0.00165,0.035,7.3372
431,0.00052,0.00044,0.00048,0.035,5.20442
432,0.00088,0.00072,0.00076,0.035,5.78525
433,0.00064,0.00044,0.00068,0.035,5.23553
434,0.00036,0.00032,0.00044,0.035,4.60912
435,0.00052,0.00052,0.00056,0.035,5.54312
436,0.00036,0.00036,0.00036,0.035,4.53784
437,0.0004,0.00036,0.0004,0.035,4.16128
438,0.00052,0.00048,0.00052,0.035,5.07932
439,0.00044,0.0004,0.00044,0.035,4.70432
440,0.00056,0.0004,0.00048,0.035,4.33672
441,0.00032,0.00032,0.00036,0.035,6.182
442,0.00064,0.0006,0.00068,0.035,5.74922
443,0.0006,0.0006,0.0006,0.035,5.50801
444,0.00036,0.00032,0.00032,0.035,5.16376
445,0.00044,0.00044,0.00052,0.035,5.32065
446,0.00052,0.00052,0.00048,0.035,5.99032
447,0.00064,0.00064,0.00072,0.035,6.15178
448,0.0004,0.00032,0.00056,0.035,4.29957
449,0.00024,0.00028,0.00028,0.035,4.2492
450,0.0002,0.0002,0.00024,0.035,5.99865
451,0.00044,0.00044,0.00044,0.035,6.2356
452,0.00088,0.00072,0.0008,0.035,5.87376
453,0.00036,0.00028,0.00032,0.035,7.39356
454,0.00064,0.00064,0.00068,0.035,5.91837
455,0.00032,0.00032,0.00036,0.035,10.5434
456,0.00036,0.00028,0.00032,0.035,3.7052
457,0.00165,0.0013,0.00195,0.035,9.22426
458,0.00044,0.00044,0.00052,0.035,5.37877
459,0.00048,0.00044,0.00052,0.035,5.34136
460,0.00052,0.00052,0.00056,0.035,5.72074
461,0.00052,0.00048,0.00052,0.035,5.1518
462,0.00028,0.00024,0.00024,0.035,3.57912
463,0.0006,0.00052,0.00044,0.035,4.74464
464,0.00052,0.00044,0.00052,0.035,5.00881
465,0.00068,0.00068,0.00076,0.035,5.69407
466,0.00044,0.00036,0.0004,0.035,4.28344
467,0.00032,0.00028,0.00036,0.035,4.2966
468,0.00076,0.0006,0.00072,0.035,5.74563
469,0.00032,0.00028,0.00032,0.035,4.49812
470,0.00088,0.00036,0.00044,0.035,4.448
471,0.00072,0.00028,0.00036,0.035,4.07908
472,0.00036,0.00032,0.00052,0.035,4.12316
473,0.00032,0.00032,0.00028,0.035,4.6814
474,0.0006,0.00044,0.00056,0.035,4.42817
475,0.00052,0.00044,0.00048,0.035,5.56681
476,0.00064,0.00048,0.00044,0.035,5.50125
477,0.00052,0.00056,0.00056,0.035,5.10457
478,0.0018,0.0013,0.00195,0.035,6.94544
479,0.00044,0.00044,0.00048,0.035,5.30986
480,0.00044,0.00044,0.00052,0.035,5.32426
481,0.00175,0.0014,0.0018,0.035,7.02541
482,0.0004,0.0004,0.00052,0.035,4.39249
483,0.0004,0.00036,0.00032,0.035,5.1486
484,0.0004,0.00044,0.00044,0.035,4.67162
485,0.00032,0.00036,0.00032,0.035,4.10208
486,0.00036,0.00032,0.00032,0.035,4.21768
487,0.00032,0.00028,0.00036,0.035,4.6236
488,0.00032,0.00032,0.00032,0.035,5.88855
489,0.00096,0.0006,0.00072,0.035,5.70787
490,0.00048,0.00044,0.00052,0.035,4.56484
491,0.00028,0.00028,0.00032,0.035,3.7436
492,0.00036,0.00036,0.00032,0.035,4.34384
493,0.00048,0.00044,0.00044,0.035,5.46918
494,0.00048,0.00032,0.00044,0.035,3.84132
495,0.00032,0.00032,0.0004,0.035,3.9984
496,0.00032,0.00028,0.00032,0.035,4.27648
497,0.00036,0.00036,0.0004,0.035,4.25748
498,0.00032,0.00032,0.00036,0.035,4.179
499,0.00028,0.00028,0.00032,0.035,4.1914
500,0.00076,0.00064,0.001,0.035,6.12487
501,0.00036,0.00032,0.00032,0.035,4.27392
502,0.0004,0.00036,0.0004,0.035,4.24777
503,0.00068,0.0004,0.00052,0.035,5.30942
504,0.00032,0.00028,0.00028,0.035,4.33464
505,0.0006,0.0006,0.00072,0.035,3.78405
506,0.00135,0.00145,0.0019,0.035,7.93865
507,0.00028,0.00028,0.00032,0.035,3.66428
508,0.00028,0.00028,0.00024,0.035,4.02428
509,0.00036,0.00028,0.00036,0.035,4.07276
510,0.00052,0.00056,0.00044,0.035,4.97688
511,0.00028,0.00028,0.00028,0.035,3.84568
512,0.00036,0.00044,0.00032,0.035,4.009
513,0.00036,0.00028,0.00036,0.035,3.836
514,0.00024,0.00028,0.00032,0.035,4.4322
515,0.00032,0.00032,0.00032,0.035,4.2018
516,0.00068,0.00056,0.00048,0.035,5.16497
517,0.00028,0.00028,0.00028,0.035,3.90408
518,0.00028,0.00028,0.00028,0.035,3.85896
519,0.00036,0.00032,0.00036,0.035,4.01436
520,0.00028,0.00028,0.00028,0.035,4.5986
521,0.00048,0.00064,0.00048,0.035,4.07192
522,0.00044,0.00044,0.00044,0.035,3.95752
523,0.00032,0.00032,0.00036,0.035,4.29648
524,0.00044,0.0004,0.00044,0.035,5.32409
525,0.00028,0.00028,0.00028,0.035,4.41943
526,0.00044,0.00044,0.00048,0.035,4.71481
527,0.00044,0.0004,0.00044,0.035,4.09788
528,0.00064,0.0006,0.00068,0.035,5.70462
529,0.00032,0.00024,0.00032,0.035,4.21072
530,0.00028,0.00024,0.00028,0.035,3.54556
531,0.00032,0.00028,0.00032,0.035,3.94316
532,0.00084,0.0006,0.001,0.035,6.06395
533,0.00032,0.00024,0.00028,0.035,3.75752
534,0.00064,0.00024,0.00028,0.035,3.62216
535,0.00028,0.00032,0.00032,0.035,4.18532
536,0.00028,0.00024,0.00028,0.035,3.6868
537,0.0004,0.00044,0.00048,0.035,4.1624
538,0.0017,0.00155,0.0017,0.035,7.20981
539,0.00032,0.00028,0.00032,0.035,4.14476
540,0.0017,0.0014,0.0016,0.035,7.67966
541,0.0004,0.00036,0.00036,0.035,4.8449
542,0.001,0.00032,0.00032,0.035,4.17408
543,0.00072,0.0006,0.00072,0.035,5.92494
544,0.00044,0.0004,0.00064,0.035,4.30828
545,0.00032,0.00024,0.00032,0.035,3.87748
546,0.00032,0.00032,0.00032,0.035,5.388
547,0.00036,0.0004,0.00036,0.035,4.07252
548,0.00044,0.00032,0.00028,0.035,3.90108
549,0.00036,0.00032,0.00032,0.035,3.89328
550,0.00028,0.00028,0.00032,0.035,4.03068
551,0.0006,0.00052,0.00052,0.035,5.07638
552,0.00032,0.00028,0.00028,0.035,4.09328
553,0.00028,0.00024,0.00024,0.035,3.65264
554,0.00088,0.00064,0.00068,0.035,6.48419
555,0.00036,0.00032,0.00036,0.035,4.19456
556,0.00044,0.00032,0.00032,0.035,4.19168
557,0.00056,0.00044,0.00048,0.035,6.23333
558,0.00052,0.00048,0.00044,0.035,5.2682
559,0.0019,0.00135,0.00195,0.035,7.48999
560,0.00048,0.00036,0.0004,0.035,4.21036
561,0.00036,0.00032,0.00032,0.035,4.17757
562,0.00048,0.0004,0.00044,0.035,4.20252
563,0.00032,0.00032,0.00028,0.035,3.9034
564,0.0017,0.00155,0.00165,0.035,7.1506
565,0.00032,0.00032,0.00036,0.035,4.82348
566,0.00032,0.00032,0.00036,0.035,4.19816
567,0.00104,0.00076,0.00108,0.035,6.33087
568,0.0004,0.0004,0.00044,0.035,4.72264
569,0.00032,0.00032,0.00036,0.035,5.79155
570,0.00096,0.00076,0.001,0.035,6.24138
571,0.00036,0.00036,0.0004,0.035,4.98624
572,0.00036,0.00032,0.0004,0.035,5.67637
573,0.0004,0.00036,0.00036,0.035,10.2196
574,0.00044,0.0004,0.00052,0.035,5.14552
575,0.00032,0.00032,0.00032,0.035,4.0312
576,0.0004,0.00032,0.00036,0.035,3.79172
577,0.00064,0.00064,0.00072,0.035,5.71228
578,0.00036,0.00044,0.00036,0.035,3.91192
579,0.00048,0.0004,0.0004,0.035,4.4336
580,0.00032,0.00032,0.00032,0.035,4.67672
581,0.00032,0.00028,0.00036,0.035,4.33088
582,0.00028,0.00028,0.00032,0.035,4.20856
583,0.0006,0.0006,0.0006,0.035,5.05297
584,0.00115,0.00115,0.00135,0.035,4.19167
585,0.00104,0.00068,0.00076,0.035,5.86558
586,0.00036,0.00032,0.00036,0.035,4.86604
587,0.0004,0.00036,0.00036,0.035,4.21336
588,0.00084,0.00032,0.00032,0.035,3.87944
589,0.0015,0.0018,0.00155,0.035,8.24274
590,0.00044,0.00036,0.00036,0.035,4.36516
591,0.0004,0.00036,0.00044,0.035,4.211
592,0.00175,0.0016,0.00165,0.035,8.64688
593,0.00044,0.00044,0.00044,0.035,5.34234
594,0.00036,0.00028,0.00036,0.035,3.92792
595,0.00024,0.00024,0.00028,0.035,4.19884
596,0.0006,0.00044,0.0006,0.035,5.58565
597,0.00056,0.00044,0.00052,0.035,5.09032
598,0.00165,0.00135,0.0019,0.035,6.96229
599,0.00048,0.00064,0.00052,0.035,4.20516
600,0.0017,0.0013,0.00155,0.035,6.09466
601,0.00032,0.00032,0.0004,0.035,6.11603
602,0.00155,0.0017,0.00155,0.035,6.77462
603,0.0006,0.0006,0.00076,0.035,5.83829
604,0.00032,0.00032,0.00032,0.035,4.12272
605,0.0002,0.0002,0.00028,0.035,3.7432
606,0.00036,0.00032,0.00032,0.035,10.7273
607,0.00032,0.00028,0.00032,0.035,4.06704
608,0.00205,0.0015,0.00155,0.035,6.78166
609,0.00036,0.00036,0.0004,0.035,4.30504
610,0.00032,0.00032,0.00036,0.035,4.06964
611,0.00032,0.00032,0.00032,0.035,4.64537
612,0.00032,0.00032,0.00032,0.035,4.02496
613,0.0004,0.00044,0.00052,0.035,4.9592
614,0.00028,0.00028,0.00028,0.035,3.77668
615,0.00092,0.00072,0.00076,0.035,5.70041
616,0.00044,0.00044,0.00048,0.035,5.12582
617,0.00024,0.00028,0.00024,0.035,4.10692
618,0.00175,0.0013,0.0019,0.035,9.80167
619,0.00072,0.00064,0.00076,0.035,6.33902
620,0.00032,0.00028,0.00024,0.035,7.85817
621,0.00056,0.00044,0.0004,0.035,4.11268
622,0.0006,0.0006,0.00064,0.035,7.61478
623,0.00036,0.00032,0.00032,0.035,4.89828
624,0.0004,0.00028,0.00032,0.035,3.92276
625,0.00044,0.00044,0.00052,0.035,5.49721
626,0.00048,0.00032,0.00036,0.035,5.69498
627,0.00036,0.00032,0.00032,0.035,4.80132
628,0.00044,0.0004,0.00052,0.035,5.1829
629,0.00028,0.00032,0.00028,0.035,5.0224
630,0.00052,0.00044,0.00052,0.035,5.5693
631,0.0008,0.00064,0.00076,0.035,6.17595
632,0.00036,0.0004,0.00044,0.035,5.01466
633,0.00165,0.00135,0.0014,0.035,6.93867
634,0.00052,0.00044,0.00052,0.035,5.17825
635,0.0004,0.0004,0.00036,0.035,5.15724
636,0.00048,0.0004,0.00048,0.035,5.51814
637,0.00032,0.00028,0.0004,0.035,4.63328
638,0.00088,0.0008,0.00068,0.035,6.32467
639,0.00028,0.00032,0.00032,0.035,4.1672
640,0.00052,0.00032,0.0004,0.035,4.59589
641,0.0004,0.0004,0.00044,0.035,4.37596
642,0.00084,0.00084,0.00072,0.035,5.67058
643,0.00044,0.00044,0.00048,0.035,5.05384
644,0.00076,0.00072,0.00072,0.035,6.33685
645,0.0014,0.00115,0.00115,0.035,12.0524
646,0.00036,0.00036,0.0004,0.035,4.91072
647,0.00044,0.00044,0.00044,0.035,5.19133
648,0.00064,0.00052,0.00044,0.035,5.03213
649,0.00175,0.00145,0.00165,0.035,6.62107
650,0.00064,0.00052,0.00056,0.035,5.22605
651,0.0004,0.00044,0.00064,0.035,5.28336
652,0.00052,0.0004,0.0004,0.035,4.7628
653,0.0014,0.00115,0.00135,0.035,7.07128
654,0.00044,0.00044,0.00048,0.035,5.07905
655,0.0004,0.00044,0.00048,0.035,9.80479
656,0.00056,0.00044,0.00068,0.035,5.19193
657,0.0013,0.00125,0.00135,0.035,11.9412
658,0.00052,0.00044,0.00052,0.035,5.40334
659,0.00052,0.00052,0.00052,0.035,5.03773
660,0.00048,0.0004,0.00052,0.035,5.00912
661,0.00068,0.00056,0.00052,0.035,5.61308
662,0.0013,0.00165,0.0014,0.035,9.93313
663,0.00044,0.00048,0.00048,0.035,5.48081
664,0.0012,0.0012,0.00135,0.035,16.4263
665,0.00056,0.00044,0.00052,0.035,5.14081
666,0.00044,0.00044,0.00052,0.035,5.19511
667,0.00036,0.00032,0.00036,0.035,5.50809
668,0.00044,0.00044,0.00052,0.035,5.43825
669,0.0017,0.00135,0.0014,0.035,16.2435
670,0.00048,0.00044,0.00044,0.035,5.22769
671,0.00056,0.00048,0.00052,0.035,5.04822
672,0.00056,0.00048,0.00072,0.035,5.2968
673,0.00064,0.00064,0.0008,0.035,5.83154
674,0.00056,0.00052,0.00052,0.035,5.10949
675,0.00032,0.00032,0.00036,0.035,3.98628
676,0.00032,0.00028,0.00032,0.035,4.1576
677,0.00028,0.00024,0.00032,0.035,3.93848
678,0.00028,0.00028,0.00032,0.035,3.88156
679,0.00036,0.00036,0.0004,0.035,5.24367
680,0.00064,0.00064,0.00068,0.035,4.51784
681,0.00032,0.00032,0.00032,0.035,3.86484
682,0.00028,0.00028,0.00032,0.035,3.72188
683,0.001,0.00064,0.00072,0.035,5.85649
684,0.00028,0.00024,0.00028,0.035,3.82548
685,0.0006,0.0004,0.00052,0.035,5.58634
686,0.00165,0.0013,0.0019,0.035,7.23458
687,0.00048,0.0004,0.0004,0.035,4.42748
688,0.00036,0.00032,0.00036,0.035,4.70778
689,0.00028,0.00024,0.00028,0.035,10.2825
690,0.00052,0.00036,0.0004,0.035,4.60124
691,0.00044,0.00044,0.00052,0.035,4.39324
692,0.00044,0.0004,0.00044,0.035,4.70711
693,0.00032,0.00024,0.00032,0.035,4.06268
694,0.00044,0.00044,0.00048,0.035,5.30025
695,0.00028,0.00028,0.00028,0.035,4.54536
696,0.0004,0.00036,0.00056,0.035,3.94292
697,0.00032,0.00024,0.00028,0.035,3.8448
698,0.00028,0.00024,0.00032,0.035,3.80924
699,0.00028,0.00024,0.00028,0.035,4.05204
700,0.00036,0.00036,0.00032,0.035,4.22472
701,0.0008,0.00064,0.00072,0.035,6.1892
702,0.00024,0.00024,0.00024,0.035,6.24477
703,0.00084,0.0006,0.00092,0.035,6.12919
704,0.00048,0.00044,0.00072,0.035,5.30613
705,0.00092,0.00068,0.00076,0.035,5.88181
706,0.00052,0.0004,0.0004,0.035,12.4211
707,0.00068,0.00072,0.00076,0.035,6.11353
708,0.00048,0.00044,0.00068,0.035,5.33181
709,0.00052,0.00044,0.00056,0.035,5.12097
710,0.0006,0.0006,0.00068,0.035,10.9477
711,0.00076,0.00064,0.00064,0.035,6.38055
712,0.00064,0.0006,0.00068,0.035,5.50307
713,0.0004,0.00036,0.00048,0.035,12.0319
714,0.0004,0.00036,0.0004,0.035,6.53981
715,0.0008,0.00068,0.00096,0.035,6.01686
716,0.00056,0.00048,0.00048,0.035,5.49386
717,0.00048,0.00048,0.00052,0.035,5.47245
718,0.00036,0.00036,0.0004,0.035,4.81116
719,0.00064,0.00064,0.00076,0.035,6.08361
720,0.00076,0.00048,0.00044,0.035,4.93002
721,0.00032,0.00036,0.00032,0.035,4.17472
722,0.00072,0.00072,0.00076,0.035,6.03942
723,0.00088,0.00088,0.0008,0.035,6.26988
724,0.00044,0.00044,0.00052,0.035,5.14697
725,0.0004,0.00044,0.00052,0.035,4.85669
726,0.00076,0.00036,0.00036,0.035,3.75428
727,0.00036,0.00036,0.00032,0.035,3.911
728,0.00028,0.00024,0.00032,0.035,4.01772
729,0.00044,0.0004,0.00048,0.035,4.7238
730,0.00044,0.00044,0.00052,0.035,5.16617
731,0.00032,0.00028,0.00036,0.035,4.08856
732,0.00048,0.00036,0.00032,0.035,3.8996
733,0.00036,0.00036,0.00032,0.035,4.2222
734,0.0004,0.0004,0.00036,0.035,4.44224
735,0.00024,0.00028,0.00028,0.035,4.58984
736,0.00032,0.00032,0.00036,0.035,4.32632
737,0.00032,0.00032,0.00036,0.035,4.26736
738,0.00024,0.00036,0.00028,0.035,4.156
739,0.00028,0.00028,0.00032,0.035,5.08997
740,0.00036,0.00032,0.0004,0.035,4.34288
741,0.00036,0.00036,0.00044,0.035,4.10536
742,0.0006,0.0006,0.00068,0.035,5.07624
743,0.00052,0.00044,0.00052,0.035,5.53601
744,0.00044,0.00044,0.00048,0.035,5.4677
745,0.00044,0.00044,0.00052,0.035,5.24366
746,0.00044,0.00044,0.00044,0.035,6.26189
747,0.00115,0.00125,0.00155,0.035,6.80125
748,0.00032,0.00032,0.00036,0.035,4.2814
749,0.00036,0.00032,0.00036,0.035,4.37208
750,0.00044,0.00044,0.00048,0.035,4.39608
751,0.00056,0.00048,0.00052,0.035,5.24845
752,0.0004,0.0004,0.00044,0.035,5.48355
753,0.00044,0.00056,0.0004,0.035,4.42312
754,0.00036,0.00036,0.0004,0.035,4.58032
755,0.00044,0.00044,0.00052,0.035,5.1233
756,0.00068,0.0006,0.00064,0.035,5.62575
757,0.0008,0.00072,0.00076,0.035,6.08357
758,0.00052,0.00048,0.00044,0.035,5.19401
759,0.00096,0.0006,0.00072,0.035,7.28689
760,0.00048,0.00048,0.00044,0.035,5.22145
761,0.00048,0.00044,0.00048,0.035,4.60669
762,0.0004,0.00036,0.00044,0.035,5.86858
763,0.00032,0.00036,0.00032,0.035,4.64428
764,0.00032,0.00032,0.00036,0.035,4.17908
765,0.00052,0.00044,0.00048,0.035,5.33502
766,0.00024,0.0002,0.00024,0.035,4.29812
767,0.0006,0.00052,0.00052,0.035,5.48623
768,0.0013,0.00074,0.00098,0.035,11.7276
769,0.00052,0.00056,0.00052,0.035,5.6831
770,0.00044,0.0004,0.00052,0.035,5.02721
771,0.0006,0.0006,0.00044,0.035,5.19534
772,0.00088,0.0008,0.00084,0.035,9.40575
773,0.00048,0.0004,0.00052,0.035,4.3094
774,0.00175,0.00125,0.002,0.035,7.6877
775,0.00036,0.00036,0.00036,0.035,4.12264
776,0.00036,0.00028,0.00032,0.035,3.7208
777,0.0006,0.0006,0.00072,0.035,4.44505
778,0.00165,0.00125,0.00165,0.035,4.09449
779,0.00024,0.00028,0.00028,0.035,4.27817
780,0.00076,0.00032,0.00044,0.035,4.4322
781,0.00028,0.00028,0.00032,0.035,4.11352
782,0.00032,0.00032,0.00032,0.035,4.02296
783,0.00028,0.00028,0.00032,0.035,4.07884
784,0.00032,0.00028,0.0004,0.035,3.73732
785,0.00032,0.00028,0.00032,0.035,3.81904
786,0.00028,0.00024,0.00028,0.035,4.07592
787,0.00028,0.00024,0.00024,0.035,3.61844
788,0.0004,0.00032,0.00028,0.035,5.32692
789,0.00064,0.00064,0.00064,0.035,5.03986
790,0.00028,0.00032,0.00032,0.035,3.88996
791,0.0004,0.0004,0.0004,0.035,4.66196
792,0.00036,0.00028,0.0004,0.035,3.8044
793,0.00032,0.00028,0.00036,0.035,3.52288
794,0.00044,0.00044,0.00056,0.035,4.07588
795,0.0004,0.00036,0.00044,0.035,5.50997
796,0.00048,0.00044,0.00048,0.035,5.49613
797,0.0019,0.0015,0.00165,0.035,7.52363
798,0.00052,0.00036,0.0004,0.035,5.49025
799,0.00032,0.00028,0.00032,0.035,4.557
800,0.0006,0.0004,0.00056,0.035,5.00088
801,0.00028,0.00028,0.00028,0.035,4.056
802,0.00072,0.00064,0.00076,0.035,5.97024
803,0.00048,0.0004,0.00048,0.035,4.82012
804,0.00032,0.00028,0.00032,0.035,5.68417
805,0.00056,0.00056,0.00052,0.035,5.61208
806,0.00032,0.00032,0.00032,0.035,4.33432
807,0.00036,0.00028,0.00036,0.035,3.9652
808,0.0016,0.0014,0.0018,0.035,8.54405
809,0.00036,0.00028,0.00036,0.035,4.36496
810,0.00024,0.00016,0.00024,0.035,5.35114
811,0.0006,0.0006,0.00072,0.035,4.53946
812,0.00028,0.00024,0.00032,0.035,3.9614
813,0.00032,0.00028,0.00032,0.035,4.49524
814,0.00032,0.00032,0.00032,0.035,4.58957
815,0.00072,0.00068,0.00072,0.035,5.34127
816,0.0006,0.00044,0.00036,0.035,6.2282
817,0.001,0.00096,0.00088,0.035,6.261
818,0.00036,0.00036,0.0004,0.035,4.20188
819,0.00072,0.00092,0.00088,0.035,6.71182
820,0.00044,0.00044,0.00052,0.035,5.05237
821,0.00092,0.00076,0.00072,0.035,6.09363
822,0.00028,0.00028,0.00028,0.035,6.11477
823,0.00032,0.00036,0.00032,0.035,4.24788
824,0.00048,0.0004,0.00032,0.035,4.22192
825,0.00036,0.00032,0.00036,0.035,4.48828
826,0.00032,0.00032,0.0004,0.035,4.01392
827,0.00032,0.00032,0.0004,0.035,6.02287
828,0.00032,0.00032,0.00036,0.035,4.6294
829,0.00032,0.00032,0.00036,0.035,3.9176
830,0.00032,0.00036,0.0004,0.035,4.39836
831,0.00036,0.00036,0.0004,0.035,4.51412
832,0.00036,0.00036,0.00036,0.035,3.97456
833,0.00048,0.00048,0.00048,0.035,5.35471
834,0.00032,0.00032,0.00048,0.035,4.03164
835,0.00044,0.00044,0.00056,0.035,5.18225
836,0.00032,0.00032,0.00028,0.035,3.80508
837,0.0004,0.00032,0.00036,0.035,4.15064
838,0.00032,0.00028,0.00032,0.035,4.39732
839,0.00032,0.00028,0.00032,0.035,4.20204
840,0.00145,0.0016,0.0018,0.035,7.07845
841,0.00032,0.00036,0.00032,0.035,4.97849
842,0.00032,0.00032,0.00032,0.035,3.91928
843,0.00064,0.00048,0.00052,0.035,5.2915
844,0.00032,0.00032,0.00036,0.035,4.1382
845,0.00032,0.00032,0.0004,0.035,4.15576
846,0.00036,0.00032,0.0004,0.035,4.27096
847,0.00032,0.00032,0.00032,0.035,4.92208
848,0.00052,0.0004,0.0004,0.035,4.11544
849,0.00028,0.00024,0.00024,0.035,3.74348
850,0.00024,0.00024,0.00024,0.035,4.31948
851,0.00044,0.00044,0.00044,0.035,5.66151
852,0.00048,0.00044,0.00044,0.035,5.68507
853,0.00092,0.00072,0.00076,0.035,6.23044
854,0.00195,0.0014,0.00175,0.035,6.76706
855,0.00064,0.00064,0.00068,0.035,6.48387
856,0.00024,0.00024,0.00028,0.035,3.77276
857,0.00088,0.00068,0.0008,0.035,5.76173
858,0.00044,0.0004,0.00044,0.035,4.4334
859,0.00048,0.00048,0.00048,0.035,4.91544
860,0.00028,0.00032,0.00032,0.035,5.53852
861,0.00052,0.0004,0.00044,0.035,5.47461
862,0.00064,0.00064,0.00072,0.035,5.67094
863,0.0015,0.00145,0.0012,0.035,5.75903
864,0.00032,0.00032,0.00032,0.035,8.35511
865,0.00076,0.00068,0.0008,0.035,6.24688
866,0.00052,0.00044,0.00044,0.035,5.38249
867,0.00024,0.00024,0.00024,0.035,4.09968
868,0.00028,0.00024,0.00032,0.035,3.5614
869,0.0004,0.00032,0.00036,0.035,3.81924
870,0.00048,0.00032,0.0004,0.035,4.26716
871,0.00024,0.0002,0.00028,0.035,4.21992
872,0.00048,0.00056,0.00044,0.035,10.3962
873,0.00036,0.00032,0.0004,0.035,4.81592
874,0.00044,0.0004,0.00048,0.035,4.40672
875,0.00036,0.00032,0.00036,0.035,5.3709
876,0.00084,0.00072,0.00072,0.035,4.72034
877,0.00028,0.00024,0.00028,0.035,4.19796
878,0.00044,0.00036,0.0004,0.035,10.2489
879,0.00036,0.00028,0.00036,0.035,4.58336
880,0.00028,0.00028,0.00028,0.035,4.46768
881,0.00032,0.00032,0.00036,0.035,5.44751
882,0.00044,0.00036,0.0004,0.035,4.06248
883,0.0004,0.0004,0.00052,0.035,4.98883
884,0.00072,0.00056,0.00048,0.035,5.06632
885,0.0004,0.00036,0.00036,0.035,4.67328
886,0.00044,0.00044,0.00044,0.035,5.11352
887,0.00028,0.00032,0.00036,0.035,4.1058
888,0.00068,0.0006,0.00064,0.035,4.76096
889,0.00036,0.00036,0.00048,0.035,4.7491
890,0.00032,0.00032,0.00032,0.035,3.94224
891,0.00036,0.00028,0.00028,0.035,3.90972
892,0.00024,0.00024,0.00028,0.035,4.089
893,0.00036,0.00028,0.00032,0.035,4.1114
894,0.00036,0.00032,0.0004,0.035,3.9138
895,0.0004,0.00036,0.00036,0.035,4.09456
896,0.00116,0.00068,0.00076,0.035,6.01156
897,0.0006,0.00044,0.00068,0.035,5.24262
898,0.00044,0.00048,0.0004,0.035,4.3726
899,0.00032,0.00028,0.00032,0.035,3.6962
900,0.0004,0.0004,0.00044,0.035,11.2144
901,0.00048,0.0004,0.0004,0.035,4.13516
902,0.00036,0.00032,0.00036,0.035,4.15352
903,0.00052,0.00052,0.00044,0.035,5.64857
904,0.00036,0.00036,0.00052,0.035,4.70092
905,0.00056,0.00044,0.00052,0.035,5.95085
906,0.00028,0.00032,0.00032,0.035,5.32989
907,0.00028,0.00028,0.00032,0.035,4.62772
908,0.00032,0.00032,0.00028,0.035,3.94468
909,0.00072,0.00072,0.00076,0.035,6.24428
910,0.00032,0.00032,0.00032,0.035,4.91843
911,0.00036,0.00032,0.00036,0.035,4.33204
912,0.00056,0.00044,0.00044,0.035,5.44341
913,0.00044,0.00148,0.00036,0.035,3.62532
914,0.00032,0.00032,0.00028,0.035,4.16348
915,0.00032,0.00032,0.0004,0.035,5.45151
916,0.00028,0.00028,0.00032,0.035,4.05792
917,0.00032,0.00032,0.0004,0.035,4.12624
918,0.00048,0.0004,0.00048,0.035,5.40244
919,0.00028,0.00028,0.00036,0.035,4.041
920,0.00028,0.00024,0.00028,0.035,4.11976
921,0.0002,0.0002,0.00028,0.035,3.74816
922,0.00084,0.00064,0.00092,0.035,5.72317
923,0.00076,0.00064,0.00072,0.035,5.71452
924,0.00052,0.00056,0.00048,0.035,5.45515
925,0.00052,0.00048,0.00048,0.035,5.27734
926,0.00032,0.00028,0.00028,0.035,4.267
927,0.00032,0.00032,0.00032,0.035,4.40172
928,0.00028,0.00028,0.00032,0.035,3.93644
929,0.00084,0.00068,0.00092,0.035,5.34137
930,0.00024,0.00024,0.00028,0.035,3.64304
931,0.00028,0.00032,0.00032,0.035,3.95184
932,0.00032,0.00032,0.00036,0.035,4.12948
933,0.00032,0.00032,0.00036,0.035,3.9144
934,0.0004,0.00036,0.00032,0.035,4.14484
935,0.00064,0.00064,0.00072,0.035,5.60616
936,0.00175,0.00155,0.00145,0.035,9.11057
937,0.00072,0.00064,0.00076,0.035,5.91738
938,0.00056,0.00056,0.00052,0.035,5.35781
939,0.00036,0.00036,0.0004,0.035,5.19976
940,0.00032,0.00032,0.00036,0.035,4.3316
941,0.0016,0.0014,0.002,0.035,7.70128
942,0.00024,0.00024,0.00024,0.035,5.00301
943,0.00028,0.0002,0.0002,0.035,4.70787
944,0.00036,0.00032,0.00028,0.035,4.00672
945,0.00032,0.00036,0.00036,0.035,4.16312
946,0.00072,0.0006,0.00076,0.035,5.74364
947,0.00032,0.00032,0.00028,0.035,4.01808
948,0.00036,0.00028,0.00032,0.035,4.65984
949,0.00044,0.00052,0.00052,0.035,3.91052
950,0.00048,0.00048,0.00048,0.035,4.99363
951,0.00032,0.00028,0.00032,0.035,3.97048
952,0.00092,0.00064,0.00096,0.035,5.52833
953,0.00044,0.00036,0.00036,0.035,4.08812
954,0.0012,0.00115,0.0013,0.035,6.37009
955,0.00036,0.00032,0.0004,0.035,4.463
956,0.0006,0.00044,0.00052,0.035,5.42726
957,0.0023,0.0013,0.00155,0.035,8.37811
958,0.00032,0.00032,0.00028,0.035,3.89656
959,0.00028,0.00028,0.00036,0.035,4.64148
960,0.00056,0.00036,0.00036,0.035,4.12672
961,0.00044,0.00044,0.00044,0.035,4.03125
962,0.00036,0.00032,0.00036,0.035,4.40768
963,0.0008,0.00072,0.00084,0.035,6.30456
964,0.00044,0.0004,0.00044,0.035,4.64644
965,0.00032,0.00032,0.00036,0.035,4.29804
966,0.00072,0.00068,0.00068,0.035,5.78348
967,0.00044,0.00044,0.00044,0.035,5.10665
968,0.00032,0.00028,0.00032,0.035,3.9246
969,0.00028,0.00032,0.00032,0.035,4.0576
970,0.0004,0.0004,0.00044,0.035,3.90664
971,0.00044,0.00044,0.00052,0.035,5.17777
972,0.00036,0.00036,0.00036,0.035,4.45212
973,0.00072,0.00064,0.0008,0.035,6.13193
974,0.00032,0.00028,0.00032,0.035,3.89588
975,0.00044,0.00044,0.00052,0.035,5.42421
976,0.0016,0.00135,0.00185,0.035,6.89042
977,0.0004,0.00036,0.00044,0.035,4.31436
978,0.00032,0.00032,0.00036,0.035,4.26736
979,0.00036,0.00028,0.00036,0.035,3.97444
980,0.00036,0.00032,0.00052,0.035,4.47524
981,0.0004,0.00028,0.00032,0.035,3.823
982,0.00044,0.00044,0.00052,0.035,5.11225
983,0.00028,0.00024,0.00032,0.035,3.83508
984,0.0016,0.0013,0.00195,0.035,7.22711
985,0.0004,0.0004,0.0004,0.035,4.90492
986,0.0004,0.00028,0.00036,0.035,4.5652
987,0.00032,0.00032,0.00036,0.035,4.8669
988,0.00028,0.00028,0.00028,0.035,3.96172
989,0.0002,0.0002,0.00024,0.035,3.24684
990,0.00028,0.00024,0.00024,0.035,3.72492
991,0.00028,0.00032,0.00028,0.035,3.86276
992,0.00028,0.00024,0.00028,0.035,3.90728
993,0.00032,0.00024,0.00028,0.035,3.81632
994,0.00024,0.0002,0.00028,0.035,3.5862
995,0.0016,0.00185,0.0014,0.035,8.15434
996,0.00028,0.00028,0.00032,0.035,4.46656
997,0.00028,0.00024,0.00032,0.035,3.90892
998,0.00028,0.00032,0.00028,0.035,4.47757
999,0.0004,0.00032,0.00036,0.035,4.21828
1000,0.00076,0.00068,0.00084,0.035,5.83457
1001,0.00092,0.00064,0.00096,0.035,5.78378
1002,0.00032,0.00032,0.00032,0.035,5.72287
1003,0.0004,0.00028,0.00032,0.035,4.07136
1004,0.00084,0.00088,0.00084,0.035,6.24508
1005,0.00032,0.00032,0.0004,0.035,4.41684
1006,0.00028,0.00024,0.00028,0.035,4.32976
1007,0.00048,0.0004,0.00052,0.035,3.97232
1008,0.0006,0.0006,0.00068,0.035,4.35083
1009,0.00052,0.0006,0.00044,0.035,5.3781
1010,0.00048,0.00044,0.00064,0.035,5.14264
1011,0.00032,0.00028,0.00028,0.035,3.90464
1012,0.0008,0.00064,0.00068,0.035,5.94708
1013,0.0004,0.00044,0.00044,0.035,4.78313
1014,0.00072,0.0006,0.00076,0.035,6.00915
1015,0.00032,0.00032,0.0004,0.035,4.85164
1016,0.00044,0.00036,0.0006,0.035,4.27016
1017,0.00165,0.0016,0.00175,0.035,7.60878
1018,0.0017,0.00145,0.0016,0.035,7.87986
1019,0.0004,0.00036,0.00036,0.035,3.62832
1020,0.0017,0.0016,0.00165,0.035,7.56638
1021,0.00044,0.00044,0.00048,0.035,5.25868
1022,0.00036,0.00032,0.00036,0.035,4.75328
1023,0.00036,0.00036,0.0004,0.035,3.87192
1024,0.00032,0.00028,0.00028,0.035,3.81692
1025,0.00048,0.00044,0.00052,0.035,5.10193
1026,0.00044,0.00044,0.00044,0.035,6.10309
1027,0.00175,0.0015,0.00155,0.035,7.41619
1028,0.0004,0.00048,0.00036,0.035,4.29634
1029,0.00032,0.00032,0.00036,0.035,3.89404
1030,0.00024,0.00032,0.00024,0.035,4.16928
1031,0.0006,0.00056,0.00052,0.035,5.66274
1032,0.00052,0.00028,0.00032,0.035,4.24216
1033,0.0004,0.00036,0.0004,0.035,3.872
1034,0.00032,0.00032,0.00036,0.035,4.07872
1035,0.00048,0.00036,0.00032,0.035,4.1894
1036,0.00088,0.00036,0.00036,0.035,4.36412
1037,0.00032,0.00028,0.00032,0.035,4.1142
1038,0.00092,0.00072,0.00076,0.035,5.62377
1039,0.00032,0.00032,0.00032,0.035,4.0838
1040,0.00076,0.00052,0.00044,0.035,5.0854
1041,0.00056,0.00048,0.00048,0.035,5.38441
1042,0.00028,0.00024,0.00028,0.035,3.8414
1043,0.00044,0.00044,0.00044,0.035,5.55596
1044,0.0004,0.00044,0.0004,0.035,4.27012
1045,0.0006,0.00044,0.00052,0.035,5.05274
1046,0.00048,0.00048,0.00052,0.035,4.1892
1047,0.00048,0.00048,0.00044,0.035,4.0168
1048,0.0004,0.0004,0.00052,0.035,5.33691
1049,0.0008,0.00068,0.00076,0.035,5.67959
1050,0.00044,0.00044,0.00048,0.035,4.32869
1051,0.00052,0.00044,0.00052,0.035,5.683
1052,0.00028,0.00028,0.00028,0.035,4.03548
1053,0.00044,0.00044,0.00044,0.035,4.87976
1054,0.00056,0.00048,0.00064,0.035,5.51242
1055,0.00068,0.00056,0.00072,0.035,3.94404
1056,0.00032,0.00028,0.00036,0.035,4.31504
1057,0.00084,0.00076,0.00104,0.035,6.20292
1058,0.00048,0.00044,0.00052,0.035,4.34032
1059,0.00032,0.00028,0.00032,0.035,4.15244
1060,0.00088,0.00064,0.00104,0.035,6.36708
1061,0.00044,0.00048,0.00036,0.035,4.2062
1062,0.0017,0.00145,0.0019,0.035,9.96621
1063,0.0004,0.00036,0.00036,0.035,4.46664
1064,0.00032,0.00032,0.00028,0.035,3.68056
1065,0.0014,0.00175,0.00165,0.035,8.77503
1066,0.00028,0.00028,0.00032,0.035,4.16036
1067,0.00084,0.00072,0.0008,0.035,6.21621
1068,0.00044,0.00044,0.00044,0.035,5.53018
1069,0.00112,0.00072,0.00072,0.035,5.9798
1070,0.00048,0.00044,0.00052,0.035,5.57975
1071,0.00036,0.00036,0.0004,0.035,4.34504
1072,0.00068,0.00044,0.00052,0.035,4.94964
1073,0.00036,0.00032,0.00032,0.035,4.19884
1074,0.00044,0.00044,0.00044,0.035,5.03742
1075,0.00052,0.00044,0.00044,0.035,5.29132
1076,0.00096,0.00068,0.00096,0.035,6.13791
1077,0.00052,0.00044,0.00044,0.035,5.43423
1078,0.0004,0.00036,0.00036,0.035,6.42796
1079,0.00056,0.00056,0.00052,0.035,4.84904
1080,0.00028,0.00028,0.00028,0.035,10.1438
1081,0.0004,0.00032,0.00036,0.035,5.75778
1082,0.00028,0.00028,0.00028,0.035,5.87377
1083,0.00036,0.00036,0.00036,0.035,4.82212
1084,0.00032,0.00032,0.00036,0.035,5.61912
1085,0.00048,0.0004,0.00048,0.035,6.05446
1086,0.00028,0.00032,0.00032,0.035,4.49656
1087,0.00076,0.00064,0.00072,0.035,6.48201
1088,0.00048,0.00044,0.00052,0.035,5.10257
1089,0.0004,0.00032,0.00036,0.035,4.57688
1090,0.0016,0.0014,0.0015,0.035,7.15629
1091,0.00024,0.00024,0.00024,0.035,3.66664
1092,0.00036,0.00036,0.00032,0.035,3.73784
1093,0.00024,0.00028,0.00028,0.035,4.1552
1094,0.0013,0.00135,0.0013,0.035,5.08963
1095,0.00036,0.00032,0.00032,0.035,4.50232
1096,0.00032,0.00032,0.00036,0.035,4.18728
1097,0.00032,0.00032,0.00032,0.035,4.09972
1098,0.0015,0.0015,0.00175,0.035,6.94528
1099,0.00028,0.00028,0.00028,0.035,3.79244
1100,0.00092,0.00028,0.00032,0.035,3.98608
1101,0.00048,0.00032,0.0004,0.035,3.873
1102,0.00032,0.00028,0.00028,0.035,4.19912
1103,0.00036,0.00036,0.0004,0.035,4.29244
1104,0.00044,0.00028,0.00044,0.035,3.83136
1105,0.00032,0.00024,0.00028,0.035,4.04964
1106,0.00084,0.00064,0.00096,0.035,5.53762
1107,0.00052,0.0004,0.00036,0.035,4.07236
1108,0.00044,0.00044,0.00052,0.035,5.10532
1109,0.00048,0.00044,0.00052,0.035,4.85909
1110,0.00088,0.00064,0.00068,0.035,6.372
1111,0.00032,0.00028,0.00032,0.035,3.89892
1112,0.00032,0.00032,0.00032,0.035,4.37348
1113,0.00048,0.0004,0.00036,0.035,4.00132
1114,0.00028,0.00032,0.00032,0.035,3.81332
1115,0.00044,0.00044,0.00052,0.035,4.94776
1116,0.00064,0.00052,0.00048,0.035,5.2759
1117,0.00032,0.00032,0.00032,0.035,4.35856
1118,0.00032,0.00028,0.00032,0.035,3.63852
1119,0.00024,0.00024,0.00024,0.035,3.62744
1120,0.00056,0.00044,0.00044,0.035,5.19189
1121,0.00056,0.00044,0.00048,0.035,5.20531
1122,0.00036,0.00032,0.00032,0.035,4.24816
1123,0.00048,0.00032,0.00032,0.035,4.22472
1124,0.00044,0.0004,0.00048,0.035,4.23788
1125,0.00048,0.00044,0.00052,0.035,5.02981
1126,0.00044,0.00044,0.00052,0.035,5.7573
1127,0.00032,0.00032,0.00032,0.035,4.19376
1128,0.00064,0.0006,0.00076,0.035,5.65542
1129,0.00028,0.00028,0.00032,0.035,3.87524
1130,0.00032,0.00036,0.00028,0.035,3.82948
1131,0.0006,0.00052,0.00048,0.035,5.40741
1132,0.00064,0.0006,0.00068,0.035,6.14851
1133,0.00032,0.00028,0.00028,0.035,4.07364
1134,0.0017,0.00155,0.00145,0.035,6.78113
1135,0.00032,0.00028,0.00032,0.035,9.73197
1136,0.00036,0.00032,0.00036,0.035,4.3976
1137,0.00096,0.00064,0.00072,0.035,5.79787
1138,0.0015,0.0013,0.00155,0.035,8.98965
1139,0.0014,0.00175,0.00165,0.035,7.19253
1140,0.00048,0.0006,0.00044,0.035,5.41623
1141,0.00135,0.0017,0.00145,0.035,7.97167
1142,0.00072,0.00072,0.00096,0.035,6.60735
1143,0.00028,0.00028,0.00032,0.035,4.02452
1144,0.00185,0.0016,0.00165,0.035,6.42917
1145,0.0008,0.00064,0.001,0.035,5.58915
1146,0.0015,0.00185,0.0016,0.035,8.33705
1147,0.00044,0.00044,0.00048,0.035,5.42012
1148,0.00032,0.00028,0.00032,0.035,5.20106
1149,0.00028,0.00024,0.00032,0.035,4.4298
1150,0.00048,0.00048,0.00052,0.035,5.091
1151,0.00032,0.00032,0.00036,0.035,3.77668
1152,0.0017,0.00155,0.0016,0.035,7.0366
1153,0.0006,0.00048,0.00072,0.035,5.42397
1154,0.0006,0.00044,0.00068,0.035,5.21196
1155,0.0013,0.0016,0.00175,0.035,7.52658
1156,0.0006,0.0006,0.0006,0.035,5.50084
1157,0.00044,0.00044,0.00048,0.035,5.60691
1158,0.00048,0.00064,0.00052,0.035,5.5149
1159,0.00048,0.00044,0.00048,0.035,5.65826
1160,0.00044,0.00048,0.0004,0.035,6.2144
1161,0.00072,0.0006,0.00072,0.035,5.53536
1162,0.00044,0.0004,0.00052,0.035,5.16094
1163,0.00048,0.00052,0.00048,0.035,4.53776
1164,0.0006,0.00048,0.00052,0.035,5.2098
1165,0.0006,0.0006,0.00072,0.035,5.31678
1166,0.00028,0.00024,0.00032,0.035,4.8486
1167,0.00044,0.00044,0.00048,0.035,5.71993
1168,0.00048,0.00044,0.00068,0.035,5.28277
1169,0.00084,0.00064,0.00096,0.035,5.99725
1170,0.0006,0.00048,0.00056,0.035,5.15549
1171,0.00044,0.0004,0.00044,0.035,4.52589
1172,0.00072,0.00072,0.00072,0.035,5.94122
1173,0.00044,0.0004,0.00052,0.035,7.74603
1174,0.00044,0.0004,0.00048,0.035,5.28185
1175,0.00076,0.00088,0.0006,0.035,4.38268
1176,0.00064,0.00068,0.00048,0.035,5.53824
1177,0.00044,0.0004,0.00052,0.035,4.98809
1178,0.00068,0.0006,0.0006,0.035,5.63977
1179,0.0004,0.00028,0.00032,0.035,3.93052
1180,0.00068,0.00072,0.00076,0.035,5.97354
1181,0.00052,0.00052,0.00048,0.035,5.42012
1182,0.00036,0.00036,0.00036,0.035,4.12108
1183,0.00048,0.00048,0.00052,0.035,5.65774
1184,0.00064,0.00048,0.00048,0.035,5.09276
1185,0.00052,0.00052,0.00048,0.035,5.17993
1186,0.00044,0.00044,0.00052,0.035,5.25998
1187,0.00135,0.00145,0.00145,0.035,8.953
1188,0.0013,0.0013,0.00135,0.035,5.35457
1189,0.0004,0.0004,0.00044,0.035,11.2006
1190,0.00036,0.00032,0.0004,0.035,4.28524
1191,0.0004,0.00048,0.00044,0.035,4.33996
1192,0.00032,0.00028,0.00036,0.035,5.0915
1193,0.00032,0.00036,0.00032,0.035,3.69816
1194,0.00024,0.00024,0.00028,0.035,3.64368
1195,0.00036,0.00032,0.00032,0.035,4.54036
1196,0.00024,0.00028,0.00028,0.035,10.2537
1197,0.0004,0.00036,0.0004,0.035,11.5799
1198,0.00044,0.00044,0.00052,0.035,5.51532
1199,0.00032,0.00024,0.00032,0.035,5.89944
1200,0.00028,0.00028,0.00036,0.035,4.03992
1201,0.00036,0.00032,0.00032,0.035,4.07456
1202,0.0006,0.0006,0.00064,0.035,4.57485
1203,0.0006,0.00052,0.00052,0.035,4.1304
1204,0.00036,0.00024,0.00024,0.035,4.08584
1205,0.00036,0.00036,0.0004,0.035,4.32464
1206,0.00032,0.00028,0.00032,0.035,4.70888
1207,0.00052,0.00032,0.00032,0.035,12.1038
1208,0.00072,0.00088,0.00064,0.035,3.59726
1209,0.00028,0.00032,0.00032,0.035,4.2084
1210,0.00032,0.0004,0.00024,0.035,4.0116
1211,0.0004,0.00028,0.00036,0.035,4.21584
1212,0.00056,0.00056,0.00044,0.035,4.90852
1213,0.00032,0.00032,0.00032,0.035,4.1752
1214,0.00036,0.00036,0.0004,0.035,4.83164
1215,0.00088,0.00072,0.0008,0.035,6.13252
1216,0.00044,0.00044,0.00048,0.035,4.5004
1217,0.00024,0.00028,0.00024,0.035,3.77648
1218,0.00044,0.00032,0.00036,0.035,4.48252
1219,0.00028,0.00028,0.00032,0.035,4.0272
1220,0.0004,0.00032,0.00036,0.035,4.38604
1221,0.00036,0.00036,0.00032,0.035,3.99372
1222,0.00028,0.00028,0.00028,0.035,3.82788
1223,0.00024,0.00028,0.00024,0.035,3.86828
1224,0.00044,0.0004,0.00048,0.035,4.33332
1225,0.00044,0.00044,0.00052,0.035,5.2184
1226,0.00028,0.00032,0.00032,0.035,4.0028
1227,0.00032,0.00028,0.00036,0.035,5.71422
1228,0.00032,0.00028,0.00032,0.035,4.55464
1229,0.00064,0.00044,0.00052,0.035,4.89904
1230,0.00032,0.00036,0.00056,0.035,5.61779
1231,0.00052,0.00048,0.00044,0.035,5.08356
1232,0.00048,0.00044,0.00076,0.035,5.39714
1233,0.00036,0.00036,0.00036,0.035,6.66784
1234,0.00036,0.00032,0.00036,0.035,4.1702
1235,0.0004,0.00028,0.00036,0.035,4.193
1236,0.00036,0.00036,0.00036,0.035,5.07506
1237,0.00024,0.00028,0.00028,0.035,4.80163
1238,0.00036,0.00036,0.00028,0.035,4.39692
1239,0.00028,0.00028,0.00032,0.035,3.76124
1240,0.00028,0.00028,0.00032,0.035,3.956
1241,0.00028,0.00028,0.00028,0.035,3.65772
1242,0.00064,0.00052,0.00052,0.035,5.36888
1243,0.00044,0.00044,0.00052,0.035,5.31394
1244,0.00036,0.00032,0.00032,0.035,5.33383
1245,0.00044,0.00044,0.00048,0.035,4.90689
1246,0.00044,0.00044,0.00044,0.035,5.51763
1247,0.00076,0.0004,0.00028,0.035,3.98428
1248,0.0006,0.00056,0.00048,0.035,5.29213
1249,0.00036,0.00036,0.0004,0.035,4.13536
1250,0.00036,0.00032,0.00032,0.035,4.256
1251,0.00032,0.00032,0.00032,0.035,3.89384
1252,0.00024,0.00028,0.00028,0.035,4.02484
1253,0.0019,0.00145,0.0015,0.035,6.73396
1254,0.00028,0.00028,0.00036,0.035,4.37536
1255,0.00032,0.00032,0.00032,0.035,4.14012
1256,0.00032,0.00028,0.00032,0.035,4.6044
1257,0.00028,0.00028,0.00036,0.035,3.8252
1258,0.00032,0.00028,0.00032,0.035,3.91136
1259,0.00028,0.00024,0.00024,0.035,3.43696
1260,0.00028,0.00024,0.00028,0.035,4.29096
1261,0.00056,0.00052,0.00048,0.035,4.45584
1262,0.00028,0.00028,0.00036,0.035,4.80252
1263,0.00056,0.00036,0.0004,0.035,5.41111
1264,0.00032,0.00036,0.0004,0.035,5.03995
1265,0.00028,0.00024,0.00032,0.035,3.90952
1266,0.00028,0.00024,0.00028,0.035,3.6858
1267,0.00032,0.00028,0.00036,0.035,4.04708
1268,0.00036,0.00028,0.00028,0.035,10.6644
1269,0.00028,0.00028,0.00028,0.035,3.86592
1270,0.00036,0.00032,0.00032,0.035,4.76268
1271,0.00032,0.00032,0.0004,0.035,4.56052
1272,0.00064,0.00044,0.00048,0.035,4.37828
1273,0.00032,0.00032,0.0004,0.035,4.29792
1274,0.00048,0.00036,0.00032,0.035,4.64728
1275,0.00032,0.00032,0.00036,0.035,4.0638
1276,0.00052,0.00044,0.00072,0.035,4.86933
1277,0.00028,0.00028,0.00032,0.035,4.0412
1278,0.00048,0.00044,0.00052,0.035,5.48801
1279,0.0004,0.00036,0.0004,0.035,4.38756
1280,0.00044,0.00036,0.0004,0.035,3.95584
1281,0.00036,0.00032,0.00036,0.035,4.23652
1282,0.00048,0.0004,0.00056,0.035,4.39616
1283,0.00032,0.00032,0.00032,0.035,4.13488
1284,0.00068,0.00064,0.00072,0.035,6.24785
1285,0.00044,0.00032,0.00036,0.035,4.33872
1286,0.0017,0.00145,0.00155,0.035,6.99758
1287,0.00048,0.00036,0.00036,0.035,10.2674
1288,0.00048,0.00048,0.00052,0.035,5.11104
1289,0.00032,0.00032,0.00032,0.035,5.1812
1290,0.00048,0.0004,0.00052,0.035,3.83816
1291,0.00032,0.00028,0.00036,0.035,3.77116
1292,0.00048,0.0004,0.0004,0.035,4.57516
1293,0.00032,0.00032,0.00036,0.035,4.14896
1294,0.00036,0.00024,0.00028,0.035,8.49072
1295,0.0004,0.00044,0.00048,0.035,4.9977
1296,0.00032,0.00032,0.00036,0.035,3.95236
1297,0.00044,0.00044,0.00052,0.035,5.38378
1298,0.00052,0.00044,0.00048,0.035,5.3438
1299,0.00036,0.00032,0.00032,0.035,4.0218
1300,0.00044,0.00044,0.00052,0.035,5.66286
1301,0.00084,0.00068,0.00076,0.035,6.74031
1302,0.00032,0.00028,0.00032,0.035,4.00756
1303,0.00056,0.00044,0.00068,0.035,5.14309
1304,0.00028,0.00024,0.00024,0.035,3.67624
1305,0.0004,0.00036,0.0004,0.035,4.45816
1306,0.00032,0.00028,0.00028,0.035,5.46955
1307,0.0004,0.00032,0.00036,0.035,4.21092
1308,0.00032,0.00032,0.00032,0.035,4.0668
1309,0.00072,0.00048,0.00048,0.035,4.29612
1310,0.0004,0.0004,0.00044,0.035,4.348
1311,0.0004,0.00036,0.0004,0.035,6.18671
1312,0.00028,0.00032,0.00036,0.035,3.90852
1313,0.00036,0.00032,0.00036,0.035,4.52072
1314,0.00145,0.00155,0.0018,0.035,7.25711
1315,0.00036,0.00036,0.00032,0.035,4.20468
1316,0.00032,0.00032,0.00036,0.035,4.3094
1317,0.00052,0.00052,0.00052,0.035,5.04636
1318,0.00028,0.00024,0.00028,0.035,4.09312
1319,0.00024,0.00024,0.00032,0.035,3.77672
1320,0.00028,0.00028,0.00032,0.035,4.05284
1321,0.00036,0.00036,0.00036,0.035,4.74773
1322,0.00036,0.00028,0.00032,0.035,4.22468
1323,0.00032,0.00028,0.00036,0.035,4.2378
1324,0.00036,0.00032,0.00056,0.035,3.97872
1325,0.00032,0.00028,0.00032,0.035,4.19004
1326,0.0006,0.0006,0.00068,0.035,5.36259
1327,0.00032,0.00032,0.00036,0.035,4.44656
1328,0.00036,0.00032,0.00032,0.035,4.018
1329,0.00036,0.00036,0.00036,0.035,4.19772
1330,0.00036,0.00032,0.00036,0.035,10.5186
1331,0.00032,0.00032,0.00032,0.035,4.11596
1332,0.00064,0.00044,0.0004,0.035,3.91
1333,0.00032,0.00032,0.00032,0.035,4.38804
1334,0.00032,0.00032,0.00028,0.035,4.174
1335,0.00032,0.00028,0.00032,0.035,3.93936
1336,0.00175,0.0016,0.00165,0.035,9.36531
1337,0.00092,0.00072,0.00096,0.035,6.11707
1338,0.00044,0.0004,0.00036,0.035,4.81132
1339,0.00088,0.00064,0.00096,0.035,6.04818
1340,0.0004,0.00032,0.00032,0.035,4.807
1341,0.0004,0.00032,0.0004,0.035,4.0846
1342,0.00048,0.00048,0.00052,0.035,5.19357
1343,0.00044,0.00036,0.00036,0.035,4.3404
1344,0.00175,0.00155,0.00165,0.035,8.45576
1345,0.00032,0.00028,0.00028,0.035,4.32888
1346,0.00044,0.00044,0.00052,0.035,5.32969
1347,0.00044,0.00048,0.00052,0.035,5.22652
1348,0.00072,0.00064,0.00096,0.035,6.4678
1349,0.0006,0.00056,0.00052,0.035,5.17321
1350,0.00068,0.00068,0.0006,0.035,4.10276
1351,0.00044,0.00044,0.00048,0.035,5.07
1352,0.00056,0.00044,0.00068,0.035,5.32321
1353,0.0016,0.00155,0.0016,0.035,6.99214
1354,0.00032,0.00032,0.00032,0.035,4.59368
1355,0.00036,0.00032,0.00032,0.035,4.81417
1356,0.00032,0.00036,0.00036,0.035,3.9006
1357,0.0017,0.00135,0.0019,0.035,6.8553
1358,0.00044,0.00036,0.00036,0.035,4.30392
1359,0.00032,0.00032,0.00036,0.035,4.41452
1360,0.00088,0.00084,0.00076,0.035,6.22241
1361,0.00036,0.0004,0.00044,0.035,4.52804
1362,0.00064,0.00052,0.00048,0.035,5.46105
1363,0.00036,0.00036,0.00036,0.035,5.18162
1364,0.0004,0.0004,0.00044,0.035,4.25944
1365,0.00028,0.00028,0.00028,0.035,4.03088
1366,0.00048,0.00044,0.00056,0.035,5.42201
1367,0.00088,0.00084,0.0006,0.035,4.07148
1368,0.0004,0.0004,0.00064,0.035,4.20688
1369,0.00044,0.00044,0.00044,0.035,4.59176
1370,0.00032,0.00032,0.00036,0.035,4.7441
1371,0.00044,0.00052,0.00048,0.035,4.2809
1372,0.00036,0.00036,0.00036,0.035,4.2172
1373,0.00044,0.00032,0.00036,0.035,4.1066
1374,0.00048,0.00048,0.00052,0.035,5.70721
1375,0.0002,0.00024,0.00024,0.035,3.6348
1376,0.00036,0.00028,0.00028,0.035,4.01292
1377,0.00028,0.00028,0.00032,0.035,4.0268
1378,0.00028,0.00032,0.00032,0.035,3.88872
1379,0.00036,0.00032,0.00028,0.035,3.73
1380,0.00024,0.00024,0.00032,0.035,3.83732
1381,0.00028,0.00024,0.00032,0.035,3.79628
1382,0.00024,0.00024,0.00028,0.035,3.69148
1383,0.00048,0.00048,0.00044,0.035,5.11281
1384,0.00052,0.00044,0.00068,0.035,5.26557
1385,0.00052,0.00056,0.00048,0.035,5.21693
1386,0.00036,0.00032,0.0004,0.035,4.33164
1387,0.00024,0.00024,0.00024,0.035,4.35212
1388,0.00044,0.0004,0.00044,0.035,4.73802
1389,0.00028,0.00024,0.00028,0.035,3.87428
1390,0.00056,0.00048,0.00064,0.035,5.06957
1391,0.00028,0.00028,0.00032,0.035,4.1682
1392,0.00032,0.00028,0.00036,0.035,4.02668
1393,0.00036,0.00036,0.00036,0.035,4.3446
1394,0.00036,0.00036,0.0004,0.035,4.8472
1395,0.00032,0.00036,0.00036,0.035,4.10924
1396,0.00028,0.00024,0.00044,0.035,3.944
1397,0.00044,0.00056,0.00044,0.035,4.49364
1398,0.00056,0.00036,0.0004,0.035,4.69492
1399,0.0002,0.0002,0.0002,0.035,5.54566
1400,0.00036,0.00036,0.0004,0.035,10.7665
1401,0.00205,0.00135,0.0016,0.035,8.30638
1402,0.00032,0.00028,0.00028,0.035,4.89857
1403,0.00068,0.00072,0.00076,0.035,6.00461
1404,0.00036,0.00032,0.00044,0.035,4.06632
1405,0.00175,0.00145,0.00155,0.035,8.27612
1406,0.00032,0.00032,0.00036,0.035,4.20304
1407,0.00056,0.00048,0.00048,0.035,4.22464
1408,0.00024,0.00016,0.0002,0.035,5.32436
1409,0.0004,0.00036,0.0004,0.035,4.53324
1410,0.00036,0.00036,0.00044,0.035,5.04797
1411,0.00028,0.00028,0.00036,0.035,4.07076
1412,0.00032,0.00028,0.00036,0.035,4.91361
1413,0.00032,0.00036,0.00036,0.035,4.30928
1414,0.00028,0.00028,0.00032,0.035,4.19732
1415,0.0017,0.0015,0.00165,0.035,8.77773
1416,0.0015,0.0018,0.00155,0.035,8.48435
1417,0.00155,0.0013,0.00155,0.035,6.82527
1418,0.0006,0.00048,0.0004,0.035,4.7874
1419,0.0008,0.0006,0.00096,0.035,5.6645
1420,0.00104,0.00048,0.00108,0.035,4.5178
1421,0.00032,0.00032,0.00036,0.035,4.08552
1422,0.00036,0.00032,0.00044,0.035,4.666
1423,0.00032,0.00036,0.0004,0.035,4.16944
1424,0.00044,0.00048,0.0004,0.035,4.22548
1425,0.00056,0.0004,0.00044,0.035,4.4182
1426,0.00036,0.00036,0.0004,0.035,4.55945
1427,0.0004,0.00036,0.0004,0.035,3.99136
1428,0.0004,0.00044,0.00048,0.035,3.69796
1429,0.00036,0.00036,0.00036,0.035,3.99268
1430,0.00032,0.00036,0.00036,0.035,4.49532
1431,0.00075,0.0006,0.00072,0.035,3.89271
1432,0.00036,0.00032,0.00052,0.035,3.91156
1433,0.00028,0.00024,0.00032,0.035,3.5598
1434,0.0008,0.00072,0.00084,0.035,6.11877
1435,0.0019,0.00155,0.0016,0.035,8.71592
1436,0.00028,0.00028,0.00032,0.035,4.14904
1437,0.00032,0.00032,0.00028,0.035,3.81788
1438,0.00028,0.00028,0.00028,0.035,3.92024
1439,0.00048,0.00048,0.00052,0.035,4.97816
1440,0.00072,0.00064,0.00076,0.035,5.90271
1441,0.00024,0.00024,0.00024,0.035,3.80496
1442,0.0008,0.00076,0.0008,0.035,5.91385
1443,0.00044,0.00044,0.00052,0.035,5.32165
1444,0.00028,0.00028,0.00028,0.035,3.81556
1445,0.00048,0.0004,0.00048,0.035,4.84464
1446,0.00028,0.00028,0.00032,0.035,8.76127
1447,0.00028,0.00028,0.00024,0.035,3.83476
1448,0.00036,0.00028,0.00036,0.035,4.19052
1449,0.00032,0.00028,0.00032,0.035,4.0956
1450,0.00036,0.00036,0.0004,0.035,4.67456
1451,0.00032,0.00032,0.00032,0.035,4.21524
1452,0.0004,0.00044,0.00048,0.035,4.47276
1453,0.00056,0.00052,0.0006,0.035,5.10768
1454,0.0004,0.00036,0.0004,0.035,4.26636
1455,0.00032,0.00032,0.00036,0.035,3.91936
1456,0.00048,0.00044,0.00072,0.035,5.32393
1457,0.00028,0.0004,0.00032,0.035,4.051
1458,0.00064,0.00064,0.00072,0.035,5.59525
1459,0.00044,0.00044,0.00048,0.035,3.98052
1460,0.00036,0.00032,0.00032,0.035,4.01944
1461,0.00036,0.00036,0.00028,0.035,3.9906
1462,0.00084,0.00064,0.00108,0.035,6.11063
1463,0.00044,0.0004,0.00052,0.035,5.102
1464,0.00088,0.00076,0.00084,0.035,6.18752
1465,0.0004,0.00032,0.00036,0.035,4.13552
1466,0.00032,0.00028,0.00028,0.035,3.97728
1467,0.00044,0.00044,0.00044,0.035,4.13492
1468,0.00048,0.00044,0.00072,0.035,4.5696
1469,0.00052,0.00052,0.00052,0.035,5.36893
1470,0.00048,0.00048,0.00052,0.035,5.19793
1471,0.00032,0.00032,0.00036,0.035,4.0946
1472,0.00048,0.00044,0.00072,0.035,5.44666
1473,0.00044,0.00044,0.00048,0.035,5.77965
1474,0.00068,0.0004,0.00048,0.035,6.19071
1475,0.0004,0.00044,0.0004,0.035,3.97452
1476,0.00052,0.00048,0.00072,0.035,5.10693
1477,0.00028,0.00024,0.00024,0.035,3.74656
1478,0.00036,0.00032,0.0004,0.035,4.91472
1479,0.00072,0.00052,0.00048,0.035,4.4174
1480,0.00155,0.0013,0.002,0.035,7.49122
1481,0.00032,0.00028,0.00032,0.035,4.14504
1482,0.0017,0.00135,0.00175,0.035,6.75033
1483,0.00032,0.00028,0.00032,0.035,3.95272
1484,0.00096,0.0006,0.00064,0.035,4.25974
1485,0.00044,0.00052,0.0004,0.035,4.73041
1486,0.00076,0.00068,0.00076,0.035,5.83384
1487,0.00048,0.00044,0.00052,0.035,5.55397
1488,0.00036,0.00032,0.0004,0.035,5.15649
1489,0.00044,0.00044,0.00048,0.035,4.43636
1490,0.00032,0.00032,0.00032,0.035,4.455
1491,0.00024,0.00024,0.00028,0.035,10.107
1492,0.00052,0.00036,0.0004,0.035,4.22972
1493,0.0004,0.00036,0.00036,0.035,4.16812
1494,0.00032,0.00028,0.00032,0.035,4.38004
1495,0.00205,0.0013,0.00165,0.035,7.22586
1496,0.00036,0.00028,0.00032,0.035,4.91545
1497,0.00032,0.00028,0.00032,0.035,4.08008
1498,0.00032,0.00032,0.00032,0.035,3.80444
1499,0.0002,0.0002,0.00028,0.035,4.0858
1500,0.00036,0.00028,0.0004,0.035,4.27964
1501,0.00032,0.00028,0.00032,0.035,4.4676
1502,0.00072,0.00032,0.00036,0.035,4.06392
1503,0.00096,0.00068,0.001,0.035,6.32345
1504,0.0004,0.00028,0.00052,0.035,3.96048
1505,0.0013,0.0013,0.00135,0.035,4.13223
1506,0.00028,0.00024,0.00028,0.035,3.84024
1507,0.00052,0.00048,0.00056,0.035,5.75059
1508,0.00088,0.0008,0.00084,0.035,6.39056
1509,0.00155,0.0016,0.0018,0.035,8.14284
1510,0.00048,0.00044,0.00052,0.035,5.52348
1511,0.0004,0.00036,0.00032,0.035,3.877
1512,0.00028,0.00028,0.00032,0.035,3.764
1513,0.00032,0.00028,0.00032,0.035,4.59433
1514,0.00036,0.00036,0.00032,0.035,3.91096
1515,0.00028,0.00028,0.00028,0.035,3.8484
1516,0.00032,0.00036,0.0004,0.035,4.1268
1517,0.00028,0.00028,0.00028,0.035,3.98752
1518,0.00032,0.00028,0.00028,0.035,4.11136
1519,0.00028,0.00028,0.00036,0.035,4.02228
1520,0.00072,0.00048,0.00048,0.035,5.19569
1521,0.00036,0.00032,0.00036,0.035,10.9058
1522,0.00036,0.00032,0.0004,0.035,4.73128
1523,0.00032,0.00024,0.00032,0.035,3.85788
1524,0.00052,0.00044,0.00076,0.035,5.72817
1525,0.00052,0.00048,0.00048,0.035,5.94403
1526,0.00032,0.00036,0.00028,0.035,3.93512
1527,0.00064,0.0006,0.00068,0.035,5.68483
1528,0.00048,0.00044,0.00052,0.035,5.1336
1529,0.00032,0.00028,0.00036,0.035,3.56248
1530,0.0004,0.0004,0.0004,0.035,4.25316
1531,0.00032,0.00032,0.00032,0.035,4.2172
1532,0.00024,0.00024,0.00024,0.035,3.98504
1533,0.00052,0.00044,0.00048,0.035,4.8348
1534,0.00052,0.00056,0.00048,0.035,5.21784
1535,0.00048,0.00048,0.00052,0.035,5.04761
1536,0.00044,0.00044,0.00052,0.035,5.105
1537,0.00044,0.00044,0.00044,0.035,5.04636
1538,0.00044,0.00044,0.00052,0.035,5.16214
1539,0.00072,0.00068,0.00072,0.035,5.0713
1540,0.00036,0.00032,0.00052,0.035,4.8524
1541,0.00032,0.00028,0.00036,0.035,5.78315
1542,0.00044,0.00036,0.00048,0.035,5.02767
1543,0.001,0.00064,0.00096,0.035,5.75848
1544,0.00032,0.00032,0.00032,0.035,4.33148
1545,0.00032,0.00028,0.00032,0.035,3.8222
1546,0.00036,0.00028,0.00028,0.035,4.61465
1547,0.00048,0.00048,0.00056,0.035,5.03981
1548,0.00052,0.00044,0.00048,0.035,5.02621
1549,0.00165,0.0023,0.0037,0.035,8.98305
1550,0.00024,0.00028,0.00024,0.035,3.61876
1551,0.00024,0.00028,0.00028,0.035,3.85492
1552,0.00044,0.00048,0.00044,0.035,4.27416
1553,0.00032,0.00024,0.00032,0.035,4.09516
1554,0.00028,0.00024,0.00028,0.035,4.01216
1555,0.00024,0.00024,0.00028,0.035,3.94832
1556,0.00032,0.00032,0.00032,0.035,5.11472
1557,0.00032,0.00028,0.00032,0.035,3.81112
1558,0.00044,0.0004,0.00052,0.035,5.11181
1559,0.00064,0.00112,0.0012,0.035,4.99904
1560,0.00036,0.00036,0.0004,0.035,4.22688
1561,0.00028,0.00028,0.00032,0.035,3.86792
1562,0.00028,0.00024,0.00028,0.035,3.52648
1563,0.00068,0.00052,0.00076,0.035,5.20581
1564,0.00032,0.00028,0.00028,0.035,4.00376
1565,0.00036,0.00036,0.00036,0.035,4.15928
1566,0.00028,0.00028,0.00032,0.035,4.88016
1567,0.00032,0.00032,0.00036,0.035,4.09248
1568,0.00048,0.0004,0.0004,0.035,4.10716
1569,0.00032,0.00028,0.00036,0.035,3.88156
1570,0.00044,0.0004,0.00048,0.035,4.76288
1571,0.00036,0.00028,0.00036,0.035,4.20896
1572,0.00024,0.00024,0.00028,0.035,7.37471
1573,0.00032,0.00032,0.00032,0.035,4.98856
1574,0.00036,0.00028,0.00036,0.035,3.924
1575,0.0004,0.00036,0.00044,0.035,4.07456
1576,0.00072,0.00064,0.00072,0.035,5.71673
1577,0.00044,0.00044,0.00044,0.035,4.54168
1578,0.00044,0.00036,0.00044,0.035,5.04336
1579,0.0004,0.00036,0.0004,0.035,4.0518
1580,0.00032,0.00028,0.00028,0.035,4.4978
1581,0.00056,0.00048,0.00056,0.035,6.52999
1582,0.0004,0.0004,0.0004,0.035,5.2352
1583,0.0006,0.00044,0.00052,0.035,5.46721
1584,0.00088,0.00064,0.00084,0.035,5.65987
1585,0.00056,0.00048,0.00048,0.035,5.07332
1586,0.00044,0.00032,0.00044,0.035,5.39828
1587,0.00028,0.00028,0.00028,0.035,5.95577
1588,0.00036,0.00032,0.00036,0.035,6.17768
1589,0.00052,0.00044,0.00052,0.035,5.20432
1590,0.00032,0.00032,0.00032,0.035,4.399
1591,0.00044,0.00044,0.00044,0.035,5.08856
1592,0.00056,0.00056,0.00052,0.035,5.85193
1593,0.00044,0.00044,0.00052,0.035,5.43216
1594,0.00076,0.0008,0.00092,0.035,6.41047
1595,0.00044,0.0004,0.00048,0.035,5.83565
1596,0.00036,0.00032,0.00036,0.035,4.16564
1597,0.00024,0.0002,0.00024,0.035,3.96184
1598,0.00076,0.00068,0.00076,0.035,6.08794
1599,0.00028,0.00028,0.00032,0.035,6.49016
1600,0.00032,0.00032,0.0004,0.035,9.52406
1601,0.0008,0.00068,0.00076,0.035,6.17397
1602,0.00044,0.0004,0.00048,0.035,3.6938
1603,0.00036,0.00032,0.00032,0.035,5.87782
1604,0.00048,0.00044,0.00068,0.035,5.41578
1605,0.00048,0.0004,0.00036,0.035,4.40048
1606,0.00028,0.00028,0.0004,0.035,6.47088
1607,0.00064,0.00056,0.00052,0.035,5.6187
1608,0.00048,0.00044,0.00044,0.035,5.73041
1609,0.00048,0.00048,0.00052,0.035,5.16738
1610,0.00052,0.00044,0.00048,0.035,5.36002
1611,0.0004,0.00032,0.00036,0.035,4.24896
1612,0.00048,0.00048,0.00044,0.035,5.29709
1613,0.00048,0.00056,0.00052,0.035,5.49821
1614,0.00056,0.00048,0.00052,0.035,5.6285
1615,0.00036,0.00036,0.00044,0.035,4.02944
1616,0.0004,0.00036,0.00036,0.035,4.68072
1617,0.00165,0.00135,0.00195,0.035,7.91982
1618,0.0004,0.0004,0.00044,0.035,5.08792
1619,0.00076,0.00064,0.00072,0.035,5.44097
1620,0.0006,0.00067,0.00074,0.035,5.66229
1621,0.00048,0.00044,0.00052,0.035,5.56481
1622,0.001,0.00064,0.0008,0.035,5.83258
1623,0.00052,0.00064,0.00048,0.035,5.37277
1624,0.00044,0.00048,0.00048,0.035,4.80681
1625,0.00044,0.00032,0.00036,0.035,4.41424
1626,0.00048,0.00048,0.00052,0.035,5.30574
1627,0.00044,0.0004,0.00044,0.035,3.9806
1628,0.00048,0.00048,0.00048,0.035,5.22008
1629,0.00024,0.00024,0.00028,0.035,3.77068
1630,0.00032,0.00032,0.00032,0.035,4.49808
1631,0.00032,0.00028,0.00036,0.035,4.51368
1632,0.00036,0.00036,0.00036,0.035,4.18276
1633,0.00032,0.00028,0.00032,0.035,4.05128
1634,0.00036,0.00032,0.00036,0.035,3.82476
1635,0.00028,0.00028,0.00024,0.035,4.09412
1636,0.00036,0.00032,0.00028,0.035,4.02976
1637,0.00044,0.00044,0.00044,0.035,4.09584
1638,0.00036,0.00028,0.00036,0.035,4.08236
1639,0.00088,0.00064,0.00096,0.035,6.0714
1640,0.00032,0.00028,0.00032,0.035,5.17201
1641,0.0006,0.00044,0.00044,0.035,4.36872
1642,0.0004,0.00044,0.00044,0.035,4.29808
1643,0.00052,0.00048,0.00052,0.035,4.20348
1644,0.0004,0.00044,0.00052,0.035,4.18736
1645,0.00036,0.00032,0.00036,0.035,4.73064
1646,0.00032,0.00036,0.00032,0.035,4.17656
1647,0.00175,0.0016,0.00165,0.035,7.11333
1648,0.00032,0.00028,0.00032,0.035,4.04632
1649,0.0004,0.00032,0.00032,0.035,3.75924
1650,0.0004,0.0004,0.00044,0.035,4.02404
1651,0.00036,0.00036,0.00036,0.035,4.34608
1652,0.00036,0.00032,0.00036,0.035,4.48584
1653,0.00032,0.00032,0.00032,0.035,3.9076
1654,0.00048,0.00032,0.00044,0.035,4.19988
1655,0.00036,0.00036,0.00048,0.035,5.55946
1656,0.00024,0.00028,0.00028,0.035,4.25964
1657,0.00024,0.00024,0.00024,0.035,3.69272
1658,0.00024,0.00024,0.00024,0.035,3.7098
1659,0.00032,0.00028,0.00028,0.035,3.93708
1660,0.00024,0.00028,0.00024,0.035,3.93396
1661,0.00028,0.00028,0.00032,0.035,3.99784
1662,0.00036,0.00032,0.00036,0.035,4.33776
1663,0.00044,0.00044,0.00052,0.035,5.53518
1664,0.0004,0.0004,0.00044,0.035,4.09168
1665,0.00036,0.00032,0.00032,0.035,4.06636
1666,0.00052,0.00064,0.00048,0.035,5.68053
1667,0.00032,0.00032,0.00032,0.035,4.00036
1668,0.00032,0.00032,0.00036,0.035,4.06504
1669,0.00032,0.00032,0.00036,0.035,4.72876
1670,0.00032,0.00028,0.00032,0.035,4.28688
1671,0.00032,0.00028,0.00032,0.035,5.64403
1672,0.00044,0.00044,0.00044,0.035,4.11037
1673,0.00028,0.00028,0.00028,0.035,3.93176
1674,0.0017,0.0013,0.0019,0.035,7.27607
1675,0.00024,0.00024,0.00032,0.035,4.14384
1676,0.00032,0.0004,0.00032,0.035,4.59688
1677,0.00028,0.00024,0.00028,0.035,3.98912
1678,0.00044,0.00044,0.00044,0.035,4.29636
1679,0.00028,0.00028,0.00028,0.035,3.37832
1680,0.00028,0.00024,0.00032,0.035,3.85896
1681,0.00032,0.00032,0.00032,0.035,4.20012
1682,0.00044,0.00044,0.00056,0.035,4.98765
1683,0.00024,0.00024,0.00028,0.035,3.87544
1684,0.00036,0.00036,0.0004,0.035,4.55936
1685,0.0004,0.00044,0.00048,0.035,4.1454
1686,0.00036,0.00032,0.00032,0.035,4.5546
1687,0.00044,0.00044,0.00048,0.035,6.33494
1688,0.00084,0.00064,0.00072,0.035,5.92946
1689,0.00088,0.00072,0.0008,0.035,6.00407
1690,0.00048,0.00044,0.00052,0.035,5.17198
1691,0.00165,0.00155,0.0017,0.035,9.99297
1692,0.00048,0.00052,0.0004,0.035,4.73828
1693,0.00076,0.00076,0.0008,0.035,6.76841
1694,0.00056,0.00048,0.00056,0.035,5.56636
1695,0.00036,0.00036,0.00036,0.035,5.13315
1696,0.00024,0.00028,0.00028,0.035,4.09312
1697,0.00084,0.00072,0.00072,0.035,5.88486
1698,0.00056,0.00044,0.0006,0.035,4.11688
1699,0.00048,0.0004,0.0004,0.035,3.93428
1700,0.00044,0.00044,0.00044,0.035,7.42238
1701,0.00044,0.00032,0.0004,0.035,7.58417
1702,0.00036,0.00028,0.00032,0.035,4.49608
1703,0.00032,0.00032,0.00036,0.035,4.73805
1704,0.00048,0.00048,0.00048,0.035,5.62142
1705,0.00056,0.00032,0.00044,0.035,4.08752
1706,0.00036,0.00036,0.00036,0.035,4.18572
1707,0.00064,0.00064,0.00072,0.035,6.76123
1708,0.00032,0.00028,0.00036,0.035,3.9406
1709,0.00032,0.00032,0.00032,0.035,3.90252
1710,0.00028,0.00032,0.00028,0.035,4.27492
1711,0.00028,0.00032,0.00032,0.035,4.1544
1712,0.0016,0.00155,0.0017,0.035,9.13114
1713,0.00088,0.00076,0.00072,0.035,5.8756
1714,0.0004,0.0004,0.00052,0.035,4.94092
1715,0.00036,0.00036,0.00036,0.035,5.29351
1716,0.00032,0.00024,0.00028,0.035,4.03124
1717,0.0006,0.0006,0.00072,0.035,4.98362
1718,0.00084,0.0008,0.00072,0.035,4.95017
1719,0.00044,0.0004,0.00052,0.035,5.53024
1720,0.00028,0.0002,0.00024,0.035,10.9102
1721,0.00096,0.00076,0.00076,0.035,6.20718
1722,0.00044,0.0004,0.00052,0.035,4.0931
1723,0.0004,0.00028,0.00028,0.035,3.96944
1724,0.0016,0.0013,0.0019,0.035,7.5204
1725,0.00036,0.00032,0.00036,0.035,4.29784
1726,0.00024,0.00024,0.0002,0.035,4.39276
1727,0.00032,0.00032,0.00028,0.035,4.66784
1728,0.00052,0.00052,0.00048,0.035,5.40437
1729,0.00036,0.0004,0.0004,0.035,4.44912
1730,0.0017,0.0015,0.00155,0.035,8.25906
1731,0.00032,0.00032,0.00036,0.035,4.27492
1732,0.0004,0.00036,0.0004,0.035,4.07088
1733,0.00032,0.00032,0.00028,0.035,4.48504
1734,0.00044,0.00032,0.0004,0.035,6.25288
1735,0.00092,0.00064,0.00096,0.035,6.11
1736,0.00048,0.0004,0.00044,0.035,4.13624
1737,0.00088,0.00072,0.00072,0.035,6.08358
1738,0.00032,0.00036,0.00036,0.035,4.01372
1739,0.00024,0.00024,0.00032,0.035,3.64604
1740,0.0002,0.00024,0.00024,0.035,3.6094
1741,0.00048,0.0004,0.0004,0.035,4.24668
1742,0.00032,0.00032,0.00036,0.035,4.12828
1743,0.00036,0.00044,0.00036,0.035,4.70266
1744,0.00036,0.00032,0.0004,0.035,4.16684
1745,0.00036,0.00032,0.0004,0.035,4.05928
1746,0.00044,0.0004,0.0004,0.035,3.84004
1747,0.00032,0.00028,0.00032,0.035,4.20744
1748,0.00056,0.00048,0.0004,0.035,4.31576
1749,0.0004,0.0004,0.00036,0.035,4.10872
1750,0.00036,0.00032,0.00032,0.035,3.99548
1751,0.00084,0.00032,0.00032,0.035,3.91328
1752,0.00044,0.0004,0.00052,0.035,4.53952
1753,0.00032,0.00032,0.00032,0.035,4.18712
1754,0.00032,0.00032,0.00036,0.035,4.11396
1755,0.00048,0.0004,0.0004,0.035,4.52296
1756,0.0004,0.00036,0.00052,0.035,4.15096
1757,0.00068,0.00056,0.00048,0.035,5.46965
1758,0.00036,0.00036,0.00036,0.035,5.44726
1759,0.00032,0.00028,0.00032,0.035,4.56477
1760,0.00096,0.0008,0.0008,0.035,6.22045
1761,0.00048,0.00048,0.00048,0.035,5.50745
1762,0.00032,0.00028,0.00036,0.035,5.10244
1763,0.00032,0.00032,0.00032,0.035,4.213
1764,0.00048,0.0004,0.0004,0.035,4.79442
1765,0.00145,0.00135,0.0019,0.035,7.25932
1766,0.00036,0.00028,0.00036,0.035,4.22764
1767,0.00044,0.00044,0.00052,0.035,5.54197
1768,0.00072,0.0006,0.00064,0.035,4.43861
1769,0.00032,0.00032,0.0004,0.035,4.19352
1770,0.0004,0.0004,0.00044,0.035,3.9254
1771,0.00024,0.00024,0.00024,0.035,4.21008
1772,0.00036,0.00036,0.00044,0.035,5.21486
1773,0.00036,0.00032,0.00036,0.035,4.43952
1774,0.00036,0.00024,0.00028,0.035,3.94392
1775,0.00032,0.00032,0.00032,0.035,4.29228
1776,0.00036,0.00036,0.0004,0.035,4.52404
1777,0.00032,0.00032,0.00036,0.035,4.01812
1778,0.0008,0.00064,0.00076,0.035,5.96754
1779,0.0004,0.00044,0.00032,0.035,6.82685
1780,0.00036,0.00036,0.0004,0.035,5.04816
1781,0.00052,0.00056,0.00052,0.035,5.59228
1782,0.00044,0.00044,0.00044,0.035,5.19308
1783,0.00044,0.0004,0.00048,0.035,6.05496
1784,0.00044,0.0004,0.0004,0.035,6.27744
1785,0.00032,0.00032,0.00036,0.035,4.22052
1786,0.00032,0.00032,0.00032,0.035,4.63561
1787,0.0004,0.00036,0.00036,0.035,4.23984
1788,0.00044,0.00036,0.00044,0.035,4.52112
1789,0.00052,0.00044,0.00044,0.035,4.7312
1790,0.00028,0.00024,0.00024,0.035,4.56213
1791,0.00044,0.0004,0.00048,0.035,4.65564
1792,0.00028,0.00032,0.00044,0.035,4.09528
1793,0.00032,0.00028,0.00032,0.035,3.84552
1794,0.00028,0.00028,0.00036,0.035,4.15336
1795,0.00036,0.00028,0.00032,0.035,3.9534
1796,0.0004,0.00036,0.00032,0.035,4.08012
1797,0.00036,0.00032,0.00036,0.035,4.24208
1798,0.00032,0.00028,0.00032,0.035,4.64084
1799,0.00052,0.00044,0.00068,0.035,5.50437
1800,0.00048,0.0004,0.0004,0.035,5.08537
1801,0.00064,0.00064,0.00064,0.035,5.83108
1802,0.00048,0.00044,0.00044,0.035,4.17432
1803,0.00056,0.00048,0.00064,0.035,5.44309
1804,0.00076,0.00028,0.00032,0.035,4.16652
1805,0.00068,0.0006,0.00072,0.035,4.22351
1806,0.0018,0.0016,0.00165,0.035,9.35225
1807,0.00032,0.00032,0.00032,0.035,4.14824
1808,0.00032,0.00028,0.00032,0.035,4.31132
1809,0.00032,0.00032,0.00028,0.035,4.00868
1810,0.00032,0.00032,0.0004,0.035,4.14584
1811,0.0004,0.00036,0.00044,0.035,4.40584
1812,0.00032,0.00032,0.00036,0.035,4.43512
1813,0.00032,0.00028,0.00036,0.035,4.2676
1814,0.0004,0.00044,0.0004,0.035,4.26628
1815,0.00036,0.00032,0.0004,0.035,4.65136
1816,0.00028,0.00032,0.00032,0.035,4.41044
1817,0.00036,0.00028,0.00032,0.035,4.97904
1818,0.00155,0.0013,0.00155,0.035,7.18892
1819,0.0004,0.00032,0.00036,0.035,4.0336
1820,0.00028,0.00024,0.00032,0.035,4.00412
1821,0.00064,0.00052,0.00048,0.035,5.29657
1822,0.00036,0.00032,0.0004,0.035,4.18108
1823,0.00072,0.00032,0.00036,0.035,3.92644
1824,0.0008,0.00056,0.00044,0.035,5.38977
1825,0.00056,0.00064,0.00056,0.035,5.33186
1826,0.00044,0.0004,0.00044,0.035,4.08624
1827,0.00068,0.00064,0.00064,0.035,6.47911
1828,0.00052,0.0006,0.00052,0.035,5.64633
1829,0.00028,0.00024,0.0002,0.035,4.70044
1830,0.00064,0.00064,0.00076,0.035,6.33059
1831,0.00044,0.00044,0.00052,0.035,5.28289
1832,0.00052,0.00044,0.00068,0.035,5.02998
1833,0.00044,0.00032,0.00036,0.035,4.4059
1834,0.00032,0.00032,0.00036,0.035,4.36156
1835,0.00048,0.00048,0.00044,0.035,5.05122
1836,0.0004,0.0004,0.0004,0.035,4.727
1837,0.0004,0.00032,0.00036,0.035,5.47221
1838,0.00088,0.00064,0.00096,0.035,5.79019
1839,0.0006,0.00056,0.0004,0.035,6.55743
1840,0.00032,0.00028,0.00036,0.035,4.85724
1841,0.00036,0.0004,0.00036,0.035,4.1272
1842,0.00044,0.00044,0.00048,0.035,5.22993
1843,0.00052,0.00048,0.00044,0.035,5.27957
1844,0.00072,0.00072,0.00072,0.035,5.80083
1845,0.00052,0.00044,0.00048,0.035,5.12004
1846,0.00028,0.00028,0.00036,0.035,5.02214
1847,0.00072,0.00064,0.00076,0.035,6.18054
1848,0.00096,0.00084,0.00068,0.035,6.02261
1849,0.00048,0.00048,0.00048,0.035,5.25757
1850,0.00165,0.00155,0.0015,0.035,8.4703
1851,0.00036,0.00036,0.00044,0.035,4.08588
1852,0.00028,0.00028,0.00032,0.035,5.42424
1853,0.0002,0.00024,0.00028,0.035,3.60484
1854,0.00032,0.00028,0.00028,0.035,4.27164
1855,0.00044,0.00044,0.00048,0.035,4.26964
1856,0.00032,0.00032,0.00036,0.035,4.07648
1857,0.00048,0.00052,0.00048,0.035,3.77008
1858,0.0004,0.00036,0.00044,0.035,5.17097
1859,0.00032,0.00032,0.00032,0.035,4.39956
1860,0.00036,0.00032,0.0004,0.035,4.29728
1861,0.00048,0.00048,0.00048,0.035,4.76544
1862,0.00028,0.00028,0.00032,0.035,10.5492
1863,0.00072,0.00072,0.00072,0.035,5.71276
1864,0.00036,0.00028,0.00048,0.035,3.99804
1865,0.00032,0.00032,0.00032,0.035,4.13376
1866,0.00036,0.00028,0.00036,0.035,4.7358
1867,0.00044,0.00044,0.00048,0.035,10.154
1868,0.0021,0.0013,0.00135,0.035,7.71289
1869,0.00076,0.00072,0.00096,0.035,6.29765
1870,0.00175,0.00135,0.0019,0.035,10.2596
1871,0.00044,0.00044,0.00052,0.035,5.22153
1872,0.0017,0.00175,0.00165,0.035,8.38791
1873,0.00032,0.00032,0.00032,0.035,4.559
1874,0.0004,0.0004,0.00048,0.035,3.96036
1875,0.00028,0.00024,0.00028,0.035,4.13328
1876,0.00028,0.00028,0.00032,0.035,4.46781
1877,0.00024,0.00024,0.00028,0.035,3.53804
1878,0.00032,0.00024,0.00028,0.035,3.82944
1879,0.00028,0.00028,0.00028,0.035,3.74952
1880,0.0004,0.00036,0.0004,0.035,4.75293
1881,0.0018,0.0014,0.0018,0.035,6.91274
1882,0.00036,0.00036,0.00036,0.035,4.00812
1883,0.0016,0.0016,0.00155,0.035,6.4823
1884,0.0004,0.0004,0.00052,0.035,4.481
1885,0.0004,0.00036,0.0004,0.035,5.03831
1886,0.00084,0.00032,0.00032,0.035,4.16252
1887,0.00028,0.00028,0.00028,0.035,4.07528
1888,0.00036,0.00032,0.00036,0.035,4.71104
1889,0.00096,0.00064,0.00076,0.035,6.02032
1890,0.00064,0.00048,0.00056,0.035,5.0086
1891,0.00048,0.00044,0.00052,0.035,5.30379
1892,0.00032,0.0004,0.00028,0.035,3.89384
1893,0.00032,0.00036,0.00032,0.035,3.9376
1894,0.0004,0.0004,0.00044,0.035,5.34263
1895,0.00044,0.00048,0.00044,0.035,5.5966
1896,0.0015,0.00135,0.0019,0.035,7.06975
1897,0.00032,0.00036,0.00036,0.035,4.84329
1898,0.00048,0.00044,0.00044,0.035,5.15701
1899,0.00032,0.00036,0.00032,0.035,4.40108
1900,0.00036,0.00032,0.00036,0.035,4.10984
1901,0.00032,0.00032,0.00028,0.035,4.00792
1902,0.00036,0.00032,0.00032,0.035,4.3942
1903,0.00028,0.00028,0.00032,0.035,3.93848
1904,0.00028,0.00024,0.00028,0.035,3.67084
1905,0.00028,0.00028,0.00028,0.035,4.20964
1906,0.00036,0.00036,0.00032,0.035,4.14024
1907,0.00028,0.00032,0.00028,0.035,3.74632
1908,0.00032,0.00028,0.00032,0.035,3.9238
1909,0.00036,0.00032,0.00036,0.035,3.97888
1910,0.00044,0.00044,0.00044,0.035,4.09592
1911,0.00036,0.00028,0.00032,0.035,3.7984
1912,0.00088,0.00072,0.00068,0.035,5.94496
1913,0.0014,0.0013,0.0014,0.035,15.2488
1914,0.00044,0.00044,0.00052,0.035,5.23996
1915,0.00052,0.00048,0.00048,0.035,5.0988
1916,0.00052,0.00052,0.0006,0.035,4.91178
1917,0.00072,0.00052,0.00052,0.035,7.51948
1918,0.0006,0.0006,0.0006,0.035,7.38022
1919,0.00036,0.00036,0.00032,0.035,4.79642
1920,0.00044,0.00048,0.00052,0.035,4.61969
1921,0.00036,0.00032,0.00028,0.035,4.03248
1922,0.00052,0.00044,0.00052,0.035,5.24667
1923,0.00072,0.00072,0.00072,0.035,5.94935
1924,0.00028,0.00024,0.00028,0.035,4.17572
1925,0.00048,0.00044,0.00048,0.035,4.8272
1926,0.0013,0.0013,0.00135,0.035,6.72623
1927,0.00123,0.00115,0.00135,0.035,5.8232
1928,0.00044,0.00028,0.00032,0.035,4.28148
1929,0.0004,0.0004,0.00048,0.035,5.08268
1930,0.00032,0.00032,0.00028,0.035,3.8512
1931,0.00028,0.00024,0.00028,0.035,5.31325
1932,0.0008,0.00064,0.00072,0.035,6.17769
1933,0.00135,0.0012,0.0012,0.035,7.0137
1934,0.00072,0.00064,0.00072,0.035,5.98442
1935,0.00032,0.00032,0.00036,0.035,5.94116
1936,0.00044,0.00044,0.00048,0.035,5.38226
1937,0.00044,0.00048,0.00044,0.035,5.21564
1938,0.00064,0.00064,0.00072,0.035,5.50153
1939,0.0002,0.0002,0.00024,0.035,4.19508
1940,0.00032,0.00024,0.00032,0.035,5.0201
1941,0.00052,0.00064,0.00048,0.035,5.18204
1942,0.00044,0.00044,0.00048,0.035,5.08121
1943,0.00076,0.0006,0.00064,0.035,10.6626
1944,0.001,0.00076,0.00064,0.035,6.5093
1945,0.00032,0.00032,0.00032,0.035,4.69958
1946,0.00052,0.0004,0.00056,0.035,4.48732
1947,0.00048,0.00048,0.00052,0.035,5.58762
1948,0.0011,0.0012,0.00115,0.035,11.292
1949,0.00044,0.00044,0.00052,0.035,5.129
1950,0.0017,0.0015,0.00155,0.035,8.65126
1951,0.0017,0.0013,0.00195,0.035,7.11423
1952,0.0006,0.00044,0.00068,0.035,5.15021
1953,0.00056,0.00048,0.00056,0.035,5.22137
1954,0.00052,0.00052,0.00064,0.035,4.95125
1955,0.00115,0.0013,0.0013,0.035,5.60931
1956,0.00044,0.00044,0.00068,0.035,5.38718
1957,0.00048,0.00048,0.00052,0.035,5.86691
1958,0.0012,0.0011,0.00115,0.035,6.00432
1959,0.00044,0.0004,0.00044,0.035,4.94356
1960,0.0004,0.00036,0.0004,0.035,5.19228
1961,0.00068,0.0006,0.00076,0.035,5.63752
1962,0.00044,0.00044,0.00048,0.035,5.42626
1963,0.00044,0.00044,0.00044,0.035,5.05485
1964,0.00028,0.00028,0.00032,0.035,4.96348
1965,0.00048,0.00044,0.00052,0.035,5.23126
1966,0.00028,0.00028,0.00028,0.035,7.45012
1967,0.0014,0.00135,0.00135,0.035,6.77503
1968,0.00145,0.0013,0.00195,0.035,6.69327
1969,0.00044,0.00044,0.00044,0.035,5.17521
1970,0.0004,0.0004,0.00044,0.035,11.7027
1971,0.00048,0.00044,0.00052,0.035,5.24521
1972,0.00032,0.00032,0.00032,0.035,4.24124
1973,0.00024,0.00024,0.00028,0.035,3.43208
1974,0.00044,0.00036,0.0004,0.035,3.73928
1975,0.00032,0.00028,0.00032,0.035,3.77424
1976,0.0004,0.00036,0.00036,0.035,4.18136
1977,0.00028,0.00032,0.00036,0.035,4.29924
1978,0.00028,0.00032,0.00036,0.035,4.85911
1979,0.0004,0.00028,0.00036,0.035,3.77764
1980,0.00032,0.00032,0.00028,0.035,3.8186
1981,0.0004,0.00036,0.00036,0.035,4.30184
1982,0.00048,0.00044,0.00044,0.035,4.58297
1983,0.00032,0.00028,0.00032,0.035,4.63336
1984,0.00044,0.00044,0.00052,0.035,5.50444
