ffmpeg_write_finished_ms,ffmpeg_write_started_ms,frame_scheduled_ms,future_completed_ms,in_flight_at_ordered,in_flight_at_schedule,index,job_submitted_ms,ordered_output_ms,queue_put_finished_ms,queue_put_started_ms,result_observed_ms,shm_copy_finished_ms,shm_released_ms,shm_view_ready_ms,slot_acquired_ms,submit_started_ms,worker_done_ms,worker_pid,worker_render_finished_ms,worker_render_started_ms,worker_started_ms
1243.2027,1241.1882,317.8423,1241.04,8,0,0,559.3296,1241.0545,1241.0666,1241.0556,1241.0423,600.6875,1243.201,1241.0596,317.863,317.8672,600.6875,56152,594.9319,559.7083,559.7072
1336.273,1243.2175,559.337,1241.0491,7,1,1,794.6107,1241.0676,1241.0713,1241.0685,1241.05,609.2776,1336.2664,1241.0695,559.3586,559.3643,609.2776,56152,604.1702,601.1612,601.1593
1741.9263,1336.5218,794.624,1336.4185,8,2,2,1020.3236,1336.4583,1336.4679,1336.4591,1336.4215,1029.0428,1741.9175,1336.4618,794.6744,794.6787,1029.0428,56152,1023.6459,1020.6354,1020.632
1744.7575,1741.9546,1020.33,1336.429,7,3,3,1020.706,1336.4689,1336.4731,1336.4698,1336.4302,1300.2316,1744.7516,1336.4712,1020.354,1020.3584,1300.2316,52892,1295.2761,1241.0303,1241.0275
1752.3575,1744.7769,1020.7089,1336.44,6,4,4,1240.5516,1336.4738,1336.4772,1336.4746,1336.4409,1285.8338,1752.3531,1336.4756,1020.7194,1020.7219,1285.8338,52904,1280.0625,1241.4128,1241.4079
1755.3991,1752.3711,1240.566,1336.4492,5,5,5,1240.9443,1336.4778,1336.4813,1336.4785,1336.4498,1251.1266,1755.3934,1336.4795,1240.5972,1240.6023,1251.1266,56152,1245.8197,1241.9122,1241.9076
1758.8377,1755.4221,1240.9469,1336.4534,4,6,6,1240.9804,1336.4819,1336.4852,1336.4827,1336.454,1287.5679,1758.8349,1336.4836,1240.9576,1240.9599,1287.5679,9628,1281.5712,1241.9369,1241.9361
1762.6623,1758.8561,1240.9819,1336.4349,3,7,7,1241.0216,1336.4858,1336.4889,1336.4865,1336.4357,1259.6182,1762.6583,1336.4874,1240.989,1240.9908,1259.6182,56152,1254.8668,1251.4776,1251.4758
1767.9551,1762.6782,1241.0727,1336.4448,2,6,8,1243.2829,1336.4894,1336.4927,1336.4903,1336.4455,1266.2883,1767.944,1336.4913,1243.238,1243.2423,1266.2883,56152,1262.9329,1259.9631,1259.9605
1772.0182,1768.217,1243.2858,1768.1391,8,7,9,1336.3841,1768.1471,1768.1627,1768.1486,1768.1403,1344.6259,1772.0158,1768.1536,1336.3186,1336.3239,1344.6259,56152,1341.5221,1336.9718,1336.9684
1775.0486,1772.0299,1336.4945,1768.1251,7,1,10,1742.225,1768.1641,1768.1694,1768.1654,1768.1287,1764.771,1775.0442,1768.1669,1742.0131,1742.031,1764.771,52904,1753.762,1742.6713,1742.6681
1785.2464,1783.9969,1742.2354,1783.8723,8,2,11,1744.8481,1783.8977,1783.922,1783.899,1783.8783,1782.9042,1785.2441,1783.9052,1744.8033,1744.8077,1782.9042,9628,1759.8473,1745.2244,1745.2197
1789.7531,1785.2666,1744.8518,1775.4346,7,3,12,1752.6104,1783.9242,1783.9321,1783.9258,1775.4377,1774.3477,1789.7494,1783.9277,1752.461,1752.4819,1774.3477,52892,1760.6332,1753.063,1753.0583
1792.3258,1789.7706,1752.6176,1775.2198,6,4,13,1755.6205,1783.9331,1783.9392,1783.935,1775.2228,1773.4665,1792.3165,1783.9365,1755.4747,1755.4862,1773.4665,56152,1762.5719,1756.0695,1756.0656
1794.7047,1792.5495,1755.6283,1792.491,8,5,14,1759.093,1792.5032,1792.5172,1792.5045,1792.4942,1785.1581,1794.7022,1792.5083,1758.9153,1758.9312,1785.1581,52904,1776.1773,1765.3269,1765.3196
1802.8453,1794.9177,1759.1065,1794.814,8,6,15,1762.9717,1794.8261,1794.8401,1794.8275,1794.8165,1791.315,1802.8404,1794.8303,1762.7511,1762.7714,1791.315,56152,1780.9126,1774.1058,1774.1031
1806.16,1803.0843,1762.9835,1803.0166,8,7,16,1768.0684,1803.0307,1803.0459,1803.032,1803.0212,1794.2176,1806.1504,1803.0348,1768.0204,1768.0258,1794.2176,52892,1781.5838,1775.3296,1775.3263
1812.358,1809.9405,1768.171,1809.8699,8,6,17,1772.1537,1809.8826,1809.897,1809.8838,1809.8721,1809.0144,1812.3559,1809.8869,1772.0782,1772.0866,1809.0144,9628,1796.8692,1783.6608,1783.656
1815.7796,1812.3694,1772.1583,1806.6598,7,7,18,1775.1783,1809.8982,1809.9041,1809.8992,1806.6619,1805.5502,1815.7663,1809.9016,1775.105,1775.1139,1805.5502,52904,1795.4689,1786.3026,1786.2979
1827.229,1825.2807,1783.9416,1825.183,8,5,19,1785.5484,1825.2068,1825.2282,1825.2081,1825.1866,1824.2641,1827.2268,1825.2139,1785.3473,1785.3659,1824.2641,56152,1804.7705,1792.626,1792.6174
1831.3298,1827.2504,1785.553,1816.0842,7,6,20,1790.0315,1825.2298,1825.2361,1825.2313,1816.0877,1813.4482,1831.3256,1825.2331,1789.8478,1789.8614,1813.4482,52892,1802.5812,1795.0293,1795.0224
1834.0562,1831.6317,1790.0452,1831.5384,8,7,21,1792.4535,1831.5472,1831.5673,1831.5487,1831.5397,1824.7285,1834.052,1831.5549,1792.4105,1792.4157,1824.7285,52904,1815.5442,1806.4054,1806.4004
1836.4508,1834.0805,1792.5188,1831.5284,7,7,22,1794.7907,1831.5687,1831.5752,1831.5701,1831.5299,1825.0898,1836.4441,1831.5724,1794.7385,1794.7427,1825.0898,9628,1818.1228,1809.8078,1809.805
1839.1932,1836.4768,1794.8422,1831.5084,6,7,23,1802.9725,1831.5762,1831.5815,1831.5774,1831.5138,1829.9805,1839.1908,1831.5793,1802.8941,1802.9022,1829.9805,52892,1820.833,1814.3014,1814.2958
1847.9527,1846.5343,1803.0479,1846.4053,7,7,24,1806.4032,1846.4325,1846.4531,1846.4338,1846.4111,1845.2613,1847.9494,1846.4394,1806.2652,1806.2735,1845.2613,56152,1835.303,1825.0072,1825.0022
1855.4784,1854.1889,1809.9057,1854.0667,6,6,25,1812.6642,1854.0843,1854.1046,1854.0858,1854.071,1853.0278,1855.4742,1854.0895,1812.438,1812.4559,1853.0278,52904,1839.6075,1825.37,1825.3661
1858.6574,1855.5067,1812.6739,1847.83,5,7,26,1816.0507,1854.1064,1854.1131,1854.1082,1847.8368,1846.3984,1858.6539,1854.11,1815.9223,1815.93,1846.3984,9628,1833.9154,1825.6528,1825.6501
1861.6286,1858.6784,1825.2382,1848.6008,4,6,27,1827.4263,1854.1141,1854.119,1854.1153,1848.6036,1847.7895,1861.6242,1854.1166,1827.2974,1827.31,1847.7895,52892,1838.1923,1830.5255,1830.5201
1865.6588,1864.654,1827.4332,1864.579,3,7,28,1831.46,1864.5939,1864.6091,1864.5952,1864.582,1863.702,1865.6571,1864.5987,1831.3912,1831.3985,1863.702,56152,1852.6916,1846.152,1846.1468
1873.6312,1872.9163,1831.5831,1872.8016,2,5,29,1834.3677,1872.8156,1872.8309,1872.8168,1872.8044,1872.2113,1873.6297,1872.8205,1834.1444,1834.1563,1872.2113,9628,1854.7305,1847.6163,1847.6094
1876.2781,1873.643,1834.3802,1865.9809,1,6,30,1836.7438,1872.8323,1872.8373,1872.8337,1865.9871,1865.0806,1876.2751,1872.835,1836.5559,1836.5712,1865.0806,52892,1854.1959,1848.3944,1848.3899
