ffmpeg_write_finished_ms,ffmpeg_write_started_ms,frame_scheduled_ms,future_completed_ms,in_flight_at_ordered,in_flight_at_schedule,index,job_submitted_ms,ordered_output_ms,queue_put_finished_ms,queue_put_started_ms,result_observed_ms,shm_copy_finished_ms,shm_released_ms,shm_view_ready_ms,slot_acquired_ms,submit_started_ms,worker_clear_finished_ms,worker_clear_started_ms,worker_done_ms,worker_pid,worker_render_finished_ms,worker_render_started_ms,worker_started_ms,worker_zero_copy
1262.7578,1261.085,332.6773,1260.8849,8,0,0,584.1993,1260.9024,1260.914,1260.9034,1260.8875,621.9908,1262.7565,1260.9068,332.6995,332.703,586.7565,584.6289,621.9908,50756,621.9908,586.7855,584.5765,True
1357.426,1262.7681,584.2053,1260.8956,7,1,1,821.5354,1260.9164,1260.9201,1260.9173,1260.8964,627.5988,1357.4185,1260.9183,584.2238,584.2284,625.0365,622.1349,627.5988,50756,627.5988,625.045,622.1021,True
1842.408,1357.7223,821.5506,1357.614,8,2,2,1038.5448,1357.6389,1357.6506,1357.6399,1357.6147,1042.9933,1842.3989,1357.6431,821.5975,821.6024,1041.0386,1039.0556,1042.9933,50756,1042.9933,1041.0551,1038.9993,True
1845.5352,1842.4395,1038.5552,1357.5877,7,3,3,1038.9502,1357.6542,1357.6581,1357.6551,1357.5919,1300.1094,1845.5326,1357.6562,1038.598,1038.6034,1263.4561,1261.2848,1300.1094,56356,1300.1094,1263.4895,1261.2111,True
1853.1288,1845.5487,1038.9527,1357.6266,6,4,4,1260.4502,1357.659,1357.6624,1357.6598,1357.6275,1300.1594,1853.1238,1357.6608,1038.9615,1038.9638,1263.7028,1261.5818,1300.1594,6300,1300.1594,1263.7306,1261.5173,True
1856.0104,1853.1496,1260.4626,1357.6327,5,5,5,1260.8093,1357.6632,1357.6664,1357.6639,1357.6334,1266.8308,1856.007,1357.6649,1260.5033,1260.5103,1263.9187,1261.8536,1266.8308,50756,1266.8308,1263.9362,1261.7953,True
1858.5958,1856.0252,1260.8119,1357.6198,4,6,6,1260.8433,1357.6671,1357.6721,1357.6679,1357.6205,1300.3052,1858.5934,1357.6687,1260.8216,1260.8239,1263.9051,1261.8568,1300.3052,11844,1300.3052,1263.9325,1261.8167,True
1861.3136,1858.6128,1260.8448,1357.6077,3,7,7,1260.8692,1357.673,1357.6763,1357.6737,1357.6086,1271.639,1861.3107,1357.6747,1260.8521,1260.854,1269.2234,1267.134,1271.639,50756,1271.639,1269.2326,1266.9542,True
1867.0128,1861.3265,1260.9219,1357.6013,2,6,8,1262.8265,1357.677,1357.6817,1357.6777,1357.6024,1274.47,1867.0097,1357.6788,1262.7875,1262.7913,1271.9974,1271.7702,1274.47,50756,1274.47,1272.0044,1271.7335,True
1869.9136,1867.2692,1262.8294,1867.1875,8,7,9,1357.5496,1867.2024,1867.2147,1867.2036,1867.1884,1362.3365,1869.9114,1867.2062,1357.4776,1357.4863,1358.5662,1358.2803,1362.3365,50756,1362.3365,1358.5867,1358.2062,True
1873.5601,1869.9243,1357.6836,1867.1721,7,1,10,1842.6936,1867.2171,1867.2221,1867.2184,1867.1733,1852.3506,1873.5577,1867.2197,1842.5124,1842.5283,1845.2011,1843.322,1852.3506,56356,1852.3506,1845.2261,1843.2418,True
1875.9484,1873.5716,1842.7013,1867.1582,6,2,11,1845.7926,1867.2231,1867.2275,1867.2243,1867.1618,1852.4993,1875.946,1867.2254,1845.6052,1845.6192,1848.1643,1846.3322,1852.4993,6300,1852.4993,1848.1885,1846.2707,True
1880.2978,1875.9648,1845.8095,1867.1802,5,3,12,1853.3617,1867.2286,1867.2331,1867.2297,1867.1812,1860.6323,1880.2934,1867.2313,1853.2002,1853.2062,1855.9012,1853.994,1860.6323,11844,1860.6323,1855.9321,1853.9308,True
1882.3028,1880.314,1853.3766,1867.1948,4,4,13,1856.1826,1867.234,1867.238,1867.235,1867.1959,1859.9522,1882.2989,1867.2361,1856.0634,1856.0766,1856.9369,1856.6263,1859.9522,50756,1859.9522,1856.9688,1856.5498,True
1887.2937,1882.5848,1856.1895,1882.4809,8,5,14,1858.7121,1882.5227,1882.5338,1882.5237,1882.4838,1871.8456,1887.2911,1882.5268,1858.6501,1858.6567,1863.2918,1859.2371,1871.8456,56356,1871.8456,1863.3124,1859.1557,True
1889.6533,1887.3054,1858.7166,1882.4991,7,6,15,1861.6164,1882.5355,1882.5396,1882.5363,1882.5002,1867.6918,1889.6517,1882.5376,1861.417,1861.4358,1864.0885,1862.2176,1867.6918,6300,1867.6918,1864.1074,1862.0248,True
1891.9737,1889.6623,1861.6231,1882.5163,6,7,16,1867.1167,1882.5406,1882.5439,1882.5413,1882.5171,1871.8588,1891.9714,1882.5424,1867.0563,1867.0628,1868.3296,1867.9802,1871.8588,50756,1871.8588,1868.3538,1867.8651,True
1894.5895,1891.9848,1867.2399,1882.5109,5,3,17,1870.0887,1882.5447,1882.5484,1882.5455,1882.5117,1876.108,1894.5874,1882.547,1869.9676,1869.9774,1872.5395,1870.5851,1876.108,11844,1876.108,1872.5586,1870.501,True
1896.8539,1894.5978,1870.0941,1882.5051,4,4,18,1873.8585,1882.5495,1882.5527,1882.5502,1882.5059,1879.3609,1896.8508,1882.5512,1873.6283,1873.642,1876.357,1874.214,1879.3609,6300,1879.3609,1876.4057,1874.1338,True
1903.933,1896.8673,1873.8676,1882.493,3,5,19,1876.1272,1882.5535,1882.5571,1882.5543,1882.4939,1881.9954,1903.9291,1882.5552,1876.0054,1876.0169,1878.4723,1876.6857,1881.9954,50756,1881.9954,1878.4894,1876.599,True
1906.0248,1904.1781,1876.1329,1904.0948,8,6,20,1880.5162,1904.1121,1904.1224,1904.113,1904.0954,1886.186,1906.0235,1904.1161,1880.3776,1880.3872,1882.9098,1880.8936,1886.186,56356,1886.186,1882.9593,1880.8254,True
1908.0564,1906.0324,1880.5288,1904.0833,7,7,21,1882.4484,1904.1247,1904.1289,1904.1256,1904.0841,1888.5917,1908.0543,1904.1268,1882.4052,1882.4102,1885.1271,1883.2914,1888.5917,11844,1888.5917,1885.1473,1883.1906,True
1910.1296,1908.0642,1882.5586,1904.1063,6,2,22,1887.5196,1904.1299,1904.1331,1904.1307,1904.107,1893.8495,1910.1278,1904.1316,1887.3737,1887.3869,1890.1664,1887.9383,1893.8495,6300,1893.8495,1890.2067,1887.8585,True
1912.3647,1910.1378,1887.5278,1904.077,5,3,23,1889.8392,1904.134,1904.137,1904.1347,1904.0779,1894.2205,1912.363,1904.1356,1889.7199,1889.7309,1890.8673,1890.3921,1894.2205,50756,1894.2205,1890.8951,1890.2968,True
1914.421,1912.3718,1889.8467,1904.0895,4,4,24,1892.4216,1904.1378,1904.141,1904.1385,1904.0902,1899.0825,1914.4178,1904.1396,1892.2437,1892.2556,1894.9113,1892.8221,1899.0825,56356,1899.0825,1894.9333,1892.7231,True
1916.8455,1914.4345,1892.4253,1904.1005,3,5,25,1894.7349,1904.1417,1904.1448,1904.1425,1904.1014,1899.2297,1916.8432,1904.1434,1894.6291,1894.6376,1895.497,1895.1388,1899.2297,11844,1899.2297,1895.5141,1895.0572,True
1929.5061,1916.8545,1894.742,1904.0656,2,6,26,1897.0316,1904.1458,1904.1489,1904.1466,1904.0684,1900.5179,1929.501,1904.1474,1896.9174,1896.9297,1897.8867,1897.5292,1900.5179,6300,1900.5179,1897.9025,1897.4574,True
1931.2552,1929.8216,1897.0379,1929.734,8,7,27,1904.0296,1929.7522,1929.7632,1929.7531,1929.7347,1908.6189,1931.2534,1929.7562,1903.977,1903.9816,1905.236,1904.8482,1908.6189,50756,1908.6189,1905.2657,1904.7507,True
1933.6445,1931.2642,1904.1504,1929.722,7,1,28,1906.1976,1929.7656,1929.7695,1929.7665,1929.7227,1910.5364,1933.6411,1929.7676,1906.0895,1906.0987,1906.8973,1906.5997,1910.5364,56356,1910.5364,1906.91,1906.5189,True
1935.4237,1933.658,1906.206,1929.7395,6,2,29,1908.2143,1929.7705,1929.7738,1929.7713,1929.7402,1912.1604,1935.4217,1929.7723,1908.1124,1908.1198,1909.0679,1908.6978,1912.1604,11844,1912.1604,1909.1003,1908.6066,True
1937.5231,1935.4345,1908.2211,1929.7154,5,3,30,1910.3243,1929.7746,1929.7778,1929.7754,1929.7163,1914.9622,1937.5208,1929.7764,1910.2003,1910.2107,1911.0481,1910.7461,1914.9622,6300,1914.9622,1911.0674,1910.6724,True
1939.6899,1937.5315,1910.3297,1929.7276,4,4,31,1912.5329,1929.7785,1929.7815,1929.7793,1929.7286,1917.0276,1939.6882,1929.7802,1912.4223,1912.4327,1913.1583,1912.847,1917.0276,50756,1917.0276,1913.1703,1912.7903,True
1948.5347,1939.6989,1912.5404,1929.7458,3,5,32,1914.7912,1929.7823,1929.7855,1929.783,1929.7465,1918.6076,1948.5314,1929.784,1914.5015,1914.5162,1915.7101,1915.2437,1918.6076,56356,1918.6076,1915.7372,1915.1558,True
1951.0951,1948.5469,1914.8001,1929.7015,2,6,33,1917.4919,1929.7863,1929.79,1929.7871,1929.7048,1920.3843,1951.0924,1929.7885,1917.0711,1917.0872,1918.0853,1917.8137,1920.3843,11844,1920.3843,1918.1009,1917.7009,True
1952.9005,1951.3467,1917.4961,1951.2291,8,7,34,1929.6521,1951.2758,1951.2876,1951.2768,1951.2325,1934.7055,1952.898,1951.2807,1929.5899,1929.5985,1930.6637,1930.3953,1934.7055,6300,1934.7055,1930.6783,1930.309,True
1955.2421,1952.9101,1929.7914,1951.2503,7,1,35,1931.4627,1951.2894,1951.2935,1951.2903,1951.2511,1936.1541,1955.2403,1951.2916,1931.3201,1931.3311,1932.3713,1931.9281,1936.1541,50756,1936.1541,1932.3957,1931.8113,True
1957.2127,1955.2498,1931.4708,1951.2567,6,2,36,1933.7708,1951.2944,1951.2985,1951.2952,1951.2575,1937.9894,1957.2108,1951.2968,1933.6967,1933.7031,1934.5136,1934.1959,1937.9894,56356,1937.9894,1934.5282,1934.1097,True
1959.2881,1957.2208,1933.7767,1951.2431,5,3,37,1935.5675,1951.2993,1951.3034,1951.3001,1951.2442,1940.0719,1959.2862,1951.3013,1935.4669,1935.4772,1936.4535,1936.1204,1940.0719,11844,1940.0719,1936.4729,1936.0364,True
1961.661,1959.2959,1935.5711,1951.2631,4,4,38,1937.7035,1951.3043,1951.3075,1951.3051,1951.2638,1941.988,1961.6591,1951.306,1937.5806,1937.5922,1938.3226,1938.0242,1941.988,6300,1941.988,1938.3356,1937.9591,True
1963.5716,1961.6688,1937.7125,1951.2694,3,5,39,1939.9414,1951.3086,1951.3123,1951.3094,1951.2702,1946.8342,1963.5692,1951.3106,1939.8098,1939.8211,1940.6319,1940.3383,1946.8342,50756,1946.8342,1940.6426,1940.2534,True
1973.955,1963.8251,1939.9494,1963.7185,8,6,40,1948.7354,1963.7566,1963.7691,1963.7576,1963.7198,1954.3517,1973.9502,1963.7608,1948.6021,1948.615,1949.4372,1949.1286,1954.3517,56356,1954.3517,1949.4565,1949.0556,True
1975.7801,1973.9847,1948.7423,1963.6923,7,7,41,1951.1873,1963.7713,1963.7752,1963.7722,1963.6963,1957.1266,1975.7782,1963.7734,1951.1374,1951.1419,1952.218,1951.881,1957.1266,11844,1957.1266,1952.2398,1951.7997,True
1977.7394,1975.79,1951.3151,1963.7475,6,2,42,1953.1045,1963.7762,1963.7793,1963.7771,1963.7487,1958.6097,1977.7372,1963.7779,1952.9592,1952.9677,1953.9958,1953.5718,1958.6097,6300,1958.6097,1954.0199,1953.4914,True
1979.4158,1977.7487,1953.1124,1963.7383,5,3,43,1955.4071,1963.7803,1963.7834,1963.7811,1963.7394,1959.0796,1979.4138,1963.782,1955.3018,1955.3111,1956.0918,1955.7731,1959.0796,50756,1959.0796,1956.1062,1955.6986,True
1981.7521,1979.4231,1955.4127,1963.7289,4,4,44,1957.4887,1963.7842,1963.7874,1963.785,1963.7302,1960.7849,1981.7504,1963.7859,1957.3179,1957.3291,1958.2976,1957.87,1960.7849,56356,1960.7849,1958.3105,1957.802,True
1983.4155,1981.7608,1957.5007,1963.7083,3,5,45,1959.4128,1963.7882,1963.7915,1963.7889,1963.7099,1962.6012,1983.4122,1963.79,1959.3266,1959.3337,1960.1854,1959.8812,1962.6012,11844,1962.6012,1960.1977,1959.8235,True
1985.58,1983.6395,1959.4182,1983.5704,8,6,46,1961.8275,1983.5937,1983.6041,1983.5946,1983.5722,1965.1867,1985.578,1983.5975,1961.7121,1961.7222,1962.4399,1962.1385,1965.1867,6300,1965.1867,1962.4532,1962.0905,True
1995.7722,1985.5876,1961.8355,1983.581,7,7,47,1963.6509,1983.6059,1983.6098,1983.6068,1983.5823,1969.8262,1995.7675,1983.6079,1963.6049,1963.6095,1964.9886,1964.4342,1969.8262,50756,1969.8262,1965.0014,1964.3549,True
1997.5701,1995.7857,1963.7928,1983.5876,6,2,48,1974.193,1983.6108,1983.614,1983.6116,1983.5883,1978.8389,1997.5675,1983.6125,1974.0478,1974.0624,1975.1219,1974.8461,1978.8389,56356,1978.8389,1975.1351,1974.7405,True
1999.3684,1997.773,1974.2013,1997.6946,8,3,49,1975.9315,1997.7006,1997.7114,1997.7015,1997.6953,1985.8958,1999.3666,1997.7044,1975.8274,1975.8361,1977.1377,1976.5941,1985.8958,11844,1985.8958,1977.1677,1976.4755,True
2001.2433,1999.3767,1975.9384,1983.5511,7,4,50,1977.8862,1997.7276,1997.7324,1997.7289,1983.5553,1982.0774,2001.2414,1997.73,1977.7838,1977.7951,1978.6519,1978.3559,1982.0774,6300,1982.0774,1978.6719,1978.2799,True
2003.7919,2001.251,1977.8939,1997.6644,6,5,51,1979.5945,1997.7335,1997.7368,1997.7343,1997.6675,1983.3386,2003.7883,1997.7352,1979.4725,1979.4833,1980.4112,1980.0514,1983.3386,50756,1983.3386,1980.4311,1979.9886,True
2005.7957,2003.8074,1979.6029,1997.6831,5,6,52,1981.9112,1997.7376,1997.7408,1997.7384,1997.684,1985.238,2005.7935,1997.7393,1981.8001,1981.8098,1982.5428,1982.2637,1985.238,56356,1985.238,1982.5542,1982.2132,True
2007.8302,2005.805,1981.9201,1997.6765,4,7,53,1983.5076,1997.7418,1997.7449,1997.7425,1997.6775,1989.3453,2007.8279,1997.7435,1983.4456,1983.4502,1986.2566,1984.1401,1989.3453,6300,1989.3453,1986.2848,1984.0981,True
2009.7701,2007.8383,1983.6155,1997.689,3,5,54,1985.6756,1997.7456,1997.7493,1997.7464,1997.6897,1993.0609,2009.7682,1997.7477,1985.6182,1985.6249,1988.0232,1986.1636,1993.0609,50756,1993.0609,1988.0397,1986.0985,True
2019.3775,2009.983,1985.6797,2009.8815,8,6,55,1995.9651,2009.9007,2009.9113,2009.9016,2009.8825,2006.2523,2019.3661,2009.9041,1995.8289,1995.8415,1998.7465,1996.7641,2006.2523,56356,2006.2523,1998.7637,1996.6604,True
2021.489,2019.4265,1995.9728,2009.868,7,7,56,1997.6348,2009.9136,2009.9187,2009.9145,2009.8717,2004.0982,2021.4869,2009.9167,1997.6016,1997.605,2000.5852,1998.2596,2004.0982,11844,2004.0982,2000.6038,1998.1823,True
2023.8714,2021.4991,1997.751,2009.8946,6,2,57,1999.5352,2009.9201,2009.9237,2009.9208,2009.8953,2005.4258,2023.8689,2009.9219,1999.42,1999.4279,2002.3466,2000.1371,2005.4258,6300,2005.4258,2002.3686,2000.0562,True
2025.7625,2023.8869,1999.542,2009.8886,5,3,58,2001.3957,2009.9253,2009.9291,2009.9261,2009.8894,2005.4546,2025.7602,2009.9275,2001.2922,2001.3007,2002.2977,2001.8824,2005.4546,50756,2005.4546,2002.3257,2001.7792,True
2028.1637,2025.9799,2001.4012,2025.9064,8,4,59,2003.9646,2025.9185,2025.9321,2025.9194,2025.9073,2009.8777,2028.1622,2025.9243,2003.8507,2003.8596,2006.2858,2004.3341,2009.8777,11844,2009.8777,2006.2988,2004.2894,True
2030.438,2028.1714,2003.9741,2025.8996,7,5,60,2006.0179,2025.9344,2025.9386,2025.9353,2025.9008,2012.8947,2030.4359,2025.9368,2005.9139,2005.9285,2006.9937,2006.499,2012.8947,6300,2012.8947,2007.0041,2006.4411,True
2032.5083,2030.4489,2006.0229,2025.9124,6,6,61,2008.0013,2025.9399,2025.9437,2025.9407,2025.9132,2011.6605,2032.5066,2025.942,2007.8923,2007.9011,2008.6426,2008.3361,2011.6605,50756,2011.6605,2008.6548,2008.2784,True
2043.432,2032.5157,2008.0088,2025.8811,5,7,62,2009.8321,2025.9446,2025.9482,2025.9454,2025.8871,2013.6755,2043.427,2025.9465,2009.7959,2009.8,2010.9145,2010.5862,2013.6755,56356,2013.6755,2010.9286,2010.4747,True
2045.4034,2043.7674,2009.9352,2043.6571,8,4,63,2019.8049,2043.6751,2043.6917,2043.6762,2043.6578,2026.526,2045.4011,2043.6819,2019.5822,2019.6143,2022.6842,2020.4783,2026.526,11844,2026.526,2022.7058,2020.3642,True
2047.9924,2045.4122,2019.8112,2043.6238,7,5,64,2021.7661,2043.6947,2043.7002,2043.6959,2043.6271,2030.9825,2047.9892,2043.6979,2021.5836,2021.606,2022.5051,2022.0936,2030.9825,50756,2030.9825,2022.5316,2022.0308,True
2049.7129,2048.009,2021.7696,2043.6373,6,6,65,2024.0347,2043.7013,2043.7057,2043.7022,2043.6384,2028.6025,2049.7097,2043.704,2023.9264,2023.9354,2024.8787,2024.5449,2028.6025,6300,2028.6025,2024.9002,2024.4709,True
2051.9582,2049.7224,2024.0423,2043.6515,5,7,66,2025.8335,2043.7071,2043.7112,2043.7079,2043.6523,2030.8243,2051.9557,2043.7095,2025.7945,2025.7984,2027.0295,2026.6064,2030.8243,56356,2030.8243,2027.0533,2026.5005,True
2054.0322,2051.9673,2025.9498,2043.6452,4,4,67,2028.3556,2043.7123,2043.7166,2043.7132,2043.646,2032.8409,2054.0303,2043.7149,2028.2221,2028.2317,2029.1021,2028.7594,2032.8409,11844,2032.8409,2029.1116,2028.7035,True
2056.1429,2054.0415,2028.3656,2043.6631,3,5,68,2030.6823,2043.7175,2043.721,2043.7183,2043.6637,2034.3615,2056.1411,2043.7194,2030.5037,2030.5157,2031.4423,2031.1424,2034.3615,6300,2034.3615,2031.4557,2031.079,True
2066.9169,2056.1509,2030.6969,2043.6684,2,6,69,2032.7331,2043.7219,2043.7253,2043.7227,2043.6691,2039.7488,2066.9107,2043.7238,2032.5823,2032.5939,2034.9487,2033.219,2039.7488,56356,2039.7488,2034.9619,2033.1166,True
2068.7241,2067.2252,2032.7458,2067.1208,8,7,70,2043.5741,2067.1478,2067.1632,2067.1489,2067.1215,2050.1244,2068.7223,2067.1553,2043.4897,2043.4958,2044.7236,2044.3768,2050.1244,50756,2050.1244,2044.7459,2044.28,True
2070.777,2068.7335,2043.727,2067.0891,7,1,71,2045.6205,2067.1665,2067.1712,2067.1675,2067.093,2051.4635,2070.7751,2067.1686,2045.4703,2045.4855,2046.517,2046.1319,2051.4635,11844,2051.4635,2046.5626,2046.0152,True
2072.8533,2070.7872,2045.6275,2067.1145,6,2,72,2048.1789,2067.1727,2067.1763,2067.1735,2067.1153,2055.0121,2072.8511,2067.1747,2048.0668,2048.0758,2050.2555,2048.5226,2055.0121,6300,2055.0121,2050.2661,2048.4871,True
2075.2597,2072.8626,2048.1849,2067.1066,5,3,73,2049.8896,2067.1773,2067.1807,2067.178,2067.1077,2062.6796,2075.257,2067.1791,2049.765,2049.7761,2052.5158,2050.5418,2062.6796,56356,2062.6796,2052.5547,2050.433,True
2077.2142,2075.269,2049.8969,2067.1324,4,4,74,2052.1381,2067.1813,2067.1846,2067.1821,2067.1335,2056.4761,2077.2119,2067.1831,2052.0211,2052.0332,2052.7806,2052.4856,2056.4761,50756,2056.4761,2052.7916,2052.426,True
2087.6258,2077.2238,2052.1471,2067.1385,3,5,75,2054.1744,2067.1853,2067.1887,2067.1861,2067.1393,2057.9615,2087.6216,2067.1872,2054.0775,2054.0869,2054.9723,2054.6384,2057.9615,11844,2057.9615,2054.9839,2054.5455,True
2089.4983,2087.6389,2054.1812,2067.1269,2,6,76,2056.5233,2067.1895,2067.1928,2067.1903,2067.1276,2059.927,2089.4966,2067.1913,2056.3245,2056.3424,2057.4021,2057.113,2059.927,6300,2059.927,2057.4124,2057.0643,True
2091.8481,2090.3432,2056.5268,2090.1035,8,7,77,2067.0385,2090.1214,2090.1361,2090.1224,2090.1045,2071.8942,2091.8427,2090.128,2066.9845,2066.9926,2068.2036,2067.9409,2071.8942,50756,2071.8942,2068.2173,2067.865,True
2093.5568,2091.8679,2067.1946,2090.0969,7,1,78,2068.8665,2090.1388,2090.1441,2090.1396,2090.0979,2073.3554,2093.5545,2090.1418,2068.7684,2068.779,2069.6303,2069.2859,2073.3554,11844,2073.3554,2069.6795,2069.2139,True
2096.0903,2093.5661,2068.874,2090.1148,6,2,79,2070.9451,2090.1454,2090.1495,2090.1463,2090.1158,2074.8107,2096.0877,2090.1474,2070.8299,2070.8429,2071.7745,2071.3776,2074.8107,6300,2074.8107,2071.8015,2071.2871,True
2097.891,2096.1022,2070.9513,2090.0888,5,3,80,2072.9925,2090.2146,2090.2226,2090.2164,2090.0902,2077.6304,2097.8892,2090.2195,2072.8935,2072.9028,2073.8015,2073.4718,2077.6304,56356,2077.6304,2073.818,2073.37,True
2100.2138,2097.8991,2072.9993,2090.0722,4,4,81,2075.5407,2090.2245,2090.2291,2090.2259,2090.076,2079.3501,2100.212,2090.2272,2075.4235,2075.4405,2076.1608,2075.8338,2079.3501,50756,2079.3501,2076.1738,2075.771,True
2102.0607,2100.222,2075.5445,2090.1094,3,5,82,2077.3153,2090.23,2090.2348,2090.2318,2090.1102,2082.5673,2102.0575,2090.2331,2077.2576,2077.2657,2079.7497,2077.96,2082.5673,11844,2082.5673,2079.7712,2077.8784,True
2111.9669,2102.313,2077.3189,2102.2271,8,6,83,2087.8508,2102.2442,2102.259,2102.2451,2102.2279,2092.0283,2111.9603,2102.2492,2087.6923,2087.7057,2088.8153,2088.5111,2092.0283,6300,2092.0283,2088.8335,2088.3966,True
2113.925,2111.9977,2087.8569,2102.2199,7,7,84,2089.9763,2102.2612,2102.2651,2102.2621,2102.2213,2100.0697,2113.9231,2102.2633,2089.8511,2089.8546,2091.5221,2091.0491,2100.0697,56356,2100.0697,2091.5449,2090.9651,True
2116.0102,2113.9351,2090.2391,2102.19,6,2,85,2091.9533,2102.2662,2102.2698,2102.2671,2102.1945,2096.1016,2116.0081,2102.2683,2091.9054,2091.9112,2092.724,2092.33,2096.1016,50756,2096.1016,2092.7444,2092.2305,True
2117.7757,2116.021,2091.9561,2102.2328,5,3,86,2093.7271,2102.2705,2102.2742,2102.2714,2102.2335,2098.162,2117.7741,2102.2727,2093.616,2093.6267,2094.4767,2094.1222,2098.162,11844,2098.162,2094.5011,2094.0377,True
2119.9535,2117.7841,2093.7328,2102.209,4,4,87,2096.2793,2102.275,2102.2784,2102.2758,2102.2108,2100.5049,2119.9515,2102.2769,2096.1571,2096.1694,2096.9725,2096.6809,2100.5049,6300,2100.5049,2096.9833,2096.6287,True
2122.0392,2119.9616,2096.2872,2102.2385,3,5,88,2098.0954,2102.2791,2102.283,2102.2798,2102.2391,2101.635,2122.0367,2102.281,2097.9559,2097.9685,2099.0716,2098.6393,2101.635,50756,2101.635,2099.0829,2098.56,True
2123.8903,2122.2521,2098.1057,2122.1684,8,6,89,2100.4462,2122.183,2122.1983,2122.1843,2122.1702,2104.1767,2123.8878,2122.1897,2100.3475,2100.3565,2101.0371,2100.7423,2104.1767,11844,2104.1767,2101.0455,2100.6914,True
2134.1815,2123.9023,2100.4515,2122.1593,7,7,90,2102.1491,2122.2011,2122.2062,2122.202,2122.1612,2107.7854,2134.1724,2122.2039,2102.0996,2102.1054,2103.3318,2102.9676,2107.7854,56356,2107.7854,2103.3404,2102.8873,True
2135.9972,2134.2067,2102.285,2122.1751,6,2,91,2112.2712,2122.2075,2122.2115,2122.2083,2122.176,2116.8888,2135.9945,2122.2094,2112.0611,2112.0762,2113.2199,2112.9589,2116.8888,6300,2116.8888,2113.2377,2112.842,True
2144.422,2136.4432,2112.2787,2136.2423,8,3,92,2114.0233,2136.2484,2136.2586,2136.2493,2136.2431,2126.737,2144.4184,2136.2519,2113.9656,2113.9741,2119.1091,2115.0487,2126.737,50756,2126.737,2119.1691,2114.8532,True
2146.525,2144.4438,2114.0277,2122.1417,7,4,93,2116.1967,2136.2604,2136.2956,2136.2913,2122.1461,2119.6772,2146.5178,2136.2931,2116.0727,2116.0841,2116.8119,2116.5313,2119.6772,11844,2119.6772,2116.8239,2116.481,True
2149.213,2146.5595,2116.2043,2136.2247,6,5,94,2117.871,2136.2968,2136.3001,2136.2977,2136.2258,2122.4225,2149.208,2136.2986,2117.819,2117.8259,2118.7799,2118.4518,2122.4225,56356,2122.4225,2118.8024,2118.3602,True
2151.5418,2149.2372,2117.8743,2136.212,5,6,95,2120.098,2136.3011,2136.3045,2136.3019,2136.2154,2124.0324,2151.5376,2136.303,2120.0001,2120.0097,2120.7134,2120.4168,2124.0324,6300,2124.0324,2120.7261,2120.3694,True
2154.0179,2151.5587,2120.1035,2136.2311,4,7,96,2122.1046,2136.3053,2136.3091,2136.3061,2136.232,2125.6404,2154.0123,2136.3071,2122.0665,2122.0721,2123.0864,2122.765,2125.6404,11844,2125.6404,2123.1025,2122.6967,True
2156.5221,2154.0442,2122.2139,2136.2368,3,5,97,2123.9765,2136.3099,2136.3133,2136.3107,2136.2376,2126.9449,2156.5178,2136.3117,2123.9317,2123.9374,2124.6139,2124.2845,2126.9449,56356,2126.9449,2124.6342,2124.2414,True
2158.6629,2156.5366,2123.9801,2138.9184,2,6,98,2134.4384,2138.9323,2138.9402,2138.9335,2138.9223,2138.7028,2158.6613,2138.9358,2134.2704,2134.2832,2135.2051,2134.9538,2138.7028,6300,2138.7028,2135.2204,2134.8703,True
2160.6819,2158.6697,2134.4473,2141.5706,1,7,99,2136.1397,2141.5838,2141.5914,2141.5849,2141.5732,2141.3566,2160.68,2141.5875,2136.0923,2136.0959,2137.6182,2137.3737,2141.3566,11844,2141.3566,2137.6385,2137.3019,True
